model,seed,generation,best_rmse_m,median_rmse_m,mean_rmse_m
T-IDM,42,0,0.307533089848366,3.03578213627666,3.306244655371609
T-IDM,42,1,0.26013226007689944,1.5609327757201101,1.7837025892519043
T-IDM,42,2,0.26013226007689944,0.8930520935552995,1.2565020613280629
T-IDM,42,3,0.26013226007689944,0.5645690079558603,0.8160706237383202
T-IDM,42,4,0.26013226007689944,0.5220498795943457,0.6874787925464123
T-IDM,42,5,0.26013226007689944,0.5250299020648399,0.8053773329784949
T-IDM,42,6,0.26013226007689944,0.3869993306573552,0.6037173628337678
T-IDM,42,7,0.26013226007689944,0.4052968030095443,0.5981637956101767
T-IDM,42,8,0.25828191478921775,0.3151513890371117,0.5741862216763033
T-IDM,42,9,0.25607674531128305,0.27417970509916767,0.4294671735374926
T-IDM,42,10,0.25607674531128305,0.2609673540418823,0.2991252723939734
T-IDM,42,11,0.25607674531128305,0.26013226007689944,0.2799619787214365
T-IDM,42,12,0.25601147584652023,0.26013226007689944,0.26671212634655944
T-IDM,42,13,0.25601147584652023,0.26021418113242123,0.2742768147448464
T-IDM,42,14,0.25601147584652023,0.25796798603242754,0.27429691403304496
T-IDM,42,15,0.25601147584652023,0.25683529590669557,0.29067090931398615
T-IDM,42,16,0.25601147584652023,0.25607674531128305,0.26942910946324355
T-IDM,42,17,0.25583699435027857,0.25607674531128305,0.2617051879376314
T-IDM,42,18,0.25583699435027857,0.25601147584652023,0.27880561796399106
T-IDM,42,19,0.25583699435027857,0.25601147584652023,0.27522394090838725
T-IDM,42,20,0.25581149912226775,0.25601147584652023,0.27772013843860965
T-IDM,42,21,0.25581149912226775,0.2559651289686501,0.2667327137149151
T-IDM,42,22,0.25581149912226775,0.2558629621617007,0.2635038027471238
T-IDM,42,23,0.25488262817364515,0.25583699435027857,0.2593308411656473
T-IDM,42,24,0.25488262817364515,0.2558361344449519,0.2621577112723258
T-IDM,42,25,0.25481758883344297,0.25581149912226775,0.2627975387757504
T-IDM,42,26,0.25481758883344297,0.2558038888043234,0.26642129141851817
T-IDM,42,27,0.2531342062923698,0.25539516112936733,0.2760125866090166
T-IDM,42,28,0.2531342062923698,0.2549544804372018,0.2607636422549094
T-IDM,42,29,0.25293854377277813,0.25488262817364515,0.2613493067619405
T-IDM,42,30,0.25293854377277813,0.25481758883344297,0.30363854953441116
T-IDM,42,31,0.2508710254031148,0.25481758883344297,0.2711571358710561
T-IDM,42,32,0.2508710254031148,0.25481758883344297,0.2630432003293787
T-IDM,42,33,0.24963168888139867,0.2547254557648031,0.27269783967370814
T-IDM,42,34,0.24963168888139867,0.25352810155445393,0.27123099177034854
T-IDM,42,35,0.2494989677431411,0.2530975142366511,0.2794013032539851
T-IDM,42,36,0.24949640896235278,0.2508710254031148,0.26537443854790227
T-IDM,42,37,0.24918938440237473,0.25020778471023475,0.2562022956797767
T-IDM,42,38,0.24918938440237473,0.24977700227797472,0.2569579596560527
T-IDM,42,39,0.24891219977470422,0.24977700227797472,0.26038890340573945
T-IDM,42,40,0.24795427982795615,0.24963168888139867,0.2683376242018258
T-IDM,42,41,0.24795427982795615,0.24984552967724882,0.25573425686710916
T-IDM,42,42,0.24795427982795615,0.2494989677431411,0.2573109881472621
T-IDM,42,43,0.24795427982795615,0.24906329998361582,0.2634340718879435
T-IDM,42,44,0.24770020394403935,0.24874877887546834,0.2659601049147104
T-IDM,42,45,0.24770020394403935,0.24850800264134257,0.26656491261196286
T-IDM,42,46,0.24770020394403935,0.24849132263098167,0.255405333535193
T-IDM,42,47,0.24743717080731611,0.24849132263098167,0.2516817889198044
T-IDM,42,48,0.24743717080731611,0.24795427982795615,0.26061599554088566
T-IDM,42,49,0.24743717080731611,0.24770020394403935,0.25830834443516487
T-IDM,42,50,0.24738617584638753,0.24770020394403935,0.3016234420808349
T-IDM,42,51,0.24738617584638753,0.24745617937381753,0.2604014114023643
T-IDM,42,52,0.24631670273254871,0.24743717080731611,0.2601554670619582
T-IDM,42,53,0.24631670273254871,0.24743717080731611,0.2523343966128455
T-IDM,42,54,0.2380280705185173,0.2474203141812785,0.2543460618776998
T-IDM,42,55,0.2359715589409227,0.2471818930354651,0.2593550453873123
T-IDM,42,56,0.2359715589409227,0.2471818930354651,0.30854574077290625
T-IDM,42,57,0.23305755267180756,0.24725999506812574,0.2918488097586174
T-IDM,42,58,0.23305755267180756,0.24713840305789636,0.2760570035687479
T-IDM,42,59,0.23272955190638958,0.24705638326005253,0.2879331967179745
T-IDM,42,60,0.23272955190638958,0.24705638326005253,0.30631173255395067
T-IDM,42,61,0.23272955190638958,0.24705638326005253,0.2870651675999014
T-IDM,42,62,0.23272955190638958,0.24699751196240677,0.2866424462007487
T-IDM,42,63,0.23272955190638958,0.23642268360988936,0.26783710856573445
T-IDM,42,64,0.2327185348760388,0.23305755267180756,0.23744023729798408
T-IDM,42,65,0.2327185348760388,0.23272955190638958,0.25659021466951626
T-IDM,42,66,0.22712744379259223,0.23272955190638958,0.23801342541412068
T-IDM,42,67,0.22712744379259223,0.23272955190638958,0.24320711062800257
T-IDM,42,68,0.22712744379259223,0.2327188208210219,0.25514679755165787
T-IDM,42,69,0.22712744379259223,0.2327185348760388,0.2703510672401038
T-IDM,42,70,0.2271069820641337,0.2327185348760388,0.24522925232563308
T-IDM,42,71,0.2265972777371524,0.2327185348760388,0.2528060561701035
T-IDM,42,72,0.2265972777371524,0.23270116330405458,0.24044080325976705
T-IDM,42,73,0.2265972777371524,0.23269404536205077,0.2376839333270425
T-IDM,42,74,0.2265972777371524,0.23269404536205077,0.24608805294602729
T-IDM,42,75,0.22441808535876404,0.23261350556102328,0.25104076274935727
T-IDM,42,76,0.22441808535876404,0.23250823036694168,0.24478719527661472
T-IDM,42,77,0.22441808535876404,0.23266101775512782,0.2588951062595957
T-IDM,42,78,0.22441808535876404,0.2292536259077987,0.24699225958018467
T-IDM,42,79,0.22441715653959904,0.22713299337283385,0.2511304400355967
T-IDM,42,80,0.22427071952729635,0.22490785201452873,0.23748495832738328
T-IDM,43,0,0.3019913544589333,3.0808312285283526,3.3241475177441178
T-IDM,43,1,0.25710366684394764,1.5351289645755892,1.86915832703736
T-IDM,43,2,0.25710366684394764,1.0124669602178036,1.4191625111770876
T-IDM,43,3,0.24310781012999438,0.6351753877333337,1.1392755233722351
T-IDM,43,4,0.23742706968596256,0.5488842722875432,0.8186992197728425
T-IDM,43,5,0.23742706968596256,0.5537959161972651,0.9725133271216836
T-IDM,43,6,0.23742706968596256,0.37948391584981317,0.6513727664155708
T-IDM,43,7,0.23742706968596256,0.3924621093760224,0.7851832374910438
T-IDM,43,8,0.23742706968596256,0.3216153070837885,0.6219341689223638
T-IDM,43,9,0.23742706968596256,0.328662762520457,0.6067942565693196
T-IDM,43,10,0.23742706968596256,0.2933870751875046,0.5406518169357475
T-IDM,43,11,0.23742706968596256,0.2622452626034696,0.4019785771271616
T-IDM,43,12,0.23742706968596256,0.25973943841742175,0.2988936397428297
T-IDM,43,13,0.2373260729855761,0.2481908475036908,0.285465178572181
T-IDM,43,14,0.23164616916656186,0.24630752472486497,0.2755782151197571
T-IDM,43,15,0.23164616916656186,0.24450361628454703,0.2853582959417138
T-IDM,43,16,0.22961424974413663,0.24229337683038588,0.2640862953672016
T-IDM,43,17,0.2280134747395255,0.24212960604979422,0.26900643626080184
T-IDM,43,18,0.22624940830761506,0.2421183116495687,0.2659285565379476
T-IDM,43,19,0.22624940830761506,0.2421183116495687,0.2811310892030748
T-IDM,43,20,0.22624940830761506,0.2421183116495687,0.2744144558968204
T-IDM,43,21,0.22624940830761506,0.2549200363060339,0.30687014522685874
T-IDM,43,22,0.22608905012544084,0.23622684582927916,0.2676666600978099
T-IDM,43,23,0.22608905012544084,0.2280134747395255,0.24913942369401487
T-IDM,43,24,0.22588387132360987,0.22624940830761506,0.24049092509525283
T-IDM,43,25,0.22588387132360987,0.22624940830761506,0.24305407910787527
T-IDM,43,26,0.22588387132360987,0.22608905012544084,0.23159387362535522
T-IDM,43,27,0.225863764322723,0.22608905012544084,0.24317111939894137
T-IDM,43,28,0.22580086795841578,0.2260859344742388,0.24049332834694073
T-IDM,43,29,0.22580086795841578,0.22590515703325564,0.24434269024226304
T-IDM,43,30,0.22573262321997795,0.22588387132360987,0.23113267186279213
T-IDM,43,31,0.22573235528760507,0.2258385525948295,0.23138579852975968
T-IDM,43,32,0.22570172434893598,0.22578530557248858,0.2416756993570417
T-IDM,43,33,0.22570172434893598,0.22573262321997795,0.234612531900213
T-IDM,43,34,0.22566118569218135,0.22573262321997795,0.23339950250403507
T-IDM,43,35,0.22561309815540237,0.22573135510311995,0.23434169338173333
T-IDM,43,36,0.22561309815540237,0.22570172434893598,0.23063036193499362
T-IDM,43,37,0.22561040796346085,0.225655160275083,0.23504235103342475
T-IDM,43,38,0.22561040796346085,0.22562468961157553,0.23705422164709972
T-IDM,43,39,0.2241913483011754,0.22561309815540237,0.23687547535941428
T-IDM,43,40,0.2241913483011754,0.22561309815540237,0.2299628094479259
T-IDM,43,41,0.2241913483011754,0.2256105019882363,0.2362751104710326
T-IDM,43,42,0.2241370033587264,0.22561040796346085,0.24985747835183486
T-IDM,43,43,0.22195366006970288,0.22561040796346085,0.23486676279443539
T-IDM,43,44,0.2218768296719377,0.2256082244065219,0.24215957239143607
T-IDM,43,45,0.2218768296719377,0.2256082244065219,0.25473665971848897
T-IDM,43,46,0.2218768296719377,0.2256082244065219,0.26772084609097224
T-IDM,43,47,0.21986321979799944,0.22414172611419347,0.2400465768356689
T-IDM,43,48,0.21986321979799944,0.22315144899592176,0.24594369857994816
T-IDM,43,49,0.2176641302853223,0.2225126699665037,0.2365160736762161
T-IDM,43,50,0.2176641302853223,0.2218768296719377,0.2306080278572698
T-IDM,43,51,0.2175497415895012,0.21986321979799944,0.23802174853244001
T-IDM,43,52,0.2175497415895012,0.21986317025873697,0.2324946384870811
T-IDM,43,53,0.2169847679980113,0.21959661692275878,0.23360527257030422
T-IDM,43,54,0.2169847679980113,0.21769503574508872,0.23756809836393583
T-IDM,43,55,0.2169847679980113,0.2176641302853223,0.23545020519391113
T-IDM,43,56,0.21513596254628337,0.2175497415895012,0.22727268933667644
T-IDM,43,57,0.21442103828879924,0.2175497415895012,0.2341940469378343
T-IDM,43,58,0.21441513589284003,0.2175497415895012,0.25742158558298067
T-IDM,43,59,0.21441513589284003,0.2176641302853223,0.23529147726657396
T-IDM,43,60,0.21441262194306174,0.2175978212396134,0.24402284559367776
T-IDM,43,61,0.21401812929708441,0.21755526473116354,0.23553775611845126
T-IDM,43,62,0.21401812929708441,0.21677545859177066,0.23248946333274795
T-IDM,43,63,0.21390557605753702,0.21441513589284003,0.23168739813890504
T-IDM,43,64,0.21366950440397084,0.21441456743576404,0.2217842859108697
T-IDM,43,65,0.21366950440397084,0.21401815789683398,0.22503703307964718
T-IDM,43,66,0.21366950440397084,0.21390558007497928,0.22999324126214965
T-IDM,43,67,0.21359101306299175,0.21390557605753702,0.2263177620732847
T-IDM,43,68,0.21358909269491846,0.2136695304941292,0.2235688004325828
T-IDM,43,69,0.21345063214464643,0.21366950440397084,0.22344199915873525
T-IDM,43,70,0.2134410308611732,0.21366950440397084,0.21767135403395974
T-IDM,43,71,0.2133879876487587,0.21358909269491846,0.23106700814878564
T-IDM,43,72,0.2133692468669151,0.21350946994022396,0.21907494179605216
T-IDM,43,73,0.2133304522128248,0.21345942690566902,0.2242337793530328
T-IDM,43,74,0.2133304522128248,0.21342324956471992,0.2327635359434289
T-IDM,43,75,0.21332347025846546,0.2133879876487587,0.2190882579436373
T-IDM,43,76,0.21329753432595794,0.21338253995175316,0.2220034407969829
T-IDM,43,77,0.21313108086287005,0.2133577182832577,0.2201330545456407
T-IDM,43,78,0.21313108086287005,0.2133304522128248,0.21880879658723565
T-IDM,43,79,0.21313108086287005,0.21332254922599858,0.21728448801616962
T-IDM,43,80,0.21312946811061864,0.21330337256154938,0.225591702331449
T-IDM,44,0,0.3285577384688439,2.8825207902260788,3.3578487862210067
T-IDM,44,1,0.28131251329372425,1.5338207203367822,1.952355004977712
T-IDM,44,2,0.28131251329372425,1.1396432699169685,1.3022144008908703
T-IDM,44,3,0.2654610430716161,0.7636296827173483,1.1019852367527248
T-IDM,44,4,0.2654610430716161,0.556519649728173,0.8045261789157329
T-IDM,44,5,0.25833425368370366,0.6077836881003673,0.9180960051314263
T-IDM,44,6,0.24728904922270714,0.553577700905554,1.1238649663137195
T-IDM,44,7,0.24728904922270714,0.5344899496078667,1.0613235144204418
T-IDM,44,8,0.24657132593563208,0.49625588541022825,0.9387552493479628
T-IDM,44,9,0.24651488448756104,0.3638615793619949,0.6046563112759129
T-IDM,44,10,0.24534797000075548,0.33572148637953264,0.4705982717653581
T-IDM,44,11,0.23881674495080496,0.2828369382541147,0.3331129444391012
T-IDM,44,12,0.23833266025925537,0.25717069550832206,0.2993598973602608
T-IDM,44,13,0.2378663401045998,0.256650518514128,0.28746270389951173
T-IDM,44,14,0.2378663401045998,0.25403359087432187,0.2841789392812315
T-IDM,44,15,0.23674513701603214,0.24830181453830938,0.2713890159808451
T-IDM,44,16,0.23667417447889735,0.24654714402171424,0.2614010625529601
T-IDM,44,17,0.23667417447889735,0.24223048140559283,0.2507835790248404
T-IDM,44,18,0.2340403538848856,0.2384369617842293,0.25249363674582254
T-IDM,44,19,0.2340403538848856,0.2370633971987362,0.2488428762850782
T-IDM,44,20,0.2340403538848856,0.2370633971987362,0.23964315047466297
T-IDM,44,21,0.2340403538848856,0.23674513701603214,0.24138770902813597
T-IDM,44,22,0.2340403538848856,0.23674513701603214,0.2460007663692385
T-IDM,44,23,0.2340403538848856,0.23674513701603214,0.23857916124786183
T-IDM,44,24,0.23337493168223408,0.23666286247715076,0.2475253862637087
T-IDM,44,25,0.23337493168223408,0.23610955839847683,0.2410781850500703
T-IDM,44,26,0.23337493168223408,0.23558173697163046,0.24536273176608345
T-IDM,44,27,0.2317077420624478,0.2340403538848856,0.24327162167712216
T-IDM,44,28,0.2316519881669263,0.2340403538848856,0.23877819792866006
T-IDM,44,29,0.2316519881669263,0.23394544814798218,0.24463720706133196
T-IDM,44,30,0.2315325334513448,0.23337493168223408,0.23927299885887532
T-IDM,44,31,0.2315325334513448,0.23318127085580104,0.2370739990357904
T-IDM,44,32,0.2315325334513448,0.2317077420624478,0.24465061871395435
T-IDM,44,33,0.2315325334513448,0.23163071573999786,0.2480334331415282
T-IDM,44,34,0.23083864050523245,0.23162167938926576,0.23784496822768145
T-IDM,44,35,0.23083864050523245,0.23161264303853366,0.2532692553887803
T-IDM,44,36,0.23083864050523245,0.2315325334513448,0.23379050213534122
T-IDM,44,37,0.23083864050523245,0.2315325334513448,0.2399505918815041
T-IDM,44,38,0.2301430179329381,0.2315163741178753,0.23803881343462785
T-IDM,44,39,0.2301430179329381,0.23083864050523245,0.23761763524229468
T-IDM,44,40,0.22981059656074657,0.23083864050523245,0.24021990001616114
T-IDM,44,41,0.22981059656074657,0.23046980524794972,0.249016433926512
T-IDM,44,42,0.22981059656074657,0.23015006334766244,0.23636540103411083
T-IDM,44,43,0.22976274051403478,0.2301430179329381,0.24064542067549044
T-IDM,44,44,0.22976274051403478,0.23008161545640785,0.23944942896321555
T-IDM,44,45,0.2297561824945852,0.22988381194012705,0.23600253688192013
T-IDM,44,46,0.2297561824945852,0.22976274051403478,0.2346478420499345
T-IDM,44,47,0.22973935947079072,0.22976274051403478,0.2420533475773065
T-IDM,44,48,0.22973393817977014,0.22976274051403478,0.23905786071767843
T-IDM,44,49,0.22973393817977014,0.2297584052366965,0.23841550590117955
T-IDM,44,50,0.22971194738145925,0.2297561824945852,0.23597356642552791
T-IDM,44,51,0.22971158743418302,0.22973935947079072,0.23698147057649666
T-IDM,44,52,0.22966819918305853,0.22973935947079072,0.24819410950096354
T-IDM,44,53,0.22966819918305853,0.22971970419479512,0.2450132365313799
T-IDM,44,54,0.22966819918305853,0.22971194738145925,0.24424873586167611
T-IDM,44,55,0.22966819918305853,0.22968778060631154,0.24082278397694862
T-IDM,44,56,0.22966819918305853,0.2296859388430388,0.23246268722206115
T-IDM,44,57,0.22966819918305853,0.22966819918305853,0.23066697144294487
T-IDM,44,58,0.22966733373045314,0.22966819918305853,0.23745292942000348
T-IDM,44,59,0.22966733373045314,0.22966819918305853,0.25060179869694904
T-IDM,44,60,0.22966733373045314,0.22966819918305853,0.23484026948981365
T-IDM,44,61,0.22966733373045314,0.22966819918305853,0.24175828177350994
T-IDM,44,62,0.22966733373045314,0.22966733373045314,0.2367643024263637
T-IDM,44,63,0.22966733373045314,0.22966733373045314,0.23580909299500477
T-IDM,44,64,0.22966687166314326,0.22966733373045314,0.23912856639540414
T-IDM,44,65,0.22966687166314326,0.22966733373045314,0.25649407207159475
T-IDM,44,66,0.22966677523370596,0.22966733373045314,0.23822126023647325
T-IDM,44,67,0.22966677523370596,0.2296673225856833,0.23998595937347914
T-IDM,44,68,0.22964991364595133,0.22966687166314326,0.24181377547523386
T-IDM,44,69,0.22964985827944456,0.22966686055113678,0.24051825223272325
T-IDM,44,70,0.2296494317850977,0.22966677523370596,0.2397299069885309
T-IDM,44,71,0.2296134504114775,0.2296667510289494,0.24182232838457016
T-IDM,44,72,0.22961344107138756,0.22964986341054544,0.24068985688381933
T-IDM,44,73,0.22961344107138756,0.22964985827944456,0.23150154820404553
T-IDM,44,74,0.22928444088741193,0.22964983885378976,0.24291208400268974
T-IDM,44,75,0.2290226744178095,0.2296134504114775,0.23991327212321115
T-IDM,44,76,0.22902266705873794,0.22961344107138756,0.23501550594231213
T-IDM,44,77,0.2276724477229688,0.22961344107138756,0.23811241221554905
T-IDM,44,78,0.2276724477229688,0.22961344107138756,0.23775456144363993
T-IDM,44,79,0.2276724477229688,0.22961344107138756,0.23814719865840783
T-IDM,44,80,0.2276724477229688,0.2296364453153994,0.23761899593094837
T-IDM,45,0,0.26261854393341716,3.3115462785578598,3.305467249200358
T-IDM,45,1,0.2615502297645788,1.3965100135648847,1.7848522086138063
T-IDM,45,2,0.2304389359049564,0.6749026018317392,1.019518781762462
T-IDM,45,3,0.2304389359049564,0.6415582946385417,0.85247000640802
T-IDM,45,4,0.2304389359049564,0.5959893872920776,0.9690978116698983
T-IDM,45,5,0.22988476399440944,0.35222622793647157,0.7188645319082346
T-IDM,45,6,0.22790427497556973,0.2860261566256771,0.40851676555685557
T-IDM,45,7,0.22790427497556973,0.2583460492674603,0.45313597510721637
T-IDM,45,8,0.22537400110153064,0.24133483938338296,0.26852504271144706
T-IDM,45,9,0.22537400110153064,0.23343566367566423,0.2506609714607061
T-IDM,45,10,0.22440862829853886,0.2310477988205965,0.2445375798426127
T-IDM,45,11,0.22440862829853886,0.23049151660877054,0.2600685490045623
T-IDM,45,12,0.22052437831936536,0.2299694756645308,0.23624092767769528
T-IDM,45,13,0.22052437831936536,0.2283227438464996,0.23867225719192778
T-IDM,45,14,0.22052437831936536,0.2276509133044059,0.2475072271899156
T-IDM,45,15,0.22052437831936536,0.2259575246810175,0.23521709371874602
T-IDM,45,16,0.21992360281824622,0.2259575246810175,0.2376770304753228
T-IDM,45,17,0.2187021431138414,0.22537400110153064,0.25460999712311977
T-IDM,45,18,0.2187021431138414,0.22052437831936536,0.23145132084160866
T-IDM,45,19,0.2187021431138414,0.22019071248612387,0.23225507135503218
T-IDM,45,20,0.2187021431138414,0.21992360281824622,0.22613559805253455
T-IDM,45,21,0.21861605657031688,0.21992360281824622,0.22504610203659794
T-IDM,45,22,0.21860481927325698,0.21946948581161885,0.23260454672760367
T-IDM,45,23,0.21860481927325698,0.2187145001731252,0.22368306561486154
T-IDM,45,24,0.21857676874149715,0.2187021431138414,0.22307927643612666
T-IDM,45,25,0.2180403012258939,0.21861605657031688,0.23458212922074118
T-IDM,45,26,0.2148008062385583,0.21861605657031688,0.2219443723096453
T-IDM,45,27,0.21360312889588198,0.21860481927325698,0.2274374916221701
T-IDM,45,28,0.21360312889588198,0.21840301928729933,0.22740349703540083
T-IDM,45,29,0.21360312889588198,0.21811121786558674,0.22358067256964131
T-IDM,45,30,0.21360312889588198,0.21818462145830717,0.23150511673589422
T-IDM,45,31,0.21360312889588198,0.2180403012258939,0.2245451836641533
T-IDM,45,32,0.21360312889588198,0.21768884381676185,0.2231399399532056
T-IDM,45,33,0.21309939899370772,0.21440950570104866,0.227549128852063
T-IDM,45,34,0.21297062595589267,0.21372878050616173,0.23262096546051647
T-IDM,45,35,0.21293958990561573,0.21372878050616173,0.21953839727964197
T-IDM,45,36,0.21293958990561573,0.21360312889588198,0.220627305034681
T-IDM,45,37,0.21277906626759843,0.21360312889588198,0.23019524667316585
T-IDM,45,38,0.212423771065558,0.21302086964161968,0.21883118630376885
T-IDM,45,39,0.212423771065558,0.21297062595589267,0.21820096335512867
T-IDM,45,40,0.212423771065558,0.21293958990561573,0.21667298907160024
T-IDM,45,41,0.212423771065558,0.21259479665415654,0.2167129527325497
T-IDM,45,42,0.20848518469822624,0.21250975984976886,0.21577813066244628
T-IDM,45,43,0.20848518469822624,0.212423771065558,0.22585059266963678
T-IDM,45,44,0.20561326689278356,0.212423771065558,0.21978167447681682
T-IDM,45,45,0.20560442849546284,0.212423771065558,0.23762442448073895
T-IDM,45,46,0.20560442849546284,0.21241485894148687,0.22011780619571397
T-IDM,45,47,0.20560442849546284,0.21238332480594926,0.2232235691329712
T-IDM,45,48,0.2052012002144173,0.20660578161421672,0.22395752121194612
T-IDM,45,49,0.2052012002144173,0.20561115040340078,0.21621459896972148
T-IDM,45,50,0.2052012002144173,0.20560442849546284,0.21273882623391288
T-IDM,45,51,0.20520117401262578,0.2056012981963929,0.21542889261451403
T-IDM,45,52,0.20520117401262578,0.20557771447697093,0.2124569694055472
T-IDM,45,53,0.2046110065103923,0.2052012002144173,0.21918156591407933
T-IDM,45,54,0.2046110065103923,0.20520117609394214,0.20751977123246448
T-IDM,45,55,0.2046110065103923,0.20520117401262578,0.21600175835573804
T-IDM,45,56,0.2046110065103923,0.20520117401262578,0.22256619730658805
T-IDM,45,57,0.20448738758340995,0.20462813351411957,0.21258517009685043
T-IDM,45,58,0.20448738758340995,0.2046110065103923,0.2317327573009211
T-IDM,45,59,0.20214365016899732,0.2046110065103923,0.2064271288674506
T-IDM,45,60,0.2021339450901127,0.20460692412455136,0.2172212679756074
T-IDM,45,61,0.2019908378837303,0.20460349571097233,0.20726809905370178
T-IDM,45,62,0.20190328791211626,0.20448989335866127,0.2311835888006559
T-IDM,45,63,0.20189992277826432,0.20454331799629583,0.2125085364104889
T-IDM,45,64,0.20189992277826432,0.20448738758340995,0.20586146572767944
T-IDM,45,65,0.20189992277826432,0.20217096672093982,0.20638378655385625
T-IDM,45,66,0.20189985476886455,0.20193916772243445,0.20619533341092475
T-IDM,45,67,0.20183245232173533,0.2019002697013981,0.20405510722627426
T-IDM,45,68,0.2018323589468769,0.20189992277826432,0.20548398297658704
T-IDM,45,69,0.2018323589468769,0.20189992277826432,0.2128824387745307
T-IDM,45,70,0.20180232720876817,0.20189988877356443,0.2094723646279069
T-IDM,45,71,0.20165528925597997,0.20188849041617715,0.20887283153609887
T-IDM,45,72,0.20165528925597997,0.2018323589468769,0.20378010234224975
T-IDM,45,73,0.20158072887580428,0.20180232720876817,0.20458728057216327
T-IDM,45,74,0.20158072887580428,0.20180232720876817,0.20987233687149306
T-IDM,45,75,0.20106598125546232,0.2017828063428221,0.20593702746043036
T-IDM,45,76,0.20106569129105328,0.20167113684985166,0.20735089794049721
T-IDM,45,77,0.20098473828022886,0.20159660702125648,0.20449902125699043
T-IDM,45,78,0.1989007883739474,0.20118980282176288,0.21153336646544876
T-IDM,45,79,0.1989007883739474,0.2011798644953877,0.20425454960113992
T-IDM,45,80,0.1984148709098136,0.20106598125546232,0.2144610068795371
T-IDM,46,0,0.30526248244935994,3.1790370859529675,3.4784339628148833
T-IDM,46,1,0.30526248244935994,1.4257938624107085,1.797343258832232
T-IDM,46,2,0.2909453077075335,0.925067330767833,1.0593120449412945
T-IDM,46,3,0.2909453077075335,0.580229821430668,0.7316800678214651
T-IDM,46,4,0.2909453077075335,0.44010748870563376,0.68204770101237
T-IDM,46,5,0.2909453077075335,0.31596895384983414,0.5486618539577787
T-IDM,46,6,0.2909453077075335,0.305839665088864,0.4675099174601071
T-IDM,46,7,0.2909453077075335,0.30542398397645243,0.6225826824882721
T-IDM,46,8,0.2909453077075335,0.3039671091955999,0.5263624732921142
T-IDM,46,9,0.2876067008404822,0.3023265407404636,0.5155853722246158
T-IDM,46,10,0.27679196389301525,0.2976690775022609,0.4890706096148115
T-IDM,46,11,0.2765556192282365,0.29807821790561584,0.5339258165430556
T-IDM,46,12,0.2571632348315339,0.29676898908693095,0.6425365446363859
T-IDM,46,13,0.2571632348315339,0.29484962470386333,0.5749617604601873
T-IDM,46,14,0.2571632348315339,0.3495427387316101,0.7404935603141384
T-IDM,46,15,0.2571632348315339,0.2930900651902103,0.4561361127164521
T-IDM,46,16,0.25716012845797676,0.2930503243063298,0.5348677779720051
T-IDM,46,17,0.25716012845797676,0.2930485294606024,0.7141705420226774
T-IDM,46,18,0.25716012845797676,0.2928766066684382,0.518727998573836
T-IDM,46,19,0.25716012845797676,0.2571632348315339,0.4618371528867382
T-IDM,46,20,0.2570162129673279,0.2571632348315339,0.3175988266603137
T-IDM,46,21,0.2570162129673279,0.25716012845797676,0.26172590597927076
T-IDM,46,22,0.2570162129673279,0.25716012845797676,0.2609102061357423
T-IDM,46,23,0.25692111997422606,0.2571583190054051,0.27132576213629817
T-IDM,46,24,0.25692111997422606,0.2570162129673279,0.26699725085821996
T-IDM,46,25,0.25692111997422606,0.2570162129673279,0.2630133078930676
T-IDM,46,26,0.2568165755817072,0.2569825324771092,0.26523454638444055
T-IDM,46,27,0.2567378557826517,0.25692111997422606,0.2627230838036521
T-IDM,46,28,0.2567378557826517,0.25692111997422606,0.2734541083570558
T-IDM,46,29,0.2567378557826517,0.25681995071444264,0.2647791768991549
T-IDM,46,30,0.2567358826302395,0.2568165755817072,0.2603038048619168
T-IDM,46,31,0.25672217973933015,0.2567378557826517,0.27274162539989355
T-IDM,46,32,0.25672217973933015,0.2567378557826517,0.2725793426484418
T-IDM,46,33,0.2566680563994707,0.2567378557826517,0.2587684054038265
T-IDM,46,34,0.25661651034872324,0.2567358826302395,0.2685622832547728
T-IDM,46,35,0.2565522067543189,0.2567224317081448,0.2769148219666496
T-IDM,46,36,0.2565482260604485,0.25670653201026694,0.26005501919191387
T-IDM,46,37,0.2565466124885635,0.2566680563994707,0.26600410802079144
T-IDM,46,38,0.2565466124885635,0.25656060178322754,0.26726604267495957
T-IDM,46,39,0.2565466124885635,0.2565500452421812,0.2647533001334769
T-IDM,46,40,0.2565466124885635,0.2565482260604485,0.27752038542288177
T-IDM,46,41,0.2565466124885635,0.2565482260604485,0.2624339232209217
T-IDM,46,42,0.25654220814290035,0.2565466124885635,0.2705523798357835
T-IDM,46,43,0.25654220814290035,0.2565466124885635,0.26187906667465805
T-IDM,46,44,0.2565398629285674,0.2565466124885635,0.27000086953284835
T-IDM,46,45,0.2565398629285674,0.2565466124885635,0.26962071721921904
T-IDM,46,46,0.2565374908132709,0.2565445512426206,0.26991443590621134
T-IDM,46,47,0.2565374908132709,0.25654220814290035,0.2640488682507197
T-IDM,46,48,0.2565374908132709,0.2565398629285674,0.26087687837869256
T-IDM,46,49,0.25645451441451,0.2565398629285674,0.2603835673627432
T-IDM,46,50,0.25644865692790186,0.2565374908132709,0.26091759695270644
T-IDM,46,51,0.2535862831705111,0.2565374908132709,0.27170622058454474
T-IDM,46,52,0.2535862831705111,0.2565374908132709,0.2699977405070075
T-IDM,46,53,0.2535862831705111,0.2564943754057728,0.26668286509307176
T-IDM,46,54,0.2535862831705111,0.25644865692790186,0.25809897455737624
T-IDM,46,55,0.2535862831705111,0.25644865692790186,0.2657565227154863
T-IDM,46,56,0.2535619061293064,0.25644865692790186,0.2624753825785875
T-IDM,46,57,0.253014634689431,0.2535862831705111,0.2730583978809246
T-IDM,46,58,0.25300879395571907,0.2535862831705111,0.2603388529212316
T-IDM,46,59,0.25300879395571907,0.2535862831705111,0.26006879296085633
T-IDM,46,60,0.2530086831151386,0.2535862831705111,0.27171903521666857
T-IDM,46,61,0.2530086831151386,0.2535613855833642,0.26625760008604343
T-IDM,46,62,0.2529459848767569,0.253014634689431,0.2674099420052589
T-IDM,46,63,0.2529459848767569,0.25300879395571907,0.268545258672235
T-IDM,46,64,0.2529459848767569,0.25300879395571907,0.25725850519755783
T-IDM,46,65,0.2529459848767569,0.2530086831151386,0.2669828066117099
T-IDM,46,66,0.2529459848767569,0.2530086831151386,0.2565162046037514
T-IDM,46,67,0.2529459848767569,0.2530086831151386,0.26604231333188016
T-IDM,46,68,0.2529450611097103,0.253006549710625,0.2612177552394681
T-IDM,46,69,0.2525509633702886,0.25300641413991287,0.2880007583996276
T-IDM,46,70,0.25250335012425024,0.25294601348649903,0.25967261805686953
T-IDM,46,71,0.25250335012425024,0.2529459848767569,0.2587807289643514
T-IDM,46,72,0.25250335012425024,0.25294504721623123,0.25946546736963066
T-IDM,46,73,0.252503338330902,0.25294504721623123,0.25627804852120006
T-IDM,46,74,0.252503338330902,0.252551479549457,0.25440553706717106
T-IDM,46,75,0.2525032322505623,0.2525509633702886,0.26809629714238825
T-IDM,46,76,0.2525032267830843,0.25250335012425024,0.25994022486645896
T-IDM,46,77,0.2524537437914413,0.252503338330902,0.2569230727829539
T-IDM,46,78,0.25245369525846656,0.252503338330902,0.26555884119888007
T-IDM,46,79,0.24990100346781127,0.2525032322505623,0.2579438649030617
T-IDM,46,80,0.2499009991266737,0.25249477022574834,0.2672343118757621
T-FVD,42,0,0.4006584280989674,7.576519733680611,7.545747064265854
T-FVD,42,1,0.4006584280989674,3.8257861413761227,4.4493757000396235
T-FVD,42,2,0.4006584280989674,1.8884252354053928,2.3762309768571934
T-FVD,42,3,0.18879315974915337,1.4916444849349608,1.6748551730348362
T-FVD,42,4,0.18879315974915337,1.3275439853240676,1.492543665314456
T-FVD,42,5,0.18879315974915337,1.0538421890991634,1.4635905375884801
T-FVD,42,6,0.1288566732391378,0.7673474389761381,1.0689088359604577
T-FVD,42,7,0.1288566732391378,0.592016178877007,0.8155106778533342
T-FVD,42,8,0.1288566732391378,0.7627784106080492,1.090018124644924
T-FVD,42,9,0.10903512038638154,0.5596601387341593,0.8645826111822023
T-FVD,42,10,0.10903512038638154,0.46253536585422683,0.5905897367688357
T-FVD,42,11,0.10903512038638154,0.24052616373908425,0.4533426681885198
T-FVD,42,12,0.10903512038638154,0.2164358811358165,0.2882809794419434
T-FVD,42,13,0.10202648681704093,0.19706415367563385,0.23604730204672364
T-FVD,42,14,0.0984096561724946,0.12830933299039168,0.19293383489612506
T-FVD,42,15,0.0984096561724946,0.10903512038638154,0.16861135937271576
T-FVD,42,16,0.0984096561724946,0.10903512038638154,0.13126268129584104
T-FVD,42,17,0.0984096561724946,0.10903512038638154,0.14778502891110382
T-FVD,42,18,0.09399856425144232,0.10903512038638154,0.1690566995767666
T-FVD,42,19,0.09399856425144232,0.0984096561724946,0.1241562216735855
T-FVD,42,20,0.09194472348264913,0.0984096561724946,0.11914609855582745
T-FVD,42,21,0.09018807833464902,0.0984096561724946,0.11435661231731703
T-FVD,42,22,0.09008902180764022,0.0984096561724946,0.14339955287418762
T-FVD,42,23,0.09008902180764022,0.09399856425144232,0.11760030820192836
T-FVD,42,24,0.09008902180764022,0.09228467197953491,0.12721137044037617
T-FVD,42,25,0.08371851257750909,0.09018807833464902,0.1221412763079987
T-FVD,42,26,0.08360792335866354,0.09008902180764022,0.1466437390309427
T-FVD,42,27,0.08282715147153176,0.08572887266377123,0.12088747344199166
T-FVD,42,28,0.08282715147153176,0.08431443064258262,0.10631440901592726
T-FVD,42,29,0.08281087061521736,0.08388158161393586,0.11596279227472797
T-FVD,42,30,0.08281087061521736,0.08371851257750909,0.13681379182197784
T-FVD,42,31,0.08281087061521736,0.08282715147153176,0.11938415974564086
T-FVD,42,32,0.08281087061521736,0.08282715147153176,0.1161836814546583
T-FVD,42,33,0.08281087061521736,0.08281087061521736,0.16614948586203326
T-FVD,42,34,0.08281087061521736,0.08281087061521736,0.1184732439500695
T-FVD,42,35,0.08281087061521736,0.08281087061521736,0.12801570576061727
T-FVD,42,36,0.08281087061521736,0.08281087061521736,0.13319831299206084
T-FVD,42,37,0.08281087061521736,0.08281087061521736,0.10010873507928972
T-FVD,42,38,0.08277903882375487,0.08281087061521736,0.1713621806643541
T-FVD,42,39,0.08277903882375487,0.08281087061521736,0.13740729090308085
T-FVD,42,40,0.08277903882375487,0.08281087061521736,0.1051028059262152
T-FVD,42,41,0.08277903882375487,0.08281087061521736,0.10555178450763528
T-FVD,42,42,0.08277903882375487,0.08278856250033291,0.127989476910527
T-FVD,42,43,0.08277903882375487,0.08277903882375487,0.14637417596540178
T-FVD,42,44,0.08277903882375487,0.08277903882375487,0.12909595654453881
T-FVD,42,45,0.08277629860177163,0.08277903882375487,0.11772928231221463
T-FVD,42,46,0.08277629860177163,0.08277903882375487,0.1482046941754438
T-FVD,42,47,0.08277629860177163,0.08277903882375487,0.11774341945494074
T-FVD,42,48,0.08277629860177163,0.08277903882375487,0.11804147170169184
T-FVD,42,49,0.08277629860177163,0.08277629860177163,0.1384651435868973
T-FVD,42,50,0.08277629860177163,0.08277629860177163,0.1268274861979013
T-FVD,42,51,0.08277629860177163,0.08277629860177163,0.11654574924580965
T-FVD,42,52,0.08277629860177163,0.08277629860177163,0.12227952493471492
T-FVD,42,53,0.08277629860177163,0.08277629860177163,0.11725534304011248
T-FVD,42,54,0.08274396480229199,0.08277629860177163,0.09581966757878989
T-FVD,42,55,0.08230673690326093,0.08277629860177163,0.15015747990123537
T-FVD,42,56,0.08230673690326093,0.08277629860177163,0.13285217041047162
T-FVD,42,57,0.08230673690326093,0.08277629860177163,0.0921825652402341
T-FVD,42,58,0.08230673690326093,0.08274396480229199,0.12746629367367165
T-FVD,42,59,0.08230673690326093,0.08230673690326093,0.10826142740346328
T-FVD,42,60,0.08230673690326093,0.08230673690326093,0.1356347290632891
T-FVD,42,61,0.08230673690326093,0.08230673690326093,0.12251508195115743
T-FVD,42,62,0.08230673690326093,0.08230673690326093,0.10824378747716544
T-FVD,42,63,0.08230673690326093,0.08230673690326093,0.11207290033838553
T-FVD,42,64,0.08230673690326093,0.08230673690326093,0.13149078799682767
T-FVD,42,65,0.08230673690326093,0.08230673690326093,0.13004033900433626
T-FVD,42,66,0.08230673690326093,0.08230673690326093,0.12248766522895775
T-FVD,42,67,0.08230673690326093,0.08230673690326093,0.12067295382794944
T-FVD,42,68,0.08230673690326093,0.08230673690326093,0.15839985598411177
T-FVD,42,69,0.08230673690326093,0.08230673690326093,0.12910060724348416
T-FVD,42,70,0.08230673690326093,0.08230673690326093,0.13920506829588292
T-FVD,42,71,0.08228770397849039,0.08230673690326093,0.15011965356191545
T-FVD,42,72,0.08228770397849039,0.08230673690326093,0.1078003259227425
T-FVD,42,73,0.08228770397849039,0.08230673690326093,0.15052179686343398
T-FVD,42,74,0.08228770397849039,0.08230673690326093,0.12415662959767369
T-FVD,42,75,0.08228770397849039,0.08228770397849039,0.14520719024492906
T-FVD,42,76,0.08228770397849039,0.08228770397849039,0.12755457769245782
T-FVD,42,77,0.08228770397849039,0.08228770397849039,0.14579305327521103
T-FVD,42,78,0.08228770397849039,0.08228770397849039,0.13795654053330966
T-FVD,42,79,0.08228770397849039,0.08228770397849039,0.1177626115223803
T-FVD,42,80,0.08228770397849039,0.08228770397849039,0.16702185805001793
T-FVD,43,0,0.7473320749094965,7.803490177666317,7.89413059043742
T-FVD,43,1,0.7473320749094965,4.860050988578012,4.970247369223899
T-FVD,43,2,0.47251784862737434,2.7313856460616313,3.365763031275785
T-FVD,43,3,0.47251784862737434,1.693846988430494,1.9948249834703689
T-FVD,43,4,0.33506944648232534,1.3896255920709084,1.7007790688055437
T-FVD,43,5,0.33506944648232534,0.8572060484026458,1.0976732289806612
T-FVD,43,6,0.20179643635673017,0.716741400422912,1.0226473314931686
T-FVD,43,7,0.14026621377119097,0.644358671282907,0.8567839362355503
T-FVD,43,8,0.1348808510198512,0.6161232932592142,0.9028278506871581
T-FVD,43,9,0.1276783375052567,0.4947178980985303,0.7752124756241048
T-FVD,43,10,0.1276783375052567,0.3900064943606656,0.5584465784868733
T-FVD,43,11,0.12426448670736777,0.3159614537730438,0.3466276136623913
T-FVD,43,12,0.12426448670736777,0.24904515241549863,0.33235339373005174
T-FVD,43,13,0.11401051563014718,0.14026621377119097,0.23531816598612976
T-FVD,43,14,0.11401051563014718,0.13692703277329185,0.20932167196287824
T-FVD,43,15,0.11401051563014718,0.1276783375052567,0.212676373617983
T-FVD,43,16,0.11401051563014718,0.12426448670736777,0.14822815392655553
T-FVD,43,17,0.11401051563014718,0.12426448670736777,0.14785924449141297
T-FVD,43,18,0.11052603110031839,0.11971941218197242,0.13693419670198825
T-FVD,43,19,0.10784751529660955,0.11401051563014718,0.14413904265620542
T-FVD,43,20,0.10386627426699152,0.11401051563014718,0.1252753973168019
T-FVD,43,21,0.10386627426699152,0.11401051563014718,0.1407817389025685
T-FVD,43,22,0.10386627426699152,0.11401051563014718,0.14164110942220992
T-FVD,43,23,0.10386627426699152,0.11401051563014718,0.13556776906446502
T-FVD,43,24,0.10386627426699152,0.11312562467911866,0.14523591336361022
T-FVD,43,25,0.10386627426699152,0.10523624708119106,0.14928043082873052
T-FVD,43,26,0.09716434313008779,0.10386627426699152,0.11794260636442423
T-FVD,43,27,0.09716434313008779,0.10386627426699152,0.13559241556944637
T-FVD,43,28,0.09712030055669339,0.10386627426699152,0.1462526193084496
T-FVD,43,29,0.09712030055669339,0.10386627426699152,0.13160578128944037
T-FVD,43,30,0.09712030055669339,0.09716434313008779,0.11583427578748111
T-FVD,43,31,0.09712030055669339,0.09716434313008779,0.10475607964905094
T-FVD,43,32,0.09712030055669339,0.09712030055669339,0.11555837340743645
T-FVD,43,33,0.09712030055669339,0.09712030055669339,0.14088560228745314
T-FVD,43,34,0.09709674573328528,0.09712030055669339,0.11306784345690776
T-FVD,43,35,0.09709674573328528,0.09712030055669339,0.15677739745185393
T-FVD,43,36,0.09709674573328528,0.09712030055669339,0.15016723082006891
T-FVD,43,37,0.09709674573328528,0.09712030055669339,0.1526274677697235
T-FVD,43,38,0.09709674573328528,0.09709674573328528,0.13802566925120435
T-FVD,43,39,0.09709674573328528,0.09709674573328528,0.13015728589054523
T-FVD,43,40,0.09709674573328528,0.09709674573328528,0.12129382905577671
T-FVD,43,41,0.09709674573328528,0.09709674573328528,0.1347216383555548
T-FVD,43,42,0.09709674573328528,0.09709674573328528,0.11907681266864077
T-FVD,43,43,0.09709674573328528,0.09709674573328528,0.1384621883176039
T-FVD,43,44,0.09709674573328528,0.09709674573328528,0.16253520341160604
T-FVD,43,45,0.09709674573328528,0.09709674573328528,0.11231602681700568
T-FVD,43,46,0.09709478885998382,0.09709674573328528,0.10232578633137968
T-FVD,43,47,0.09709478885998382,0.09709674573328528,0.17624204642634722
T-FVD,43,48,0.09709478885998382,0.09709674573328528,0.1518914798901038
T-FVD,43,49,0.09709478885998382,0.09709674573328528,0.1329389028519255
T-FVD,43,50,0.09709478885998382,0.09709478885998382,0.12475845118377124
T-FVD,43,51,0.09709478885998382,0.09709478885998382,0.1382397761361345
T-FVD,43,52,0.09709478885998382,0.09709478885998382,0.1488075878521688
T-FVD,43,53,0.09709478885998382,0.09709478885998382,0.20897414755773966
T-FVD,43,54,0.09709478885998382,0.09709478885998382,0.10332248037359464
T-FVD,43,55,0.09702849082618065,0.09709478885998382,0.13742584786141687
T-FVD,43,56,0.09702849082618065,0.09709478885998382,0.11513608619646332
T-FVD,43,57,0.09702849082618065,0.09709478885998382,0.15287351890493459
T-FVD,43,58,0.09702849082618065,0.09702849082618065,0.12249879798167211
T-FVD,43,59,0.09702849082618065,0.09702849082618065,0.15106013834512594
T-FVD,43,60,0.09702849082618065,0.09702849082618065,0.12133156695900624
T-FVD,43,61,0.09702849082618065,0.09702849082618065,0.15459099851777416
T-FVD,43,62,0.09702172438435078,0.09702849082618065,0.12407907647717929
T-FVD,43,63,0.09702172438435078,0.09702849082618065,0.11062199141658734
T-FVD,43,64,0.09702172438435078,0.09702849082618065,0.1688753186368838
T-FVD,43,65,0.09702172438435078,0.09702849082618065,0.1440127273479088
T-FVD,43,66,0.09702172438435078,0.09702172438435078,0.13505516656625746
T-FVD,43,67,0.09702172438435078,0.09702172438435078,0.1397568917227561
T-FVD,43,68,0.09686450022607924,0.09702172438435078,0.10165888293508708
T-FVD,43,69,0.09686450022607924,0.09702172438435078,0.14947570881471672
T-FVD,43,70,0.09686450022607924,0.09702172438435078,0.11300527628038969
T-FVD,43,71,0.09686450022607924,0.09702172438435078,0.11919123186044446
T-FVD,43,72,0.09462429229837777,0.09702172438435078,0.16176781431489518
T-FVD,43,73,0.09462429229837777,0.09686450022607924,0.14588230249239942
T-FVD,43,74,0.09462429229837777,0.09686450022607924,0.1943623060008632
T-FVD,43,75,0.09462429229837777,0.09686450022607924,0.13689782072821352
T-FVD,43,76,0.09462429229837777,0.09580946315626224,0.12817416825204295
T-FVD,43,77,0.09462429229837777,0.09568485713646266,0.13860706086573082
T-FVD,43,78,0.09462429229837777,0.09462429229837777,0.143403922627998
T-FVD,43,79,0.09109984098390797,0.09462429229837777,0.13426363718588802
T-FVD,43,80,0.09109984098390797,0.09462429229837777,0.1815099920748369
T-FVD,44,0,1.2335153903578424,8.051365302495961,7.903932319823763
T-FVD,44,1,1.1463256727667956,3.966429680602666,4.583317459005361
T-FVD,44,2,0.832595447239443,2.250470335485079,2.662960746416724
T-FVD,44,3,0.7383880633554785,1.5264821236058623,1.9641040120418842
T-FVD,44,4,0.7383880633554785,1.2893317508844118,1.4341751482588112
T-FVD,44,5,0.44666750188492277,1.2363832856418813,1.291019421651437
T-FVD,44,6,0.4465682994110404,1.1767172351917055,1.4126415337481568
T-FVD,44,7,0.4193805790219886,0.9629791477152145,1.1324433887160021
T-FVD,44,8,0.3904456033556658,0.9017076753822806,0.9362663393025022
T-FVD,44,9,0.23555491938257433,0.6487625149991081,0.7763667880409357
T-FVD,44,10,0.23555491938257433,0.5079048500802493,0.7613037179633731
T-FVD,44,11,0.23555491938257433,0.4465264566751128,0.5616787336376499
T-FVD,44,12,0.23555491938257433,0.41901248877705005,0.4877712275686189
T-FVD,44,13,0.23555491938257433,0.4169610110005483,0.5270684806722621
T-FVD,44,14,0.23555491938257433,0.4005162807823883,0.5908799803980209
T-FVD,44,15,0.23555491938257433,0.3934680871059991,0.5390129751963062
T-FVD,44,16,0.23536801656088574,0.38226922205319613,0.4800416514571529
T-FVD,44,17,0.21790285453446365,0.37550593403595073,0.531311099773459
T-FVD,44,18,0.11790914906372105,0.32794460968267936,0.45351599003594373
T-FVD,44,19,0.11790914906372105,0.260179096200674,0.33675492690420866
T-FVD,44,20,0.0801715609186593,0.23555491938257433,0.2822243999838966
T-FVD,44,21,0.0801715609186593,0.23555491938257433,0.2789005273214363
T-FVD,44,22,0.0801715609186593,0.23555491938257433,0.2927124483972627
T-FVD,44,23,0.0801715609186593,0.23536801656088574,0.28863111313117035
T-FVD,44,24,0.0801715609186593,0.22820893496907915,0.3245225254675686
T-FVD,44,25,0.0801715609186593,0.1941360360371576,0.29113629837024413
T-FVD,44,26,0.07958327522048231,0.19266132793707713,0.2657757801124761
T-FVD,44,27,0.07958327522048231,0.11613755062396747,0.1620760679871195
T-FVD,44,28,0.07958327522048231,0.0801715609186593,0.13248313528583122
T-FVD,44,29,0.07958327522048231,0.0801715609186593,0.10589701839532245
T-FVD,44,30,0.07958327522048231,0.0801715609186593,0.11888117098896682
T-FVD,44,31,0.07958327522048231,0.0801715609186593,0.11151859122044869
T-FVD,44,32,0.07623508586578304,0.0801715609186593,0.17628597657637943
T-FVD,44,33,0.07623508586578304,0.07958327522048231,0.09669586824822364
T-FVD,44,34,0.07605474435738474,0.07958327522048231,0.11571084970502313
T-FVD,44,35,0.07605474435738474,0.07958327522048231,0.12416223218085193
T-FVD,44,36,0.07605474435738474,0.07804886620251757,0.11652882776417034
T-FVD,44,37,0.07605474435738474,0.07605474435738474,0.12961360668351418
T-FVD,44,38,0.07605474435738474,0.07605474435738474,0.12862207622870475
T-FVD,44,39,0.07605474435738474,0.07605474435738474,0.15176547014146602
T-FVD,44,40,0.07605474435738474,0.07605474435738474,0.11255533128133752
T-FVD,44,41,0.07582750636385582,0.07605474435738474,0.10966135423237688
T-FVD,44,42,0.07582750636385582,0.07605474435738474,0.09332906048820686
T-FVD,44,43,0.07582750636385582,0.07605474435738474,0.13211930914888237
T-FVD,44,44,0.07582750636385582,0.07605474435738474,0.10014671521698315
T-FVD,44,45,0.07582750636385582,0.07582750636385582,0.1003633120061635
T-FVD,44,46,0.07582750636385582,0.07582750636385582,0.09357240576381781
T-FVD,44,47,0.07582750636385582,0.07582750636385582,0.11220865748703565
T-FVD,44,48,0.07582750636385582,0.07582750636385582,0.11976226026514315
T-FVD,44,49,0.07582750636385582,0.07582750636385582,0.12409811498971074
T-FVD,44,50,0.07582750636385582,0.07582750636385582,0.09217832703950662
T-FVD,44,51,0.07582750636385582,0.07582750636385582,0.10854622852383507
T-FVD,44,52,0.07582750636385582,0.07582750636385582,0.10615810968816736
T-FVD,44,53,0.07582750636385582,0.07582750636385582,0.11308378246889396
T-FVD,44,54,0.07582750636385582,0.07582750636385582,0.09812269919670062
T-FVD,44,55,0.07582750636385582,0.07582750636385582,0.10159980698573813
T-FVD,44,56,0.07582750636385582,0.07582750636385582,0.1172502061047672
T-FVD,44,57,0.07582750636385582,0.07582750636385582,0.1242466508608575
T-FVD,44,58,0.07582750636385582,0.07582750636385582,0.17886291169370885
T-FVD,44,59,0.07582750636385582,0.07582750636385582,0.11654157879867498
T-FVD,44,60,0.07582750636385582,0.07582750636385582,0.12913512351752493
T-FVD,44,61,0.07582750636385582,0.07582750636385582,0.12373129016973886
T-FVD,44,62,0.07582750636385582,0.07582750636385582,0.13096798885827243
T-FVD,44,63,0.07582750636385582,0.07582750636385582,0.10087646236558534
T-FVD,44,64,0.07582750636385582,0.07582750636385582,0.10073292938137225
T-FVD,44,65,0.07582750636385582,0.07582750636385582,0.13333969793294115
T-FVD,44,66,0.07582750636385582,0.07582750636385582,0.11565715197320581
T-FVD,44,67,0.07582750636385582,0.07582750636385582,0.1083574578101411
T-FVD,44,68,0.07582750636385582,0.07582750636385582,0.14106553911043065
T-FVD,44,69,0.07582750636385582,0.07582750636385582,0.08870732300825974
T-FVD,44,70,0.07582750636385582,0.07582750636385582,0.11193597260126582
T-FVD,44,71,0.07582750636385582,0.07582750636385582,0.11848323147973332
T-FVD,44,72,0.07582750636385582,0.07582750636385582,0.12256790068238814
T-FVD,44,73,0.07582750636385582,0.07582750636385582,0.11218010475198416
T-FVD,44,74,0.07582750636385582,0.07582750636385582,0.14719795579238912
T-FVD,44,75,0.07582750636385582,0.07582750636385582,0.10464816134021802
T-FVD,44,76,0.07582750636385582,0.07582750636385582,0.08653187354967065
T-FVD,44,77,0.07582750636385582,0.07582750636385582,0.12040753947765491
T-FVD,44,78,0.07582750636385582,0.07582750636385582,0.11783203803793783
T-FVD,44,79,0.07582750636385582,0.07582750636385582,0.10631427400073498
T-FVD,44,80,0.07582750636385582,0.07582750636385582,0.14637904788815098
T-FVD,45,0,1.0192862233653606,8.105337478662229,7.764726092719616
T-FVD,45,1,0.48983474911169644,4.310861963824083,5.05666348654854
T-FVD,45,2,0.48983474911169644,2.1715559521928403,2.7640003091405037
T-FVD,45,3,0.3357349732790984,1.5369570557567789,2.0288607039739555
T-FVD,45,4,0.3357349732790984,1.5250317707135044,1.7353777904800396
T-FVD,45,5,0.24144970466160112,0.9627607620476418,1.482323932780159
T-FVD,45,6,0.24144970466160112,0.8775312029667313,1.2205570963143983
T-FVD,45,7,0.15163080532078488,0.6797586913480873,0.8985325195676352
T-FVD,45,8,0.15163080532078488,0.49127238636906545,0.7368104344919062
T-FVD,45,9,0.14614094643339026,0.4424197042700187,0.5849506333128629
T-FVD,45,10,0.14432415764760625,0.24389064079005557,0.4395806224346531
T-FVD,45,11,0.13947321663043089,0.24144970466160112,0.3388312425321052
T-FVD,45,12,0.10556671742131203,0.16960790290451302,0.29360848925614735
T-FVD,45,13,0.09962238601159691,0.14614094643339026,0.21811234660596582
T-FVD,45,14,0.09962238601159691,0.14432415764760625,0.1971221896207897
T-FVD,45,15,0.0991895435595645,0.14432415764760625,0.228107488619555
T-FVD,45,16,0.0991895435595645,0.14432415764760625,0.18443761059835356
T-FVD,45,17,0.0991895435595645,0.15251129494920926,0.219090401468784
T-FVD,45,18,0.0991895435595645,0.137347584380566,0.17978740024296747
T-FVD,45,19,0.09873534096237613,0.10556671742131203,0.16686493404223107
T-FVD,45,20,0.09873534096237613,0.09962238601159691,0.14382818476393738
T-FVD,45,21,0.09873534096237613,0.0991895435595645,0.12964390447881274
T-FVD,45,22,0.09873534096237613,0.0989821495942501,0.12834305635208418
T-FVD,45,23,0.09838931942091447,0.09873534096237613,0.1388095309674063
T-FVD,45,24,0.09531875492729358,0.09873534096237613,0.15154317560277783
T-FVD,45,25,0.09531875492729358,0.09873534096237613,0.11663467180026718
T-FVD,45,26,0.09531875492729358,0.09873534096237613,0.13862330485326074
T-FVD,45,27,0.09531875492729358,0.09873534096237613,0.1723445166115039
T-FVD,45,28,0.09531875492729358,0.09849509242291342,0.15918558942502606
T-FVD,45,29,0.09531875492729358,0.09849509242291342,0.15942965535286716
T-FVD,45,30,0.07770674685742135,0.09531875492729358,0.17098366460232678
T-FVD,45,31,0.07770674685742135,0.09531875492729358,0.1299379371763237
T-FVD,45,32,0.07770674685742135,0.09531875492729358,0.12775356691396786
T-FVD,45,33,0.07770674685742135,0.09531875492729358,0.14360205806189463
T-FVD,45,34,0.07770674685742135,0.09531875492729358,0.12569942467296355
T-FVD,45,35,0.07770674685742135,0.09531875492729358,0.1311526749508745
T-FVD,45,36,0.07770674685742135,0.07770674685742135,0.13730654387350144
T-FVD,45,37,0.07770674685742135,0.07770674685742135,0.13599422151971194
T-FVD,45,38,0.07770674685742135,0.07770674685742135,0.11067313239729294
T-FVD,45,39,0.07770674685742135,0.07770674685742135,0.10430510875970814
T-FVD,45,40,0.07373989768963966,0.07770674685742135,0.09174470325796116
T-FVD,45,41,0.07373989768963966,0.07770674685742135,0.08591267040477618
T-FVD,45,42,0.07373989768963966,0.07770674685742135,0.145304886088458
T-FVD,45,43,0.07373989768963966,0.07770674685742135,0.13093480018966264
T-FVD,45,44,0.07373989768963966,0.07756558640101262,0.11245996107383313
T-FVD,45,45,0.07278036097118602,0.07373989768963966,0.13260009316737864
T-FVD,45,46,0.07278036097118602,0.07373989768963966,0.1210248789923013
T-FVD,45,47,0.07278036097118602,0.07373989768963966,0.10194021245994737
T-FVD,45,48,0.07278036097118602,0.07373989768963966,0.13321010082503887
T-FVD,45,49,0.07276025444501932,0.07278036097118602,0.11665395673227827
T-FVD,45,50,0.07276025444501932,0.07278036097118602,0.11629512654994162
T-FVD,45,51,0.07276025444501932,0.07278036097118602,0.15883846400527185
T-FVD,45,52,0.07276025444501932,0.07278036097118602,0.15117391375702327
T-FVD,45,53,0.07276025444501932,0.07276025444501932,0.1237924602277133
T-FVD,45,54,0.07276025444501932,0.07276025444501932,0.11783169571022217
T-FVD,45,55,0.07276025444501932,0.07276025444501932,0.12209754949260342
T-FVD,45,56,0.07276025444501932,0.07276025444501932,0.10302008730274961
T-FVD,45,57,0.07276025444501932,0.07276025444501932,0.11972151117933433
T-FVD,45,58,0.07276025444501932,0.07276025444501932,0.10449592181586542
T-FVD,45,59,0.07276025444501932,0.07276025444501932,0.11463396065679377
T-FVD,45,60,0.07276025444501932,0.07276025444501932,0.11618133921790788
T-FVD,45,61,0.07276025444501932,0.07276025444501932,0.1008068347928768
T-FVD,45,62,0.07276025444501932,0.07276025444501932,0.1263209174320611
T-FVD,45,63,0.07276025444501932,0.07276025444501932,0.14854207698739427
T-FVD,45,64,0.07276025444501932,0.07276025444501932,0.1118151209158396
T-FVD,45,65,0.07276025444501932,0.07276025444501932,0.1467586949705385
T-FVD,45,66,0.07276025444501932,0.07276025444501932,0.13553123187742586
T-FVD,45,67,0.07276025444501932,0.07276025444501932,0.09695105790107501
T-FVD,45,68,0.07276025444501932,0.07276025444501932,0.0982466531686903
T-FVD,45,69,0.07276025444501932,0.07276025444501932,0.14933455512951074
T-FVD,45,70,0.07276025444501932,0.07276025444501932,0.12917755586684074
T-FVD,45,71,0.07276025444501932,0.07276025444501932,0.1056614333577019
T-FVD,45,72,0.07276025444501932,0.07276025444501932,0.09956286418001581
T-FVD,45,73,0.07276025444501932,0.07276025444501932,0.08886760958554611
T-FVD,45,74,0.07276025444501932,0.07276025444501932,0.11412894486681249
T-FVD,45,75,0.07276025444501932,0.07276025444501932,0.11257939723077762
T-FVD,45,76,0.07276025444501932,0.07276025444501932,0.09461298921897024
T-FVD,45,77,0.07276025444501932,0.07276025444501932,0.11913969716465385
T-FVD,45,78,0.07276025444501932,0.07276025444501932,0.08433348870001943
T-FVD,45,79,0.07276025444501932,0.07276025444501932,0.1143747365320145
T-FVD,45,80,0.07276025444501932,0.07276025444501932,0.08649110904224272
T-FVD,46,0,1.1218477677801895,8.159635243044328,8.008952708089717
T-FVD,46,1,0.6992910540117349,4.819310908681356,5.48396208315882
T-FVD,46,2,0.5286964497848663,2.9587650706099584,3.413078270148749
T-FVD,46,3,0.3183169488381386,2.137091926511466,2.340147812418102
T-FVD,46,4,0.3183169488381386,1.556146058060633,1.8630638897871155
T-FVD,46,5,0.24705316581243775,1.0489480342870758,1.3238740444853305
T-FVD,46,6,0.24705316581243775,0.9852354805112375,1.3332359081977918
T-FVD,46,7,0.22052646870804107,0.7527132585112299,0.9718393081695592
T-FVD,46,8,0.1756428845961102,0.5429871472124148,0.8069008679039651
T-FVD,46,9,0.17366812173498336,0.563417417862134,0.724962417736738
T-FVD,46,10,0.14964901160338415,0.44091341519877547,0.7166274111078721
T-FVD,46,11,0.09174850806326075,0.352476200024736,0.5227828009102286
T-FVD,46,12,0.09174850806326075,0.3113447577562572,0.4635659045245839
T-FVD,46,13,0.09174850806326075,0.29836303086777516,0.4010711254373613
T-FVD,46,14,0.09174850806326075,0.24907471862787528,0.35660645291474646
T-FVD,46,15,0.09174850806326075,0.22066280958938894,0.31606110723175834
T-FVD,46,16,0.0892138539645908,0.1674492883711693,0.26353868628359595
T-FVD,46,17,0.0892138539645908,0.12226775942377939,0.26989458674556804
T-FVD,46,18,0.08721724782709721,0.10065086878009515,0.22598041093649074
T-FVD,46,19,0.08721724782709721,0.09174850806326075,0.13533181970226127
T-FVD,46,20,0.08695590056227305,0.09174850806326075,0.1427026269870191
T-FVD,46,21,0.08695590056227305,0.09174850806326075,0.12218226793567907
T-FVD,46,22,0.08695590056227305,0.08721724782709721,0.12608638422314555
T-FVD,46,23,0.08695590056227305,0.08721724782709721,0.15491794819167912
T-FVD,46,24,0.08695590056227305,0.08695590056227305,0.10345551256675517
T-FVD,46,25,0.08695590056227305,0.08695590056227305,0.1112619064585235
T-FVD,46,26,0.08695590056227305,0.08695590056227305,0.15181424906785254
T-FVD,46,27,0.08695590056227305,0.08695590056227305,0.13676560687942288
T-FVD,46,28,0.08677321794227112,0.08695590056227305,0.10891044245455707
T-FVD,46,29,0.08677321794227112,0.08695590056227305,0.14097824634056896
T-FVD,46,30,0.08677321794227112,0.08695590056227305,0.12902750024670104
T-FVD,46,31,0.08677321794227112,0.08695590056227305,0.1475702156631918
T-FVD,46,32,0.08677321794227112,0.08677321794227112,0.14782656642080527
T-FVD,46,33,0.08373557137369556,0.08677321794227112,0.12243327029134637
T-FVD,46,34,0.08373557137369556,0.08677321794227112,0.13257470757695175
T-FVD,46,35,0.08373557137369556,0.08677321794227112,0.1434507867266242
T-FVD,46,36,0.08373557137369556,0.08677321794227112,0.12225269986754699
T-FVD,46,37,0.08373557137369556,0.08677321794227112,0.14832423015541113
T-FVD,46,38,0.08373557137369556,0.08638124600148842,0.13754911620297303
T-FVD,46,39,0.08373557137369556,0.08598927406070572,0.1769178974279408
T-FVD,46,40,0.08373557137369556,0.08407471459456865,0.1163327542156344
T-FVD,46,41,0.08373557137369556,0.08373557137369556,0.14066925639907774
T-FVD,46,42,0.08373557137369556,0.08373557137369556,0.13931106310571478
T-FVD,46,43,0.08373557137369556,0.08373557137369556,0.11115534470039946
T-FVD,46,44,0.08329576983744688,0.08373557137369556,0.11807584120832644
T-FVD,46,45,0.08329576983744688,0.08373557137369556,0.12279296563275405
T-FVD,46,46,0.08329576983744688,0.08373557137369556,0.13353308646188414
T-FVD,46,47,0.08329576983744688,0.08373557137369556,0.10517451649570049
T-FVD,46,48,0.08329576983744688,0.08329576983744688,0.10939016017758481
T-FVD,46,49,0.08329576983744688,0.08329576983744688,0.14707964148750338
T-FVD,46,50,0.08329576983744688,0.08329576983744688,0.11789429951454361
T-FVD,46,51,0.08329576983744688,0.08329576983744688,0.11335464363886555
T-FVD,46,52,0.08329576983744688,0.08329576983744688,0.12228864384186806
T-FVD,46,53,0.08329576983744688,0.08329576983744688,0.12717450255327503
T-FVD,46,54,0.08329576983744688,0.08329576983744688,0.12388573241570043
T-FVD,46,55,0.08329576983744688,0.08329576983744688,0.14602299149893286
T-FVD,46,56,0.08329576983744688,0.08329576983744688,0.14014671144469606
T-FVD,46,57,0.08329576983744688,0.08329576983744688,0.11215534372544829
T-FVD,46,58,0.08329576983744688,0.08329576983744688,0.15401733572094067
T-FVD,46,59,0.08329576983744688,0.08329576983744688,0.11638928314987762
T-FVD,46,60,0.08329576983744688,0.08329576983744688,0.10169515327799031
T-FVD,46,61,0.08329576983744688,0.08329576983744688,0.10449945816623898
T-FVD,46,62,0.08329576983744688,0.08329576983744688,0.1316414811883685
T-FVD,46,63,0.08329576983744688,0.08329576983744688,0.09687432363176839
T-FVD,46,64,0.08329576983744688,0.08329576983744688,0.1346116131161175
T-FVD,46,65,0.08329576983744688,0.08329576983744688,0.12505157903951392
T-FVD,46,66,0.08329576983744688,0.08329576983744688,0.16197520892849987
T-FVD,46,67,0.08329576983744688,0.08329576983744688,0.10466387936866345
T-FVD,46,68,0.08322368815147205,0.08329576983744688,0.13720077936059896
T-FVD,46,69,0.08322368815147205,0.08329576983744688,0.13638140733328433
T-FVD,46,70,0.08322368815147205,0.08329576983744688,0.10529407590595001
T-FVD,46,71,0.08322368815147205,0.08329576983744688,0.13939001597020298
T-FVD,46,72,0.08322368815147205,0.08322368815147205,0.12800673820870417
T-FVD,46,73,0.08322368815147205,0.08322368815147205,0.11280711245653782
T-FVD,46,74,0.08322368815147205,0.08322368815147205,0.11465078268722459
T-FVD,46,75,0.08322368815147205,0.08322368815147205,0.11780201433000878
T-FVD,46,76,0.08322368815147205,0.08322368815147205,0.09862187914536896
T-FVD,46,77,0.08322368815147205,0.08322368815147205,0.12724402517838684
T-FVD,46,78,0.08322368815147205,0.08322368815147205,0.15360570867636375
T-FVD,46,79,0.08322368815147205,0.08322368815147205,0.10644442914125085
T-FVD,46,80,0.08322368815147205,0.08322368815147205,0.1117647548847571
C-FVD,42,0,0.3891536925013281,4.693448880624595,4.951245173519994
C-FVD,42,1,0.3891536925013281,2.7210959636653995,3.711774829209535
C-FVD,42,2,0.3891536925013281,1.8940883163391238,2.703713695166201
C-FVD,42,3,0.28832936413622684,1.8555979381415413,2.5555567100371674
C-FVD,42,4,0.13651920111204566,1.569737437443352,2.384299539968095
C-FVD,42,5,0.13651920111204566,1.0440717016865897,1.51811928444153
C-FVD,42,6,0.13651920111204566,0.8112519489771803,1.3581328834507618
C-FVD,42,7,0.13651920111204566,0.5832321022579336,1.0476741092263062
C-FVD,42,8,0.13651920111204566,0.34339024947408747,0.5140508144295676
C-FVD,42,9,0.13651920111204566,0.22030445340589253,0.41980630907606803
C-FVD,42,10,0.13651920111204566,0.16289159120777114,0.28282425581605913
C-FVD,42,11,0.13556809596461497,0.1408310756758343,0.17563584976810528
C-FVD,42,12,0.1354974206865522,0.1385542232940123,0.17346627902862988
C-FVD,42,13,0.13458751958588527,0.13651920111204566,0.1617691666982591
C-FVD,42,14,0.13247743947218854,0.13651920111204566,0.25890099834097674
C-FVD,42,15,0.13247743947218854,0.13651920111204566,0.1549781178663468
C-FVD,42,16,0.13247743947218854,0.13592018641708897,0.19590138171657256
C-FVD,42,17,0.13247743947218854,0.13564380944704815,0.19233005893618066
C-FVD,42,18,0.13247743947218854,0.13564380944704815,0.17346101441551265
C-FVD,42,19,0.13247532193963857,0.13564380944704815,0.18161191693295833
C-FVD,42,20,0.1321954081588367,0.1358869070316392,0.17562165521473017
C-FVD,42,21,0.1321954081588367,0.1359063691692466,0.16948260235570817
C-FVD,42,22,0.1321954081588367,0.13591460840623837,0.22010721521066715
C-FVD,42,23,0.1321954081588367,0.13562421999827126,0.1909080269083208
C-FVD,42,24,0.13071834918606853,0.13564380944704815,0.22366471853446876
C-FVD,42,25,0.13071834918606853,0.1374234412130868,0.209310987566211
C-FVD,42,26,0.13071834918606853,0.13607255059688084,0.17919462037578043
C-FVD,42,27,0.13071834918606853,0.13704007624127212,0.24948535861832938
C-FVD,42,28,0.13071834918606853,0.13753037565713702,0.22689197067218397
C-FVD,42,29,0.13071834918606853,0.13283246403562035,0.19246519373051554
C-FVD,42,30,0.13071834918606853,0.1310098455519632,0.16292242197047868
C-FVD,42,31,0.13050813530593128,0.13071834918606853,0.17482679571701185
C-FVD,42,32,0.13050813530593128,0.13071834918606853,0.14746608818016183
C-FVD,42,33,0.13050813530593128,0.13071834918606853,0.18247258238246458
C-FVD,42,34,0.13050813530593128,0.13071834918606853,0.1799637345807135
C-FVD,42,35,0.13050813530593128,0.13050813530593128,0.18675780251143365
C-FVD,42,36,0.13050813530593128,0.13050813530593128,0.19890249368315646
C-FVD,42,37,0.13050813530593128,0.13050813530593128,0.2463754050879065
C-FVD,42,38,0.13050813530593128,0.13050813530593128,0.1452390381030092
C-FVD,42,39,0.13050813530593128,0.13050813530593128,0.15646812952651684
C-FVD,42,40,0.13050813530593128,0.13050813530593128,0.1846747188719279
C-FVD,42,41,0.13050813530593128,0.13050813530593128,0.16503382828373808
C-FVD,42,42,0.13050813530593128,0.13050813530593128,0.17379807744448006
C-FVD,42,43,0.13050813530593128,0.13050813530593128,0.1938436820516391
C-FVD,42,44,0.13050813530593128,0.13050813530593128,0.1458062951504173
C-FVD,42,45,0.13050813530593128,0.13050813530593128,0.15849465672025834
C-FVD,42,46,0.13050813530593128,0.13050813530593128,0.16881237873837854
C-FVD,42,47,0.13050813530593128,0.13050813530593128,0.1688363195871717
C-FVD,42,48,0.13050813530593128,0.13050813530593128,0.15712185809693238
C-FVD,42,49,0.13050813530593128,0.13050813530593128,0.1846747763161911
C-FVD,42,50,0.13050813530593128,0.13050813530593128,0.18667207778711295
C-FVD,42,51,0.13050813530593128,0.13050813530593128,0.19389130003483154
C-FVD,42,52,0.13050813530593128,0.13050813530593128,0.19374505858880484
C-FVD,42,53,0.13050813530593128,0.13050813530593128,0.17755712280394867
C-FVD,42,54,0.13050813530593128,0.13050813530593128,0.2518187632739569
C-FVD,42,55,0.13050813530593128,0.13050813530593128,0.23760405380004254
C-FVD,42,56,0.13050813530593128,0.13050813530593128,0.1866168106680405
C-FVD,42,57,0.13050813530593128,0.13050813530593128,0.19144906624202193
C-FVD,42,58,0.13050813530593128,0.13050813530593128,0.15331567021025005
C-FVD,42,59,0.13050813530593128,0.13050813530593128,0.1802460049609625
C-FVD,42,60,0.13050813530593128,0.13050813530593128,0.21433590939914654
C-FVD,42,61,0.13050813530593128,0.13050813530593128,0.18113908361394285
C-FVD,42,62,0.13050813530593128,0.13050813530593128,0.22100074789096064
C-FVD,42,63,0.13050813530593128,0.13050813530593128,0.1723820855443581
C-FVD,42,64,0.13050813530593128,0.13050813530593128,0.16555772699254234
C-FVD,42,65,0.13050813530593128,0.13050813530593128,0.155714744013788
C-FVD,42,66,0.13050813530593128,0.13050813530593128,0.15425179591518628
C-FVD,42,67,0.13050813530593128,0.13050813530593128,0.14809741682958985
C-FVD,42,68,0.13050813530593128,0.13050813530593128,0.1837740087322755
C-FVD,42,69,0.13050813530593128,0.13050813530593128,0.15836335275936897
C-FVD,42,70,0.13050486253644725,0.13050813530593128,0.16900837134111818
C-FVD,42,71,0.13050486253644725,0.13050813530593128,0.220839500871337
C-FVD,42,72,0.13050486253644725,0.13050813530593128,0.20811727590866297
C-FVD,42,73,0.13050486253644725,0.13050813530593128,0.2092757968192445
C-FVD,42,74,0.13050486253644725,0.13050486253644725,0.17671642417076958
C-FVD,42,75,0.13050486253644725,0.13050486253644725,0.17833798952720656
C-FVD,42,76,0.13050486253644725,0.13050486253644725,0.15577178784438486
C-FVD,42,77,0.13049388792863476,0.13050486253644725,0.16876636884261578
C-FVD,42,78,0.13049388792863476,0.13050486253644725,0.22845827128116059
C-FVD,42,79,0.13049388792863476,0.13050486253644725,0.21954557665073743
C-FVD,42,80,0.13049388792863476,0.13050486253644725,0.1824262652930173
C-FVD,43,0,0.7766604584883661,4.258969355113489,5.286133171932193
C-FVD,43,1,0.7766604584883661,3.3033201878460465,3.995042348247377
C-FVD,43,2,0.5689685040869471,2.4081015376406523,2.958599400541757
C-FVD,43,3,0.2918724189445455,2.0464486904633548,2.8803195895622866
C-FVD,43,4,0.2519862083820731,1.6074771133207482,2.098790962095977
C-FVD,43,5,0.16659126863206888,1.470937691337428,1.9923402999675812
C-FVD,43,6,0.16659126863206888,1.0854087866440247,1.5232398329456924
C-FVD,43,7,0.16659126863206888,0.815243043448222,1.1233635495816097
C-FVD,43,8,0.1664572821973701,0.7646766102328523,0.9023795691416053
C-FVD,43,9,0.12014427484420079,0.5156535519470664,0.7731894956046456
C-FVD,43,10,0.12014427484420079,0.43838595291796667,0.5912518908809975
C-FVD,43,11,0.12014427484420079,0.38622404779828823,0.5768870413777322
C-FVD,43,12,0.12014427484420079,0.24420166416330047,0.3995193580887022
C-FVD,43,13,0.12014427484420079,0.21500790986712964,0.41446830940018586
C-FVD,43,14,0.12014427484420079,0.19936612602178935,0.43409489154836983
C-FVD,43,15,0.12014427484420079,0.17094466122584956,0.3187912112492872
C-FVD,43,16,0.11861653830832904,0.16659126863206888,0.31322010356024976
C-FVD,43,17,0.11861653830832904,0.1664572821973701,0.2394124226515738
C-FVD,43,18,0.11861653830832904,0.15988132015693993,0.3518003454508945
C-FVD,43,19,0.11861653830832904,0.15309199948738222,0.2361327500168876
C-FVD,43,20,0.1182995841346537,0.1283869440301252,0.20180730056019308
C-FVD,43,21,0.1182995841346537,0.12064313958712213,0.24133372106190012
C-FVD,43,22,0.1182995841346537,0.12028073590122308,0.20189668822927198
C-FVD,43,23,0.11767144392182498,0.11861653830832904,0.15489220615413923
C-FVD,43,24,0.11767144392182498,0.11861653830832904,0.1771999346461332
C-FVD,43,25,0.11767144392182498,0.11849355027662936,0.18930855155893217
C-FVD,43,26,0.11767144392182498,0.1183705622449297,0.1619310500559363
C-FVD,43,27,0.11767144392182498,0.11807445996167741,0.19164267484723488
C-FVD,43,28,0.1176317286743228,0.11767144392182498,0.19809048433924123
C-FVD,43,29,0.1176317286743228,0.11767144392182498,0.14663682899840086
C-FVD,43,30,0.1176317286743228,0.11767144392182498,0.16135033850793237
C-FVD,43,31,0.1176317286743228,0.11767144392182498,0.1842737464231288
C-FVD,43,32,0.11761205937403153,0.1176317286743228,0.17716830461369526
C-FVD,43,33,0.11761205937403153,0.1176317286743228,0.16482680758475626
C-FVD,43,34,0.11761185898532085,0.1176317286743228,0.16346044279645017
C-FVD,43,35,0.11761185898532085,0.1176317286743228,0.19293367878974368
C-FVD,43,36,0.11761185898532085,0.11761205937403153,0.16737497060420506
C-FVD,43,37,0.11761185898532085,0.11761205937403153,0.18343947063416702
C-FVD,43,38,0.11761185898532085,0.11761185898532085,0.19292756834711708
C-FVD,43,39,0.11761185898532085,0.11761185898532085,0.17662003863171438
C-FVD,43,40,0.11761185898532085,0.11761185898532085,0.16272164206582435
C-FVD,43,41,0.11761185898532085,0.11761185898532085,0.16753729459110522
C-FVD,43,42,0.11761185898532085,0.11761185898532085,0.2161198254307842
C-FVD,43,43,0.11760637059765372,0.11761185898532085,0.16759435848337106
C-FVD,43,44,0.11760637059765372,0.11761185898532085,0.1483719027834623
C-FVD,43,45,0.11760637059765372,0.11761185898532085,0.18120421813488072
C-FVD,43,46,0.11760637059765372,0.11761185898532085,0.169187436613182
C-FVD,43,47,0.11760233202541472,0.11761185898532085,0.22345999545154505
C-FVD,43,48,0.11760233202541472,0.11761164780597817,0.15888411159820312
C-FVD,43,49,0.11760233202541472,0.11760637059765372,0.1940845652632855
C-FVD,43,50,0.11760233202541472,0.11760435131153421,0.1579085222246152
C-FVD,43,51,0.1175760024090123,0.11760233202541472,0.1822926988806299
C-FVD,43,52,0.11757422246145849,0.11760233202541472,0.17686211798794113
C-FVD,43,53,0.11757422246145849,0.11760233202541472,0.1644416001075709
C-FVD,43,54,0.11757238613402425,0.11760233202541472,0.16668950682530195
C-FVD,43,55,0.11757238613402425,0.11760233202541472,0.19146438658934645
C-FVD,43,56,0.11757238613402425,0.11757422246145849,0.1421423385604317
C-FVD,43,57,0.11757238613402425,0.11757422246145849,0.18008654788022355
C-FVD,43,58,0.11757238613402425,0.11757238613402425,0.14577505004774857
C-FVD,43,59,0.11757238613402425,0.11757238613402425,0.2033662602326455
C-FVD,43,60,0.11757238613402425,0.11757238613402425,0.18197715875562984
C-FVD,43,61,0.11756837180752583,0.11757238613402425,0.2547283180842421
C-FVD,43,62,0.11756837180752583,0.11757238613402425,0.1599810483067661
C-FVD,43,63,0.11756837180752583,0.11757238613402425,0.1421085358032892
C-FVD,43,64,0.11756837180752583,0.11757238613402425,0.1662364251337481
C-FVD,43,65,0.11756837180752583,0.11757238613402425,0.19931700648217038
C-FVD,43,66,0.11756837180752583,0.11757238613402425,0.15016473929748522
C-FVD,43,67,0.11756837180752583,0.11756837180752583,0.18457176785601892
C-FVD,43,68,0.11756837180752583,0.11756837180752583,0.181403918323379
C-FVD,43,69,0.11756837180752583,0.11756837180752583,0.16235030981118748
C-FVD,43,70,0.11756837180752583,0.11756837180752583,0.1354435243916438
C-FVD,43,71,0.11756837180752583,0.11756837180752583,0.15409075089916352
C-FVD,43,72,0.11756837180752583,0.11756837180752583,0.21061741400703105
C-FVD,43,73,0.11756837180752583,0.11756837180752583,0.19176229317249088
C-FVD,43,74,0.11756837180752583,0.11756837180752583,0.17275413725977537
C-FVD,43,75,0.11756837180752583,0.11756837180752583,0.22401686796700992
C-FVD,43,76,0.11756837180752583,0.11756837180752583,0.13414208051122317
C-FVD,43,77,0.11756837180752583,0.11756837180752583,0.19730799974617516
C-FVD,43,78,0.11756837180752583,0.11756837180752583,0.14159989726494437
C-FVD,43,79,0.11756837180752583,0.11756837180752583,0.1234965071257233
C-FVD,43,80,0.11756837180752583,0.11756837180752583,0.14814740304725194
C-FVD,44,0,0.7449962432963134,5.792480156303123,5.772500794847134
C-FVD,44,1,0.2954664647630649,3.4635992636174464,3.9495732274009883
C-FVD,44,2,0.2954664647630649,2.521298601382049,3.0561886300585432
C-FVD,44,3,0.2954664647630649,2.110695910361321,2.895517475312697
C-FVD,44,4,0.2954664647630649,1.6252582682869614,2.063768248936199
C-FVD,44,5,0.2573592190198621,1.3388762416877185,1.8956935615855834
C-FVD,44,6,0.2573592190198621,1.235973326354487,1.7552102998728258
C-FVD,44,7,0.2533405482637208,0.8342651540769366,1.290189671612669
C-FVD,44,8,0.18234679699789838,0.6113341391376816,1.041387001145276
C-FVD,44,9,0.18234679699789838,0.5177222407314952,1.0752488121614714
C-FVD,44,10,0.18234679699789838,0.42395063929327126,0.5986906600832187
C-FVD,44,11,0.18234679699789838,0.34619618773692207,0.5392928749731811
C-FVD,44,12,0.18234679699789838,0.3314527567229004,0.4905780890614848
C-FVD,44,13,0.18234679699789838,0.2573592190198621,0.3873845300693132
C-FVD,44,14,0.17526541563177436,0.1906689814126179,0.2771525922432903
C-FVD,44,15,0.17526541563177436,0.18234679699789838,0.1944546333851563
C-FVD,44,16,0.17526541563177436,0.18234679699789838,0.20332352607041193
C-FVD,44,17,0.17526541563177436,0.18234679699789838,0.19480797842389763
C-FVD,44,18,0.17525681836490198,0.18234679699789838,0.23985747333881588
C-FVD,44,19,0.17525681836490198,0.17806152085664784,0.22298130274442424
C-FVD,44,20,0.16709752766038458,0.18049942292685867,0.2200561710735718
C-FVD,44,21,0.16709752766038458,0.18124997062677983,0.23235576244047312
C-FVD,44,22,0.16467225873629315,0.18234679699789838,0.252392639612649
C-FVD,44,23,0.15772780691189311,0.1825658186373048,0.23305231369203494
C-FVD,44,24,0.15772780691189311,0.17867912119716728,0.2106170146850353
C-FVD,44,25,0.15772780691189311,0.19545579094179918,0.27138008356372834
C-FVD,44,26,0.15772780691189311,0.18278484027671124,0.2837223446867045
C-FVD,44,27,0.15772780691189311,0.17526111699833818,0.253176358857845
C-FVD,44,28,0.15772780691189311,0.17792471673906687,0.2501305221456355
C-FVD,44,29,0.15772780691189311,0.16467225873629315,0.2042216032100488
C-FVD,44,30,0.1567623270967924,0.1614021799565997,0.23087927972469696
C-FVD,44,31,0.15642601927498878,0.15831594754299544,0.1885095276390057
C-FVD,44,32,0.15642601927498878,0.15772780691189311,0.19166581342439362
C-FVD,44,33,0.15642601927498878,0.15772780691189311,0.18125257512469353
C-FVD,44,34,0.15642601927498878,0.15772780691189311,0.19378706090838854
C-FVD,44,35,0.15544979335390907,0.15772780691189311,0.18740164432278733
C-FVD,44,36,0.15533276897261256,0.15646265966531875,0.18080539448046135
C-FVD,44,37,0.15438089933401813,0.15642601927498878,0.18728730644007008
C-FVD,44,38,0.14824963261390073,0.15642601927498878,0.19363130194935238
C-FVD,44,39,0.14824963261390073,0.15642601927498878,0.1816415611720375
C-FVD,44,40,0.14824963261390073,0.15642601927498878,0.1784847131200515
C-FVD,44,41,0.14824963261390073,0.15565663189020967,0.17920317437962813
C-FVD,44,42,0.14824963261390073,0.15544979335390907,0.18880947612429583
C-FVD,44,43,0.14824963261390073,0.15544979335390907,0.19003635008318162
C-FVD,44,44,0.14824963261390073,0.15441280411959402,0.21149264315356472
C-FVD,44,45,0.14824963261390073,0.15438089933401813,0.19631076906862455
C-FVD,44,46,0.14824963261390073,0.14824963261390073,0.17498547382444365
C-FVD,44,47,0.14824963261390073,0.14824963261390073,0.20444290589899708
C-FVD,44,48,0.14824963261390073,0.14824963261390073,0.21251643944567872
C-FVD,44,49,0.14818122588725935,0.14824963261390073,0.2032852252549373
C-FVD,44,50,0.14818122588725935,0.14824963261390073,0.19714932852722286
C-FVD,44,51,0.14818122588725935,0.14824963261390073,0.17433977115483684
C-FVD,44,52,0.14818122588725935,0.14824963261390073,0.18602473393090155
C-FVD,44,53,0.14818122588725935,0.14818122588725935,0.19463120873154174
C-FVD,44,54,0.14818122588725935,0.14818122588725935,0.16662368823685658
C-FVD,44,55,0.14818122588725935,0.14818122588725935,0.16911716904789956
C-FVD,44,56,0.14818122588725935,0.14818122588725935,0.17119036559800505
C-FVD,44,57,0.14818122588725935,0.14818122588725935,0.1747942225960138
C-FVD,44,58,0.14818122588725935,0.14818122588725935,0.1962593227434979
C-FVD,44,59,0.14818122588725935,0.14818122588725935,0.22507442293463495
C-FVD,44,60,0.14818122588725935,0.14818122588725935,0.22829381734709134
C-FVD,44,61,0.14818122588725935,0.14818122588725935,0.18927093932268174
C-FVD,44,62,0.14818122588725935,0.14818122588725935,0.18011366280178082
C-FVD,44,63,0.14818122588725935,0.14818122588725935,0.1766948567968643
C-FVD,44,64,0.14818122588725935,0.14818122588725935,0.16203878240265887
C-FVD,44,65,0.14818122588725935,0.14818122588725935,0.16181188442218175
C-FVD,44,66,0.14818122588725935,0.14818122588725935,0.1950905447047775
C-FVD,44,67,0.14818122588725935,0.14818122588725935,0.18248910580348293
C-FVD,44,68,0.14818122588725935,0.14818122588725935,0.21888852289424282
C-FVD,44,69,0.14818122588725935,0.14818122588725935,0.18776853630579374
C-FVD,44,70,0.14817893107014254,0.14818122588725935,0.1822809485708774
C-FVD,44,71,0.14817893107014254,0.14818122588725935,0.18236989454519803
C-FVD,44,72,0.14817893107014254,0.14818122588725935,0.16943765187098672
C-FVD,44,73,0.14817893107014254,0.14818122588725935,0.23573096286865525
C-FVD,44,74,0.14817893107014254,0.14818007847870096,0.18118269010430507
C-FVD,44,75,0.14817893107014254,0.14817893107014254,0.1764471356599477
C-FVD,44,76,0.14817893107014254,0.14817893107014254,0.20157650149377404
C-FVD,44,77,0.14817893107014254,0.14817893107014254,0.18182247086404232
C-FVD,44,78,0.14817893107014254,0.14817893107014254,0.18371043591178401
C-FVD,44,79,0.14814272447535565,0.14817893107014254,0.22076644351596994
C-FVD,44,80,0.14814272447535565,0.14817893107014254,0.20966418145732818
C-FVD,45,0,0.25304760138678817,4.974981447204742,5.1656937463293415
C-FVD,45,1,0.25304760138678817,2.4178386769588824,3.3477462345851383
C-FVD,45,2,0.25304760138678817,1.7379038977152133,2.2576473198415856
C-FVD,45,3,0.1685558366351807,1.4415518743243896,1.9139607299528743
C-FVD,45,4,0.1685558366351807,1.366427540601764,1.8505340224343123
C-FVD,45,5,0.14893426599683598,1.0142599639484398,1.1376922513885206
C-FVD,45,6,0.14893426599683598,1.0059227004130247,1.2425882238532175
C-FVD,45,7,0.14893426599683598,0.9208492690313275,1.3049527468637974
C-FVD,45,8,0.14893426599683598,0.8011100528948172,1.0362509400071016
C-FVD,45,9,0.14893426599683598,1.0469450849311817,1.320277977371872
C-FVD,45,10,0.14893426599683598,0.936597502030132,1.1148098381582268
C-FVD,45,11,0.14893426599683598,0.668334233521738,0.9211657081007387
C-FVD,45,12,0.14893426599683598,0.6968565456758505,0.8787303922100539
C-FVD,45,13,0.14753536905325748,0.5047023553451184,0.6498212026810221
C-FVD,45,14,0.13827747539467047,0.42926512972267705,0.6744942307978943
C-FVD,45,15,0.13827747539467047,0.43469405131331607,0.6855317600236444
C-FVD,45,16,0.13827747539467047,0.4758802389067447,0.6973566671544037
C-FVD,45,17,0.13827747539467047,0.45978706938626035,0.7883051801564035
C-FVD,45,18,0.13827747539467047,0.2851487408179068,0.5713523703219721
C-FVD,45,19,0.13827747539467047,0.1775770743424032,0.4170236524335275
C-FVD,45,20,0.13827747539467047,0.19099444084658188,0.2872456221544929
C-FVD,45,21,0.13827747539467047,0.17088256479757802,0.35738511566542996
C-FVD,45,22,0.13827747539467047,0.15785000949677122,0.2512362367889335
C-FVD,45,23,0.13827747539467047,0.15775150473933336,0.39168191761771765
C-FVD,45,24,0.13827747539467047,0.17205883407386274,0.4374169743419069
C-FVD,45,25,0.13827747539467047,0.16975343922819422,0.3684955056489244
C-FVD,45,26,0.13827747539467047,0.15579406037168447,0.41598647070652633
C-FVD,45,27,0.13827747539467047,0.14778250170169693,0.40197555669926943
C-FVD,45,28,0.13827747539467047,0.14753536905325748,0.3772656312957681
C-FVD,45,29,0.13623758219375467,0.1459095333376234,0.3027900872306067
C-FVD,45,30,0.13623758219375467,0.1459095333376234,0.43861225840005374
C-FVD,45,31,0.13623758219375467,0.1459095333376234,0.3055498174159585
C-FVD,45,32,0.13623758219375467,0.1459095333376234,0.26889525135771886
C-FVD,45,33,0.13623758219375467,0.1445946940324506,0.21270887187102822
C-FVD,45,34,0.13623758219375467,0.1439622303673065,0.16168246151679225
C-FVD,45,35,0.13611054461913197,0.13623758219375467,0.15857724146087557
C-FVD,45,36,0.13588532239481577,0.13623758219375467,0.16040836455965288
C-FVD,45,37,0.13588532239481577,0.13623758219375467,0.17216029995929222
C-FVD,45,38,0.13588532239481577,0.13623758219375467,0.15981488925631593
C-FVD,45,39,0.13588532239481577,0.13588532239481577,0.16602400808379422
C-FVD,45,40,0.13588532239481577,0.13588532239481577,0.15386843078568319
C-FVD,45,41,0.13588532239481577,0.13588532239481577,0.1811635300709622
C-FVD,45,42,0.13584583556183058,0.13588532239481577,0.16574617204160524
C-FVD,45,43,0.13583314583710243,0.13588532239481577,0.1729767781459794
C-FVD,45,44,0.13583314583710243,0.13588532239481577,0.15765257004912178
C-FVD,45,45,0.13583314583710243,0.13588532239481577,0.182743876394424
C-FVD,45,46,0.1358159087902091,0.1358459720340374,0.15966819589842768
C-FVD,45,47,0.13579616148118434,0.13584583556183058,0.18993960396206774
C-FVD,45,48,0.13579616148118434,0.13584583556183058,0.19310143804859992
C-FVD,45,49,0.13579616148118434,0.13583314583710243,0.1747144805630539
C-FVD,45,50,0.13579616148118434,0.1358159087902091,0.1542288111051556
C-FVD,45,51,0.13579616148118434,0.13579616148118434,0.17730402706869205
C-FVD,45,52,0.13579616148118434,0.13579616148118434,0.20609365675443214
C-FVD,45,53,0.13579616148118434,0.13579616148118434,0.20984893226893114
C-FVD,45,54,0.13579105380120565,0.13579616148118434,0.16989629150578567
C-FVD,45,55,0.13579105380120565,0.13579616148118434,0.16821388447660507
C-FVD,45,56,0.13579105380120565,0.13579616148118434,0.21503572838606225
C-FVD,45,57,0.13579105380120565,0.13579616148118434,0.17102846029460272
C-FVD,45,58,0.13579105380120565,0.13579616148118434,0.15205245345877838
C-FVD,45,59,0.13579105380120565,0.13579105380120565,0.1594172712049304
C-FVD,45,60,0.13579105380120565,0.13579105380120565,0.18343434954568028
C-FVD,45,61,0.13579105380120565,0.13579105380120565,0.1620851247581653
C-FVD,45,62,0.13579105380120565,0.13579105380120565,0.18497244567661358
C-FVD,45,63,0.13579105380120565,0.13579105380120565,0.15657427527126241
C-FVD,45,64,0.13579105380120565,0.13579105380120565,0.2499827698785135
C-FVD,45,65,0.13579105380120565,0.13579105380120565,0.15742740088584245
C-FVD,45,66,0.13579105380120565,0.13579105380120565,0.16388553589097246
C-FVD,45,67,0.13579105380120565,0.13579105380120565,0.1653874393443327
C-FVD,45,68,0.13579105380120565,0.13579105380120565,0.19621837252426136
C-FVD,45,69,0.13579105380120565,0.13579105380120565,0.22012683179310139
C-FVD,45,70,0.13579105380120565,0.13579105380120565,0.18542237097630512
C-FVD,45,71,0.13579105380120565,0.13579105380120565,0.159054982945161
C-FVD,45,72,0.13579105380120565,0.13579105380120565,0.1528268623761999
C-FVD,45,73,0.13579105380120565,0.13579105380120565,0.20829775022782437
C-FVD,45,74,0.1357892687014242,0.13579105380120565,0.19101984883204867
C-FVD,45,75,0.1357892687014242,0.13579105380120565,0.16425676754117433
C-FVD,45,76,0.1357892687014242,0.13579105380120565,0.23115797055504753
C-FVD,45,77,0.1357892687014242,0.13579105380120565,0.19789411975391033
C-FVD,45,78,0.13578904486838106,0.1357892687014242,0.20680212203142262
C-FVD,45,79,0.13578904486838106,0.1357892687014242,0.1644671943321426
C-FVD,45,80,0.13578904486838106,0.1357892687014242,0.1952717004316913
C-FVD,46,0,0.3342390170729327,5.423186212101095,5.347895812360061
C-FVD,46,1,0.30179227403272146,3.51161046045232,4.167643257765813
C-FVD,46,2,0.30179227403272146,2.5484695071161805,3.1408487154300615
C-FVD,46,3,0.30179227403272146,1.877580500393317,2.210452186952933
C-FVD,46,4,0.21257550729865612,2.0592508353037315,2.664599845025319
C-FVD,46,5,0.21257550729865612,0.9916606974350871,1.6600889212933645
C-FVD,46,6,0.20604104255262584,0.7348841061750963,1.6458755316997655
C-FVD,46,7,0.20604104255262584,0.4917794728568461,1.177219713112589
C-FVD,46,8,0.20604104255262584,0.21673908392555088,0.747849215972384
C-FVD,46,9,0.20604104255262584,0.212389674906399,0.31374720260046707
C-FVD,46,10,0.20604104255262584,0.20604104255262584,0.2869180695320219
C-FVD,46,11,0.20604104255262584,0.20604104255262584,0.2874892002566286
C-FVD,46,12,0.20573465386906903,0.20604104255262584,0.24766451751915014
C-FVD,46,13,0.18117623205511704,0.20604104255262584,0.2277051771347961
C-FVD,46,14,0.18117623205511704,0.20604104255262584,0.3144284433166774
C-FVD,46,15,0.18117623205511704,0.20604104255262584,0.4054053012011809
C-FVD,46,16,0.17854348151962696,0.20604104255262584,0.4296094960674662
C-FVD,46,17,0.17854348151962696,0.20604104255262584,0.3162815080964749
C-FVD,46,18,0.17854348151962696,0.20573465386906903,0.3146825258745011
C-FVD,46,19,0.14323768322342986,0.20573465386906903,0.39535490512320687
C-FVD,46,20,0.1407426939700238,0.17854348151962696,0.2916569320879812
C-FVD,46,21,0.1407426939700238,0.17854348151962696,0.2556130127512152
C-FVD,46,22,0.1407426939700238,0.17323059462120663,0.295527433951268
C-FVD,46,23,0.1351305928495279,0.14294376744371579,0.17289997401560592
C-FVD,46,24,0.1351305928495279,0.1407426939700238,0.20147465531927342
C-FVD,46,25,0.1351305928495279,0.1407426939700238,0.2824814937894976
C-FVD,46,26,0.13469127229621528,0.14066658144272037,0.24208222020014547
C-FVD,46,27,0.13232812284102632,0.13809587419069227,0.2057184984614115
C-FVD,46,28,0.13232812284102632,0.1351305928495279,0.2825515760882531
C-FVD,46,29,0.12942940829010888,0.1351305928495279,0.18215256117856807
C-FVD,46,30,0.12703795931442366,0.1324232526204253,0.1599366412553097
C-FVD,46,31,0.12703795931442366,0.13232812284102632,0.2019524092908758
C-FVD,46,32,0.126884034517729,0.13150077339105098,0.2758666964578337
C-FVD,46,33,0.12654854538318902,0.1300803539039107,0.22570272003933206
C-FVD,46,34,0.12654854538318902,0.12942940829010888,0.22085013341523677
C-FVD,46,35,0.12577562928909672,0.12942940829010888,0.17399864507644844
C-FVD,46,36,0.12577562928909672,0.12809532994674078,0.2222917422836254
C-FVD,46,37,0.12577562928909672,0.12703795931442366,0.2488820836568883
C-FVD,46,38,0.12312155816789393,0.12654854538318902,0.24434030348171326
C-FVD,46,39,0.12312155816789393,0.1260853030870387,0.1963944273623477
C-FVD,46,40,0.12303997202393505,0.12577562928909672,0.26282825599595777
C-FVD,46,41,0.12290596138691913,0.12577562928909672,0.1999517436055078
C-FVD,46,42,0.12290596138691913,0.12312155816789393,0.3050152701020007
C-FVD,46,43,0.12196038379135281,0.12312155816789393,0.19285725824225008
C-FVD,46,44,0.11707116172372775,0.12312155816789393,0.22237947709786315
C-FVD,46,45,0.11707116172372775,0.12304102206560814,0.3548905780471728
C-FVD,46,46,0.11707116172372775,0.12248585030792539,0.19388557228798511
C-FVD,46,47,0.11707116172372775,0.12179522910316395,0.22321837533558864
C-FVD,46,48,0.1156500162286191,0.12177659807484364,0.22357142850146253
C-FVD,46,49,0.1156500162286191,0.12169030287644939,0.1805130216321113
C-FVD,46,50,0.1156500162286191,0.12169030287644939,0.17569849742632937
C-FVD,46,51,0.1156500162286191,0.12169030287644939,0.2722979891134669
C-FVD,46,52,0.11562340996501405,0.11707116172372775,0.21812033140397002
C-FVD,46,53,0.11214365214020881,0.11598010154952093,0.19955084942369603
C-FVD,46,54,0.11214365214020881,0.1156500162286191,0.21911588585493644
C-FVD,46,55,0.11120897922069686,0.1156500162286191,0.3013267929648961
C-FVD,46,56,0.11120897922069686,0.1156500162286191,0.1717151720112409
C-FVD,46,57,0.11103875604693657,0.11269656081678958,0.19990681639497343
C-FVD,46,58,0.11005617609577374,0.11214283319184541,0.20614319264579758
C-FVD,46,59,0.10957140962220462,0.11120897922069686,0.15029189261216794
C-FVD,46,60,0.10913931411564844,0.11120897922069686,0.13808106937412454
C-FVD,46,61,0.10729707870226904,0.11103875604693657,0.32505332709941376
C-FVD,46,62,0.10729707870226904,0.10981379285898918,0.20357745981194728
C-FVD,46,63,0.10729707870226904,0.10913931411564844,0.25870117540988063
C-FVD,46,64,0.10618150029857179,0.10913931411564844,0.27337003050768227
C-FVD,46,65,0.1054006097592313,0.10729707870226904,0.17065726816700671
C-FVD,46,66,0.1054006097592313,0.10729707870226904,0.22966888907803043
C-FVD,46,67,0.1054006097592313,0.10728712455726527,0.12248346517559408
C-FVD,46,68,0.1054006097592313,0.10612859532196536,0.17226795921241111
C-FVD,46,69,0.1054006097592313,0.10568153666766265,0.14731441347827953
C-FVD,46,70,0.1054006097592313,0.1054006097592313,0.2095330008912183
C-FVD,46,71,0.10476573287650053,0.1054006097592313,0.18982104526402246
C-FVD,46,72,0.10476573287650053,0.1054006097592313,0.18873098692026624
C-FVD,46,73,0.10476573287650053,0.1054006097592313,0.19365713184525796
C-FVD,46,74,0.10476573287650053,0.1054006097592313,0.22646367607329665
C-FVD,46,75,0.10425304427254947,0.1054006097592313,0.1469448131322399
C-FVD,46,76,0.10425304427254947,0.10476573287650053,0.19509311301363422
C-FVD,46,77,0.10363062992839868,0.10476573287650053,0.21412559727523583
C-FVD,46,78,0.10363062992839868,0.10432354078758053,0.205134604611252
C-FVD,46,79,0.10363062992839868,0.10425304427254947,0.14981687727462242
C-FVD,46,80,0.10344482094308442,0.10425304427254947,0.21457228463781747
GAPB,42,0,1.0479170998869465,8.056603745520363,7.551396761351152
GAPB,42,1,0.46211952712595455,5.795704018992234,5.518013685642524
GAPB,42,2,0.46211952712595455,3.283135719478948,3.7135531339942327
GAPB,42,3,0.46211952712595455,1.7425794241885422,2.1660561016998066
GAPB,42,4,0.28890343124898177,1.3454940096953534,1.7228696855954004
GAPB,42,5,0.28890343124898177,1.2538006732242564,1.6118618156806537
GAPB,42,6,0.27416180507958343,0.8886210775870387,1.2233997067958624
GAPB,42,7,0.2630908487031893,0.650466006423578,0.9982461759673723
GAPB,42,8,0.2445493573849306,0.5033528651497291,0.6819622072101166
GAPB,42,9,0.2445493573849306,0.33535096877763376,0.4624861423957763
GAPB,42,10,0.2445493573849306,0.2966640651337895,0.3453674807587144
GAPB,42,11,0.2445493573849306,0.27366039081871074,0.3572936013349233
GAPB,42,12,0.24357102546849665,0.25939548563654774,0.278940032808167
GAPB,42,13,0.24357102546849665,0.2567455877724048,0.27360948900828924
GAPB,42,14,0.24357102546849665,0.249718886588421,0.25766761140502803
GAPB,42,15,0.2434808946410157,0.24521672137291683,0.2657733707176931
GAPB,42,16,0.2370686495878901,0.2445493573849306,0.2530304119224669
GAPB,42,17,0.2370686495878901,0.24360932167939722,0.25243364015753816
GAPB,42,18,0.2368456991753951,0.24356671995014123,0.2524212542101133
GAPB,42,19,0.23671778988914552,0.24355361885387203,0.28638973572662124
GAPB,42,20,0.22986475716747573,0.24269844677714797,0.24923283439053315
GAPB,42,21,0.2286861009104153,0.2371454844515032,0.24927474965337848
GAPB,42,22,0.22712103691013324,0.23674295674431478,0.25568310817335205
GAPB,42,23,0.2266309572372773,0.2366383235550199,0.24997811223598454
GAPB,42,24,0.21762437838382354,0.2348278293969382,0.24563800780091496
GAPB,42,25,0.21761222181080814,0.23310896287150645,0.24081779065833167
GAPB,42,26,0.21673743355551717,0.22980716319384714,0.25341070164447604
GAPB,42,27,0.21673690772544335,0.22712103691013324,0.253968427159578
GAPB,42,28,0.2099454223697067,0.21879684652301531,0.27810640427797156
GAPB,42,29,0.2099454223697067,0.21758178286132307,0.25664808133501643
GAPB,42,30,0.19099331272232398,0.21673760118725516,0.23117762441766573
GAPB,42,31,0.19099331272232398,0.21669394234840977,0.23537518324089501
GAPB,42,32,0.19043372399287734,0.21600664740092915,0.2225849765611548
GAPB,42,33,0.19043372399287734,0.21431141069400986,0.25480488171576043
GAPB,42,34,0.19024377682498467,0.2101733023441015,0.2341089734019249
GAPB,42,35,0.1891102923501077,0.20774142299022083,0.24907607617749047
GAPB,42,36,0.1891102923501077,0.2055485128964536,0.24723606559286906
GAPB,42,37,0.18890271673824927,0.19701438834004006,0.2831153693919654
GAPB,42,38,0.18890271673824927,0.19102589988178964,0.21546622934288423
GAPB,42,39,0.18884587796243898,0.19045291953742083,0.26411461630419397
GAPB,42,40,0.18882322363638335,0.19018676662327866,0.2595654366634218
GAPB,42,41,0.18882322363638335,0.18914589894892614,0.22576661626897335
GAPB,42,42,0.18750697527763066,0.18894173917371623,0.2316221825771709
GAPB,42,43,0.18750697527763066,0.18889162359843764,0.23911847827863641
GAPB,42,44,0.18750697527763066,0.18884128722143204,0.24139868649885624
GAPB,42,45,0.1873497636185342,0.18878023630649404,0.21618707323443445
GAPB,42,46,0.18699805017417576,0.18801956955947774,0.24815422277810104
GAPB,42,47,0.18699016876449956,0.1877080020251726,0.28184153251622657
GAPB,42,48,0.1867354046714483,0.18750697527763066,0.24515936212150768
GAPB,42,49,0.18622529613672958,0.18723348995045597,0.21755021930634316
GAPB,42,50,0.1839882425232813,0.18699982941892293,0.23641123046330761
GAPB,42,51,0.1839882425232813,0.18698000962677316,0.20204851114152447
GAPB,42,52,0.1839882425232813,0.1867354046714483,0.23266134245603903
GAPB,42,53,0.183958589970737,0.1864370897822282,0.2262455966575241
GAPB,42,54,0.183214474193682,0.1855173186432449,0.22581703074220208
GAPB,42,55,0.18302568793978494,0.1839882425232813,0.2025434838801826
GAPB,42,56,0.1822241917249576,0.1839882425232813,0.2692228284413918
GAPB,42,57,0.18209813529134422,0.18328704797527753,0.19608702224615338
GAPB,42,58,0.18209813529134422,0.183214474193682,0.2312818703659777
GAPB,42,59,0.18143161816072492,0.18302568793978494,0.22391761616464165
GAPB,42,60,0.18063071393047642,0.182410462435499,0.22453323078435938
GAPB,42,61,0.1801984492550418,0.18209813529134422,0.24653910487806255
GAPB,42,62,0.1801984492550418,0.18209813529134422,0.2782619103317149
GAPB,42,63,0.17960046012343334,0.18209813529134422,0.254090002123343
GAPB,42,64,0.1791610371788737,0.18083412867733228,0.24295927640377507
GAPB,42,65,0.17838849909018356,0.18063071393047642,0.28225911763453904
GAPB,42,66,0.17822055344064752,0.18062168924646466,0.25535651779633545
GAPB,42,67,0.1770365819790484,0.17960046012343334,0.22542380408312465
GAPB,42,68,0.1770365819790484,0.17960046012343334,0.2400814128105404
GAPB,42,69,0.17683315439388397,0.17952494680087855,0.2112173346683742
GAPB,42,70,0.17645204176075152,0.1788491769286762,0.28276609791473795
GAPB,42,71,0.1763132686990675,0.17819551055009636,0.24597779062563077
GAPB,42,72,0.17575968539439726,0.17740859737185394,0.23863492841660572
GAPB,42,73,0.17543690910508714,0.17646145588498335,0.25290185053623576
GAPB,42,74,0.17435867315907677,0.17632218918182588,0.1872602058499372
GAPB,42,75,0.17169370100223688,0.17614883656304375,0.19617788007165224
GAPB,42,76,0.17169370100223688,0.1758708137163836,0.21170260397045676
GAPB,42,77,0.16679387478875068,0.174558357822016,0.24263633242126087
GAPB,42,78,0.14896294077865738,0.17435867315907677,0.2738024668503678
GAPB,42,79,0.14896294077865738,0.17435297067041944,0.25785282334331994
GAPB,42,80,0.1488150931575359,0.1738513130239442,0.3186883827507084
GAPB,43,0,0.45506683472305715,8.299048350142755,7.5332402877318305
GAPB,43,1,0.4177558881522913,5.210350271280387,4.900001801703482
GAPB,43,2,0.4177558881522913,2.6930624993968246,3.3532043370089606
GAPB,43,3,0.324759491593309,1.5859983099925623,2.063319028498413
GAPB,43,4,0.29253352852399356,0.9747356446106752,1.1535324423577946
GAPB,43,5,0.23529238755669377,0.6641656872584436,0.9068789252803435
GAPB,43,6,0.23529238755669377,0.40322299635023595,0.5705441141618297
GAPB,43,7,0.23529238755669377,0.3250670081692319,0.4201725346255123
GAPB,43,8,0.2346172298650023,0.3068889274642394,0.381459765231106
GAPB,43,9,0.23414469792019896,0.30251969068971607,0.3797223711315199
GAPB,43,10,0.22478313940462766,0.2703658889424595,0.3273059073715394
GAPB,43,11,0.22478313940462766,0.24111924464267565,0.30377701312566185
GAPB,43,12,0.2243670143844119,0.2352917922733448,0.26191449350771373
GAPB,43,13,0.22411604848924074,0.2346172298650023,0.25981230222109475
GAPB,43,14,0.22411604848924074,0.23389789822800872,0.25920857067179165
GAPB,43,15,0.22411604848924074,0.2317460773676771,0.2576581144821658
GAPB,43,16,0.2238575122278492,0.23172771061174557,0.28170853112318905
GAPB,43,17,0.22026847481330022,0.2314477971053587,0.26276787831349957
GAPB,43,18,0.22026847481330022,0.22478662689546722,0.25784166304997047
GAPB,43,19,0.22026847481330022,0.2243319428530176,0.2506257623347626
GAPB,43,20,0.21985786071703,0.22411604848924074,0.26829424901683563
GAPB,43,21,0.21985786071703,0.22377969292528174,0.24307666056365498
GAPB,43,22,0.2196806427806934,0.22283913689697488,0.23698731769484307
GAPB,43,23,0.21791710470528916,0.22189285263723982,0.24752801523457954
GAPB,43,24,0.21791710470528916,0.2216703410913141,0.3012357450671037
GAPB,43,25,0.2178985405829661,0.2212097855542982,0.24946671817140625
GAPB,43,26,0.21760243718810873,0.22049471977581656,0.2687660226580723
GAPB,43,27,0.21760243718810873,0.21856275961110808,0.25791968828289574
GAPB,43,28,0.21760243718810873,0.21791710470528916,0.2657480820220061
GAPB,43,29,0.21731725765468674,0.21791710470528916,0.2532245005618818
GAPB,43,30,0.21716073693898347,0.2178985405829661,0.22453149075848974
GAPB,43,31,0.216908427851654,0.21768169303207857,0.2683847202996506
GAPB,43,32,0.21684344837090555,0.21761683747991648,0.2580204805709092
GAPB,43,33,0.2162108278075454,0.21760243718810873,0.24735513065352852
GAPB,43,34,0.21574002437449685,0.21760067770211983,0.25368060240543544
GAPB,43,35,0.21553829323912727,0.21739212557686016,0.26481890827206866
GAPB,43,36,0.215474507298398,0.21716073693898347,0.22711630878136965
GAPB,43,37,0.215474507298398,0.216908427851654,0.23501101286697598
GAPB,43,38,0.215474507298398,0.21631289023917838,0.237081323536787
GAPB,43,39,0.21546719864317315,0.21553829323912727,0.24140663932648682
GAPB,43,40,0.21542818769248306,0.215474507298398,0.2559752088942628
GAPB,43,41,0.21528262866903092,0.215474507298398,0.22826871082395706
GAPB,43,42,0.21520053461045868,0.21546719864317315,0.2418124270243733
GAPB,43,43,0.21519561450272073,0.215466881063436,0.23257955827685386
GAPB,43,44,0.21513309983234497,0.21540312498971026,0.2931575031164335
GAPB,43,45,0.21497036781200105,0.21526502694749508,0.23658733564874165
GAPB,43,46,0.21486760548055503,0.2152202298497933,0.22825175847069837
GAPB,43,47,0.21483323890901895,0.21505170360855727,0.26769080617357593
GAPB,43,48,0.21470002407965863,0.2150023886578338,0.2746569925209533
GAPB,43,49,0.21470002407965863,0.21494244070610793,0.24960460002702678
GAPB,43,50,0.21470002407965863,0.21490121129901185,0.24749100183883999
GAPB,43,51,0.2143652559561351,0.21485143132882173,0.22399209681761534
GAPB,43,52,0.2143652559561351,0.21483120985825133,0.24773749144782947
GAPB,43,53,0.2143652559561351,0.21471722515939842,0.2379244176425015
GAPB,43,54,0.21436238476412833,0.21469078290523158,0.2827317444431992
GAPB,43,55,0.21435512056420894,0.2144610467078154,0.22918745406233929
GAPB,43,56,0.21435512056420894,0.21438596355104625,0.25304678698369565
GAPB,43,57,0.21435512056420894,0.21437287536768507,0.2410719707155674
GAPB,43,58,0.21435512056420894,0.2143651513641091,0.23863812534444825
GAPB,43,59,0.20893375810813025,0.21436238476412833,0.2616573245904008
GAPB,43,60,0.20893269345136925,0.21435804431857744,0.2571732296326952
GAPB,43,61,0.208866983276294,0.21435512056420894,0.24460990022148713
GAPB,43,62,0.20883702517156819,0.21435512056420894,0.27690596273220375
GAPB,43,63,0.2088307768439938,0.21435349712289103,0.2426306700592022
GAPB,43,64,0.20876887035020752,0.21434913730840643,0.27104833897701097
GAPB,43,65,0.20869928036521432,0.20913099258999346,0.2415735827215286
GAPB,43,66,0.20867826670864914,0.20891436049456408,0.24286497490810582
GAPB,43,67,0.20865158705665202,0.20889483974246212,0.2757299803413188
GAPB,43,68,0.20862403162189572,0.2087915397557963,0.2266273578510571
GAPB,43,69,0.20859332188292068,0.20873843627228508,0.27707548149890326
GAPB,43,70,0.20564686965322937,0.20866677660227007,0.23497267294236956
GAPB,43,71,0.205553765338392,0.20865158705665202,0.22636941391022983
GAPB,43,72,0.205553765338392,0.20865122353610382,0.23455801516808947
GAPB,43,73,0.20538967935953703,0.20859332188292068,0.2365475994070067
GAPB,43,74,0.20538967935953703,0.2085931877834773,0.23095619633256728
GAPB,43,75,0.20519381185965363,0.2085931877834773,0.25268421812256164
GAPB,43,76,0.20394733106778187,0.20853472457843325,0.23442630305892787
GAPB,43,77,0.20394733106778187,0.20789014207564432,0.2282226104438175
GAPB,43,78,0.20391747074887592,0.20538997528248099,0.24496178354512613
GAPB,43,79,0.2039174656234164,0.20531481795028728,0.2397695124947474
GAPB,43,80,0.2039174656234164,0.2040728257919961,0.2626989654276134
GAPB,44,0,1.4922220435373688,7.4959612697443045,7.347102576411406
GAPB,44,1,0.7710112565519504,4.84505644555739,4.65247812159958
GAPB,44,2,0.630034120987101,2.4680472402604243,3.0334646813361017
GAPB,44,3,0.630034120987101,1.4678943650914436,1.8264365597069387
GAPB,44,4,0.39235709661823515,1.3370404455594243,1.7326361278291322
GAPB,44,5,0.39235709661823515,1.1788499860169641,1.3680769991429451
GAPB,44,6,0.29121624841840943,1.0215449402311145,1.2218034935932176
GAPB,44,7,0.29121624841840943,0.7341926935065863,0.8980722887094135
GAPB,44,8,0.29121624841840943,0.6822351492240356,0.8044444304879194
GAPB,44,9,0.291149830477284,0.4777169811352417,0.5705311709166615
GAPB,44,10,0.28714924355048105,0.3940014234407305,0.4455155388143256
GAPB,44,11,0.28714924355048105,0.3816117907871438,0.3825140574411664
GAPB,44,12,0.28714924355048105,0.29853321843738556,0.3529728632002053
GAPB,44,13,0.2870798242265838,0.29121624841840943,0.3137932018333089
GAPB,44,14,0.28199940681902375,0.29121624841840943,0.2915183816389843
GAPB,44,15,0.28199940681902375,0.28716676338872404,0.3274450126280968
GAPB,44,16,0.2816512363675874,0.2870798242265838,0.31808879900825837
GAPB,44,17,0.27924113861449457,0.28610464058519164,0.30705197071343626
GAPB,44,18,0.2759362359867998,0.2827041961015181,0.30301523970139954
GAPB,44,19,0.27585608119048083,0.28247150774904045,0.30494760354603495
GAPB,44,20,0.2756158534894843,0.2822710005296334,0.3047220611228977
GAPB,44,21,0.2714091794033754,0.2824313721915197,0.32634429985339447
GAPB,44,22,0.2714091794033754,0.28139940667544916,0.30138595498787873
GAPB,44,23,0.2710253414517143,0.275935941911407,0.28859204485930934
GAPB,44,24,0.2618870886115654,0.27292773105963025,0.30461521893678817
GAPB,44,25,0.2618870886115654,0.2717477088875593,0.29932640144735123
GAPB,44,26,0.2618558560268883,0.27115514593484735,0.2861411517474566
GAPB,44,27,0.2602191685231139,0.26615881164422545,0.27172995744052003
GAPB,44,28,0.2599612193819257,0.2619476238435782,0.27618154200011824
GAPB,44,29,0.25818554274406197,0.26186399950253997,0.28258496623581225
GAPB,44,30,0.2509692431805903,0.2603095072193619,0.264385491852737
GAPB,44,31,0.2509692431805903,0.2601924465112672,0.28157349479931676
GAPB,44,32,0.25003568931590087,0.2600094298875378,0.2870334706632469
GAPB,44,33,0.25003568931590087,0.25994037681931886,0.28928612753576155
GAPB,44,34,0.2485919612031598,0.2583280870742809,0.2628078260943263
GAPB,44,35,0.2485919612031598,0.2578617337686739,0.29515992055683005
GAPB,44,36,0.24803275842803404,0.25233736094895187,0.2698498326639394
GAPB,44,37,0.24803275842803404,0.2501779784304485,0.2639286777365648
GAPB,44,38,0.2479511727111139,0.2499805472201672,0.2922958017317361
GAPB,44,39,0.2479511727111139,0.24903794348806485,0.2709852123807359
GAPB,44,40,0.24751136925629835,0.24857784347048903,0.27764734738067975
GAPB,44,41,0.24700816614967902,0.24844603472034732,0.2792639802684558
GAPB,44,42,0.24685612335511545,0.2482707945429556,0.2596315467928464
GAPB,44,43,0.24673546619013945,0.24793382457420696,0.26706102115747815
GAPB,44,44,0.24658015199674324,0.24748598522837661,0.2996969365043989
GAPB,44,45,0.24658015199674324,0.24695335869337523,0.2705304821373714
GAPB,44,46,0.2463068252295571,0.24677664838622623,0.2524707428471723
GAPB,44,47,0.24625235233893517,0.2466349291554307,0.2639122676222864
GAPB,44,48,0.2462512367311625,0.24659186172395706,0.26182752464532466
GAPB,44,49,0.24621738508604155,0.24650792275585362,0.283616298774578
GAPB,44,50,0.24620969113462476,0.2463068252295571,0.2504256296309903
GAPB,44,51,0.24620969113462476,0.24625235233893517,0.258440035080893
GAPB,44,52,0.24537075940043923,0.2462198653939995,0.29755437300143917
GAPB,44,53,0.24531168016056834,0.2462162750614679,0.2541118595861878
GAPB,44,54,0.2453108073571782,0.24620969113462476,0.27635864807568067
GAPB,44,55,0.2453047821211292,0.24620969113462476,0.27004324986620004
GAPB,44,56,0.2451048691726733,0.24616518565343593,0.2704923637418762
GAPB,44,57,0.24510380489086003,0.24531168016056834,0.27276329081758777
GAPB,44,58,0.24496522570720994,0.2453108073571782,0.27534892182437093
GAPB,44,59,0.24496522570720994,0.2453047821211292,0.26145554668515314
GAPB,44,60,0.2449463495106797,0.24530134287801753,0.29674945380271445
GAPB,44,61,0.24494630702106499,0.2451048691726733,0.2562374848086709
GAPB,44,62,0.24492530898835974,0.24510380489086003,0.2669644817622654
GAPB,44,63,0.24492530898835974,0.24510157094153606,0.2729736092440656
GAPB,44,64,0.24465818885994417,0.24509370103843803,0.26696190962754923
GAPB,44,65,0.24463950139801346,0.2449463495106797,0.2595720472132068
GAPB,44,66,0.24463950139801346,0.24494281413557395,0.2816353187907714
GAPB,44,67,0.24463922336638752,0.24492530898835974,0.25074137322549056
GAPB,44,68,0.244614403487555,0.2449007802794604,0.2627031296888043
GAPB,44,69,0.244474158958957,0.2446399266072047,0.24612198773468033
GAPB,44,70,0.2444693469501383,0.24463946685078264,0.2611087672690392
GAPB,44,71,0.2444693469501383,0.24463925791291363,0.2911356856304732
GAPB,44,72,0.24444294847827536,0.24447409417482505,0.24936233854366524
GAPB,44,73,0.24444294847827536,0.244469702862542,0.29159795162378677
GAPB,44,74,0.24429173045415323,0.2444693469501383,0.2847436076820437
GAPB,44,75,0.24429173045415323,0.24446601961205267,0.2597789747475826
GAPB,44,76,0.2442735604135068,0.24444294847827536,0.25817250851584517
GAPB,44,77,0.2442279561459703,0.24444294847827536,0.27185125278040206
GAPB,44,78,0.244226872897584,0.24429173045415323,0.2562008206765948
GAPB,44,79,0.244226872897584,0.2442735604135068,0.273805122572638
GAPB,44,80,0.24166889336078748,0.24427348171866264,0.2508179114900759
GAPB,45,0,1.0254097297099802,7.8341510749175125,7.412244388792378
GAPB,45,1,0.7979127350783597,4.9105516501676,5.164583032967661
GAPB,45,2,0.6635993826066612,2.8775143528825327,3.304262673255743
GAPB,45,3,0.622020823394866,1.6334423182890934,2.176928561995799
GAPB,45,4,0.5196934527641655,1.4820043284844742,1.768692116399996
GAPB,45,5,0.44876114038642656,1.2783815648603367,1.4426311088341746
GAPB,45,6,0.35132205587257725,0.971741798980551,1.328245690412059
GAPB,45,7,0.35132205587257725,0.9685241298917622,1.2992172898334153
GAPB,45,8,0.3187550126911029,0.7339666141707006,0.9441811383874966
GAPB,45,9,0.30419295832742693,0.6521100773301207,0.8995180581889021
GAPB,45,10,0.28541257005014947,0.435531182495707,0.58904754401013
GAPB,45,11,0.28541257005014947,0.3653684781906623,0.4841602543193122
GAPB,45,12,0.28541257005014947,0.3471381355631016,0.4037624554558177
GAPB,45,13,0.28541257005014947,0.33994229333131093,0.4397247934505464
GAPB,45,14,0.2721703952087252,0.3314694414128674,0.43660100210238534
GAPB,45,15,0.2721703952087252,0.31239513108925143,0.4052539407180864
GAPB,45,16,0.2721703952087252,0.3026915928309566,0.3747608654059587
GAPB,45,17,0.2721703952087252,0.30033683525684846,0.364727599885512
GAPB,45,18,0.2721703952087252,0.3005970027098964,0.4093887241103573
GAPB,45,19,0.2721703952087252,0.3044530403916449,0.5167948685787089
GAPB,45,20,0.2718859498508065,0.30075632056465684,0.44267212698014285
GAPB,45,21,0.2710507023740866,0.29414990594636153,0.3470593181124755
GAPB,45,22,0.2627243885345799,0.30066917993818126,0.42069145180524786
GAPB,45,23,0.2627243885345799,0.2933204167495844,0.3873686572874347
GAPB,45,24,0.2627243885345799,0.28283275681457265,0.37035857588504734
GAPB,45,25,0.2607545159904586,0.27214966948202474,0.2965388864776231
GAPB,45,26,0.2600736800785907,0.27002422821021893,0.2890903095374528
GAPB,45,27,0.2600736800785907,0.2627243885345799,0.2958043847189323
GAPB,45,28,0.2600736800785907,0.26263954963162256,0.2987183917097458
GAPB,45,29,0.2596506797361708,0.2613790921947747,0.29049832728902286
GAPB,45,30,0.2596506797361708,0.260943234784679,0.2892852145623234
GAPB,45,31,0.2595013604873741,0.2600736800785907,0.2978011413763919
GAPB,45,32,0.2595013604873741,0.25998215534633795,0.274929066059303
GAPB,45,33,0.2595013604873741,0.2596506797361708,0.27967141385759636
GAPB,45,34,0.2591898261974742,0.25963366650392555,0.2753031339668718
GAPB,45,35,0.25917696343756036,0.2595013604873741,0.28383678304786686
GAPB,45,36,0.2591001003027255,0.2594894314618102,0.26370418442583454
GAPB,45,37,0.2591001003027255,0.2592833141519042,0.280997905883189
GAPB,45,38,0.2589684848967538,0.2592003908928645,0.27006613586812694
GAPB,45,39,0.2589684848967538,0.2591528304384347,0.2678179168143798
GAPB,45,40,0.2588403808735259,0.2591001003027255,0.3142528830380041
GAPB,45,41,0.258632763229839,0.25901273964575633,0.29837384788494953
GAPB,45,42,0.258632763229839,0.2589684848967538,0.2787142428868549
GAPB,45,43,0.25858954702668496,0.2588403808735259,0.3113680976192778
GAPB,45,44,0.2585495625829787,0.25882272934862843,0.30087387873600036
GAPB,45,45,0.2585495625829787,0.25881595450495665,0.3028355571221859
GAPB,45,46,0.2585188743685075,0.2586310556999435,0.28214216301190914
GAPB,45,47,0.2585186616572042,0.25858570507322515,0.27808864664370964
GAPB,45,48,0.2584803098297762,0.2585745645937078,0.27484470064967065
GAPB,45,49,0.2584416078492393,0.258529913953104,0.28644609376756036
GAPB,45,50,0.25842299198664476,0.25851821137514447,0.2897619916027041
GAPB,45,51,0.25840937513620693,0.2584798865174079,0.26787216978542655
GAPB,45,52,0.25840937513620693,0.25846806749532925,0.2850824338321147
GAPB,45,53,0.25840937513620693,0.2584456322081227,0.28449069542661937
GAPB,45,54,0.25840937513620693,0.25842419737451094,0.2723484947763277
GAPB,45,55,0.2582860348960369,0.25841333194507304,0.2869945199027496
GAPB,45,56,0.2582860348960369,0.2584096594215584,0.2948517520611708
GAPB,45,57,0.25819210276561294,0.25840954532244625,0.26403309397085567
GAPB,45,58,0.25819210276561294,0.2584093498691832,0.27603526265279543
GAPB,45,59,0.2581898814459756,0.2582860348960369,0.2971456047854276
GAPB,45,60,0.2581898814459756,0.25828499616684264,0.2649362976947574
GAPB,45,61,0.2581120879094603,0.2581924951412383,0.277389136398796
GAPB,45,62,0.25811197061754376,0.2581919439360859,0.27501354493816976
GAPB,45,63,0.2581118310259684,0.2581904783901532,0.26319395445875804
GAPB,45,64,0.2581113172710894,0.25818952093742153,0.2838549721459579
GAPB,45,65,0.25736090931696665,0.25813388910067403,0.26590947630611445
GAPB,45,66,0.25736000438554274,0.25811190607608936,0.27706492726125326
GAPB,45,67,0.25736000438554274,0.2581113172710894,0.28327442110359197
GAPB,45,68,0.25723879965847823,0.2581111357432391,0.2857104292547456
GAPB,45,69,0.25723663926303314,0.2581096361595107,0.28167380738070363
GAPB,45,70,0.25723663926303314,0.25809561014060717,0.2705801577764592
GAPB,45,71,0.25722138951321416,0.25780741680917796,0.2721148583353777
GAPB,45,72,0.2572200346054492,0.25735989590602026,0.26699509373276853
GAPB,45,73,0.2571528762318755,0.25723799492327665,0.29441842976110677
GAPB,45,74,0.25715266446335044,0.25723663926303314,0.2825174949797419
GAPB,45,75,0.25715266446335044,0.25723548384550854,0.30213000758061626
GAPB,45,76,0.25715227252840794,0.25715771001870036,0.27321864679574115
GAPB,45,77,0.25715227252840794,0.25715357519629967,0.29068560231098417
GAPB,45,78,0.2571522123392759,0.25715266446335044,0.26943464861982613
GAPB,45,79,0.25714624514557427,0.25715266446335044,0.271030048347987
GAPB,45,80,0.25714624514557427,0.25715266446335044,0.301252277155973
GAPB,46,0,0.5791480597588519,8.119626146072198,7.687893027342509
GAPB,46,1,0.5791480597588519,5.163218268228982,5.12110534388901
GAPB,46,2,0.5791480597588519,2.264931072477018,2.7481901480662776
GAPB,46,3,0.3147678492698194,1.5007148104752046,1.776990903150967
GAPB,46,4,0.28806701666001944,1.2895022593556715,1.5891483382233857
GAPB,46,5,0.2766886638501506,0.9243017086726599,1.234664923463116
GAPB,46,6,0.2766886638501506,0.7170121509829974,1.0156451116116694
GAPB,46,7,0.260244475914372,0.47306261565986957,0.675265768144121
GAPB,46,8,0.25737213136290027,0.3918680090471857,0.5206863869699604
GAPB,46,9,0.25218319147008567,0.33166906390834294,0.4199236199546255
GAPB,46,10,0.25218319147008567,0.2951792438767075,0.376981915548401
GAPB,46,11,0.25218319147008567,0.2878241381522447,0.3697665438546607
GAPB,46,12,0.25218319147008567,0.2729768472269739,0.35262259426413756
GAPB,46,13,0.25218319147008567,0.2622010103113571,0.2925480214680753
GAPB,46,14,0.2443884548897968,0.260985403918073,0.27728153875360745
GAPB,46,15,0.2443884548897968,0.26105181836061975,0.31110529165661593
GAPB,46,16,0.2443884548897968,0.26005212870325334,0.28081687806908906
GAPB,46,17,0.2443884548897968,0.2570610723778578,0.27588841055308977
GAPB,46,18,0.2426241595080015,0.2541917889235913,0.2899666703951724
GAPB,46,19,0.2426241595080015,0.25218319147008567,0.28802152519709745
GAPB,46,20,0.242038544480266,0.25215277160479177,0.28525899344554917
GAPB,46,21,0.23936804145308382,0.2514172461199396,0.29792827864933397
GAPB,46,22,0.23857924653501217,0.24442121424759441,0.2664468259578525
GAPB,46,23,0.23158357815357183,0.24269442255105875,0.26561636125799387
GAPB,46,24,0.23158357815357183,0.2425655059382864,0.27934928922663294
GAPB,46,25,0.2314670530693871,0.24051174854857216,0.26849167511244576
GAPB,46,26,0.23133398598234106,0.2388016252482073,0.261276842594776
GAPB,46,27,0.23133398598234106,0.2381711271722251,0.2581743582483096
GAPB,46,28,0.23133398598234106,0.23317386441656576,0.26727751390436283
GAPB,46,29,0.23077769985473384,0.2318363008946001,0.2505791013591418
GAPB,46,30,0.23077769985473384,0.2314670530693871,0.2788101397681784
GAPB,46,31,0.2307245711048891,0.23139732858648193,0.26919775414231506
GAPB,46,32,0.23012054391958017,0.23133398598234106,0.23995539360548931
GAPB,46,33,0.23009401814610553,0.23092822033202942,0.23233209693165377
GAPB,46,34,0.2294514859393459,0.2307245711048891,0.2406514695488255
GAPB,46,35,0.2292877764618535,0.23014357970092172,0.23883612382284608
GAPB,46,36,0.22928435399117184,0.2300966065734852,0.2730314471540075
GAPB,46,37,0.22928353934839993,0.23009319699789432,0.25114521649699656
GAPB,46,38,0.22927796670122969,0.2300258869901357,0.2509599019174156
GAPB,46,39,0.22912527587081472,0.22976730082269067,0.26002819809191824
GAPB,46,40,0.22901066903199715,0.2292856274491582,0.2761703216029659
GAPB,46,41,0.2290106103857812,0.22928348918620856,0.23626584440662582
GAPB,46,42,0.2288710769554897,0.22928016911551405,0.2567222164734983
GAPB,46,43,0.22858911110241428,0.22912452260210717,0.27512563282725144
GAPB,46,44,0.2285797474954379,0.2291031329397538,0.27595164664727445
GAPB,46,45,0.2285796949788421,0.22900128619083093,0.24998693661780558
GAPB,46,46,0.2284466334168867,0.22871873710435014,0.2598822675040296
GAPB,46,47,0.22572702406511355,0.2285909765237434,0.23414543872986196
GAPB,46,48,0.22572702406511355,0.22858060035779812,0.26367157733597035
GAPB,46,49,0.2245524926654651,0.22857952080548175,0.24247421069464722
GAPB,46,50,0.22269139110703517,0.22847017652400395,0.27148119119419656
GAPB,46,51,0.2165502059883255,0.2284466334168867,0.2587515706107166
GAPB,46,52,0.21280503985886956,0.22822669686983982,0.26998121406544523
GAPB,46,53,0.21230615331742939,0.22816525608073313,0.25496057041164755
GAPB,46,54,0.21230615331742939,0.22582537481995352,0.2520687696707936
GAPB,46,55,0.2122919717634138,0.2164627550304735,0.2271249604139966
GAPB,46,56,0.2122919717634138,0.21330118491222305,0.2313987501185069
GAPB,46,57,0.21096972521990487,0.21234410787357777,0.21952979178053578
GAPB,46,58,0.21062851585467868,0.21230615331742939,0.23088742427142273
GAPB,46,59,0.21062851585467868,0.2122922386432507,0.2504798364593953
GAPB,46,60,0.2106108901100467,0.21229105542061394,0.25049673543535644
GAPB,46,61,0.2106108901100467,0.21105903025378162,0.25826415477366177
GAPB,46,62,0.2101903609553784,0.21062851585467868,0.24017075706254284
GAPB,46,63,0.2101903609553784,0.21062790846301585,0.22541168183972643
GAPB,46,64,0.2101681643963099,0.2106108901100467,0.23062866921543348
GAPB,46,65,0.2060718281136895,0.2106098017915618,0.21544797396450074
GAPB,46,66,0.2060718281136895,0.2106028799924581,0.2474577404316161
GAPB,46,67,0.20515008482526526,0.210174708843818,0.24848901232625603
GAPB,46,68,0.20515008482526526,0.2101681643963099,0.2463380200556881
GAPB,46,69,0.19887727507352201,0.2101681643963099,0.2399392221893592
GAPB,46,70,0.19887727507352201,0.21021099750846992,0.2861787750127207
GAPB,46,71,0.1926029993264479,0.21009407893495108,0.2242522849473117
GAPB,46,72,0.1926029993264479,0.20605860681087404,0.2407281184956052
GAPB,46,73,0.1926029993264479,0.20605021360727793,0.24503375908272834
GAPB,46,74,0.19013990307267328,0.20232038750517817,0.2319300625532094
GAPB,46,75,0.19013990307267328,0.20137689589874247,0.23610776501436637
GAPB,46,76,0.18897414019738443,0.20137159967844195,0.21428929480446482
GAPB,46,77,0.1879810329940684,0.19521285608013828,0.22512863305268754
GAPB,46,78,0.1879810329940684,0.1926029993264479,0.25123405487760775
GAPB,46,79,0.18798050851971973,0.19258484482224944,0.23143240582205904
GAPB,46,80,0.18798050851971973,0.19009133630524352,0.2392385852126565
