time_s,model,s_m,v_mps,a_mps2,gap_m
0.0,T-IDM,12.980833910669062,8.7,-0.39005288101198543,23.0
0.1,T-IDM,13.848883646264001,8.6609947118988,-0.2900932986707345,23.11841376079193
0.2,T-IDM,14.713532650960527,8.631985382031727,-0.20633186423566538,23.24489925668888
0.30000000000000004,T-IDM,15.575699529842522,8.611352195608161,-0.1448226649253905,23.375937553063885
0.4,T-IDM,16.436110636078713,8.596869929115622,-0.07552745711277103,23.51372661742919
0.5,T-IDM,17.295419991704712,8.589317183404345,-0.027252773667415086,23.654738004922557
0.6000000000000001,T-IDM,18.15421544617681,8.586591906037604,0.018210921882087908,23.798860398268186
0.7000000000000001,T-IDM,19.01296569138998,8.588412998225813,0.07555181306970528,23.949195713986605
0.8,T-IDM,19.87218475027791,8.595968179532784,0.08643025845025588,24.09624143483733
0.9,T-IDM,20.73221371952344,8.60461120537781,0.12914568295851211,24.247131968253537
1.0,T-IDM,21.593320568476013,8.61752577367366,0.1792304359790224,24.404196804306363
1.1,T-IDM,22.455969298023273,8.635448817271563,0.18970193324544615,24.558885158194645
1.2000000000000002,T-IDM,23.320462689416654,8.654419010596108,0.1973727475637854,24.710630996914492
1.3,T-IDM,24.186891454214084,8.674156285352487,0.20188816756497557,24.858942357773863
1.4000000000000001,T-IDM,25.05531652358716,8.694345102108985,0.24178478539202852,25.01239132109812
1.5,T-IDM,25.925959957725016,8.718523580648187,0.28024695082446904,25.17123563691273
1.6,T-IDM,26.799213550543957,8.746548275730634,0.3118279084079017,25.334191698788825
1.7000000000000002,T-IDM,27.67542751765906,8.777731066571423,0.2975419980788664,25.490233397329817
1.8,T-IDM,28.554688334306594,8.80748526637931,0.28746144937547624,25.640341007332086
1.9000000000000001,T-IDM,29.4368741681914,8.836231411316858,0.31668160095139103,25.79445420730928
2.0,T-IDM,30.322080717327843,8.867899571411996,0.2809733062048274,25.93680103124153
2.1,T-IDM,31.21027554100007,8.89599690203248,0.2800734323016308,26.075868840577105
2.2,T-IDM,32.10127559836482,8.924004245262642,0.2867762579561908,26.2138891100645
2.3000000000000003,T-IDM,32.995109904180865,8.952681871058262,0.2907485126907125,26.35037613669958
2.4000000000000004,T-IDM,33.89183183385015,8.981756722327333,0.2736506185911781,26.48013775218662
2.5,T-IDM,34.791375759175835,9.009121784186451,0.2860152660566333,26.610638316520976
2.6,T-IDM,35.69371801392476,9.037723310792115,0.2531817751049547,26.730696525181486
2.7,T-IDM,36.59875625387949,9.063041488302611,0.27424725143194256,26.8538551818856
2.8000000000000003,T-IDM,37.50643163896691,9.090466213445804,0.30509622159164834,26.98310688510808
2.9000000000000004,T-IDM,38.41700374141945,9.12097583560497,0.2850304370701516,27.105515076428688
3.0,T-IDM,39.33052647716529,9.149478879311985,0.26521618834383387,27.22098286130226
3.1,T-IDM,40.24680044603821,9.176000498146369,0.2599331019805601,27.33333467493786
3.2,T-IDM,41.16570016136275,9.201993808344424,0.2210779115802065,27.43410248997243
3.3000000000000003,T-IDM,42.08700493175509,9.224101599502445,0.24131714924159722,27.53834188092246
3.4000000000000004,T-IDM,43.010621677451546,9.248233314426605,0.21038385863827025,27.63329082214836
3.5,T-IDM,43.936496928187395,9.269271700290432,0.22116317336901603,27.729464397850975
3.6,T-IDM,44.864529914083285,9.291388017627334,0.17797019797901742,27.8132925623404
3.7,T-IDM,45.79455856683591,9.309185037425236,0.21228015233372508,27.904424207808624
3.8000000000000003,T-IDM,46.726538471340106,9.330413052658608,0.1706882553318972,27.983831769224636
3.9000000000000004,T-IDM,47.66043321788263,9.347481878191799,0.16282726651013638,28.059830606926994
4.0,T-IDM,48.59599554203436,9.363764604842812,0.1783295359491234,28.138634524307292
4.1000000000000005,T-IDM,49.533263650198386,9.381597558437724,0.17091439177656725,28.2145430306147
4.2,T-IDM,50.47227797800104,9.39868899761538,0.13048692296431427,28.279019332765763
4.3,T-IDM,51.412799312377395,9.411737689911812,0.14668642612325206,28.34641055566687
4.4,T-IDM,52.354706513499195,9.426406332524136,0.15738743887030263,28.415682906029275
4.5,T-IDM,53.29813408394596,9.442145076411167,0.13210724111058758,28.477598106535858
4.6000000000000005,T-IDM,54.243009127792625,9.455355800522225,0.14890481716014292,28.54282607423945
4.7,T-IDM,55.18928923193065,9.47024628223824,0.14472780271106758,28.606234596566658
4.800000000000001,T-IDM,56.13703749916803,9.484719062509345,0.15957591514451128,28.672691163190024
4.9,T-IDM,57.08630728499469,9.500676654023797,0.1351371332857673,28.732145923553333
5.0,T-IDM,58.0370506360635,9.514190367352374,0.12937228864575623,28.78925435882502
5.1000000000000005,T-IDM,58.989116534241965,9.52712759621695,0.11620998477756772,28.84222184478748
5.2,T-IDM,59.94241034378755,9.538748594694706,0.08598848187227354,28.886644743899843
5.300000000000001,T-IDM,60.896715145666384,9.547347442881934,0.12773117555293523,28.94098372422524
5.4,T-IDM,61.852088545832345,9.560120560437227,0.108490509657926,28.989925624280147
5.5,T-IDM,62.80864305442436,9.570969611403019,0.09624272153075286,29.034986002790127
5.6000000000000005,T-IDM,63.76622122917232,9.580593883556094,0.10896757128047384,29.08267262759955
5.7,T-IDM,64.72482545538432,9.591490640684142,0.10361747907564998,29.12847402656979
5.800000000000001,T-IDM,65.68449260684811,9.601852388591707,0.11026542691253728,29.175435527382376
5.9,T-IDM,66.64522917284184,9.61287893128296,0.10875402603821346,29.22153097573961
6.0,T-IDM,67.60706083610033,9.623754333886781,0.11679328618224415,29.2692358136658
6.1000000000000005,T-IDM,68.57002023591991,9.635433662505006,0.10500793000135997,29.313452685983464
6.2,T-IDM,69.53408864182042,9.645934455505142,0.1473357467810847,29.368301424205313
6.300000000000001,T-IDM,70.49941876610484,9.66066803018325,0.1223840191956493,29.4164268158557
6.4,T-IDM,71.46609748921914,9.672906432102815,0.10760548084893913,29.460169451546932
6.5,T-IDM,72.43392615983366,9.68366698018771,0.13348523358202752,29.51028152909032
6.6000000000000005,T-IDM,73.40296028402034,9.697015503545913,0.11103643618173115,29.55428003894609
6.7,T-IDM,74.37321701655583,9.708119147164085,0.1185178685280693,29.599801739408107
6.800000000000001,T-IDM,75.34462152061488,9.719970934016892,0.15731604809034197,29.655382175168313
6.9,T-IDM,76.31740519425702,9.735702538825926,0.14291388481782427,29.707093217018198
7.0,T-IDM,77.29169001756371,9.749993927307708,0.15909321916487643,29.762845377260888
7.1000000000000005,T-IDM,78.2674848763903,9.765903249224195,0.14631701267999983,29.81507218553196
7.2,T-IDM,79.24480678637612,9.780534950492195,0.15493374290930767,29.86936378132765
7.300000000000001,T-IDM,80.22363495013988,9.796028324783125,0.1754511715683538,29.92909314195414
7.4,T-IDM,81.20411503847603,9.81357344193996,0.19258216238465298,29.9934991037573
7.5,T-IDM,82.18643529348195,9.832831658178426,0.16605858501606555,30.05071693736403
7.6000000000000005,T-IDM,83.17054875222487,9.849437516680032,0.12109038705373694,30.095571213055806
7.7,T-IDM,84.15609795582814,9.861546555385406,0.14643750223928,30.146845217571965
7.800000000000001,T-IDM,85.14298479887788,9.876190305609335,0.16116180493875262,30.20213049027518
7.9,T-IDM,86.13140963846351,9.89230648610321,0.18749105501109656,30.264629861807478
8.0,T-IDM,87.12157774234888,9.91105559160432,0.1342054865484121,30.312719243424866
8.1,T-IDM,88.11335432894205,9.924476140259161,0.13355623007328069,30.360252724973748
8.200000000000001,T-IDM,89.10646972411834,9.93783176326649,0.14126480752580584,30.409772372871743
8.3,T-IDM,90.10095922448261,9.95195824401907,0.1496105324346784,30.46153092561275
8.4,T-IDM,91.09690310154669,9.966919297262537,0.14007445722194745,30.51068080868221
8.5,T-IDM,92.09429540355904,9.980926742984732,0.14776618629893545,30.561824555663705
8.6,T-IDM,93.09312690878902,9.995703361614625,0.15024362694542712,30.61365319082475
8.700000000000001,T-IDM,94.09344846308521,10.010727724309168,0.17000819977994738,30.670923886320026
8.8,T-IDM,95.09537127651502,10.027728544287163,0.1533508649545344,30.723734582144743
8.9,T-IDM,96.09891088526851,10.043063630782616,0.1241856394823591,30.768458547068974
9.0,T-IDM,97.10383817654417,10.055482194730851,0.10777965288339979,30.808492397447736
9.1,T-IDM,98.10992529428168,10.066260160019192,0.11045761453687505,30.849070918580168
9.200000000000001,T-IDM,99.11710359835628,10.07730592147288,0.09991885261757086,30.886701378303187
9.3,T-IDM,100.12533378476665,10.087297806734636,0.11095048007489403,30.92718012374992
9.4,T-IDM,101.13461831784049,10.098392854742125,0.09382319473147131,30.962966556590274
9.5,T-IDM,102.14492671928836,10.107775174215272,0.1262886539029054,31.007447883525472
9.600000000000001,T-IDM,103.1563356799794,10.120404039605562,0.0743052642271157,31.037863060010523
9.700000000000001,T-IDM,104.1687476102611,10.127834566028273,0.08205980929637383,31.069970653985266
9.8,T-IDM,105.1819413659104,10.136040546957911,0.06648493295830483,31.097760081460223
9.9,T-IDM,106.19587784527099,10.142689040253742,0.06058951123192001,31.123711659533797
10.0,T-IDM,107.21044969685252,10.148747991376935,0.046989712823307626,31.145785399279248
10.100000000000001,T-IDM,108.22555944455432,10.153446962659265,0.030211132380992843,31.163071072095832
10.200000000000001,T-IDM,109.24105519648215,10.156468075897365,0.027480469201610604,31.179298628908967
10.3,T-IDM,110.2568394064179,10.159216122817526,0.020091603525022497,31.19329063791031
10.4,T-IDM,111.27286147671728,10.161225283170028,-0.0194105834928889,31.19646552902705
10.5,T-IDM,112.28888695211681,10.15928422482074,-0.0025335648365070727,31.203575944861186
10.600000000000001,T-IDM,113.30480270677471,10.159030868337089,-0.03033917480457419,31.203101358383137
10.700000000000001,T-IDM,114.32055409773439,10.15599695085663,-0.0119347354590739,31.207006750128116
10.8,T-IDM,115.33609411914276,10.154803477310724,-0.02172352146502299,31.208112247626815
10.9,T-IDM,116.3514658492665,10.152631125164222,-0.040805375845579535,31.203815801234953
11.0,T-IDM,117.3665249349037,10.148550587579663,-0.07150093881103949,31.191020667208406
11.100000000000001,T-IDM,118.3810224889676,10.14140049369856,-0.07959527054717816,31.175540329513325
11.200000000000001,T-IDM,119.39476456198473,10.133440966643843,-0.09886415309617719,31.154589475049377
11.3,T-IDM,120.40761433788363,10.123554551334225,-0.1153946894908779,31.12881283097208
11.4,T-IDM,121.4193928195696,10.112015082385136,-0.11627526522611999,31.10224206995113
11.5,T-IDM,122.43001295148198,10.100387555862525,-0.1425319351407966,31.06846910088788
11.600000000000001,T-IDM,123.43933904739254,10.086134362348446,-0.152079811711742,31.03161727796612
11.700000000000001,T-IDM,124.44719208456881,10.070926381177271,-0.16266542221451277,30.991514358109285
11.8,T-IDM,125.45347139557546,10.05465983895582,-0.16073928085456446,30.95132990343305
11.9,T-IDM,126.45813368306676,10.038585910870363,-0.16458852101636567,30.909693298826284
12.0,T-IDM,127.46116933154872,10.022127058768726,-0.1767897284606763,30.864484685507477
12.100000000000001,T-IDM,128.4624980887833,10.00444808592266,-0.1987749288163449,30.813217459029914
12.200000000000001,T-IDM,129.4619490227315,9.984570593041024,-0.20247165906597542,30.760410576351205
12.3,T-IDM,130.45939372374028,9.964323427134426,-0.22110419904240403,30.702460905792037
12.4,T-IDM,131.45472054545849,9.942213007230185,-0.20577343048744065,30.647725334031975
12.5,T-IDM,132.44791297902907,9.92163566418144,-0.23854955386972207,30.584512149917686
12.600000000000001,T-IDM,133.43888379767787,9.89778070879447,-0.24794993636717524,30.518337897990904
12.700000000000001,T-IDM,134.42742211887548,9.872985715157752,-0.22873935866466305,30.456366804094586
12.8,T-IDM,135.41357699359793,9.850111779291286,-0.2574160925569461,30.387055114310954
12.9,T-IDM,136.39730109106426,9.824370170035591,-0.2357666898272476,30.322464018524045
13.0,T-IDM,137.37855927461868,9.800793501052866,-0.2670122474116805,30.249993896158657
13.100000000000001,T-IDM,138.3573035634869,9.774092276311697,-0.24802747109259723,30.181592220159672
13.200000000000001,T-IDM,139.3334726537626,9.749289529202438,-0.25512341951906325,30.11123090313893
13.3,T-IDM,140.30712598958524,9.723777187250532,-0.27665790548740254,30.03530282258842
13.4,T-IDM,141.27812041878286,9.696111396701792,-0.24551971882570797,29.966477979621686
13.5,T-IDM,142.2465039598589,9.67155942481922,-0.2852723003294832,29.88796424504585
13.600000000000001,T-IDM,143.21223354083918,9.643032194786272,-0.2878279571154606,29.808345510122507
13.700000000000001,T-IDM,144.17509762053223,9.614249399074726,-0.295505639449488,29.726608388514535
13.8,T-IDM,145.13504503224243,9.584698835129778,-0.2615644174678899,29.652714391367738
13.9,T-IDM,146.09220709366807,9.55854239338299,-0.26607216908836895,29.57774265864151
14.0,T-IDM,147.04673097216093,9.531935176474153,-0.2290490085225757,29.511516166525524
14.100000000000001,T-IDM,147.99877924476573,9.509030275621896,-0.253252560195016,29.43957596667525
14.200000000000001,T-IDM,148.94841600952694,9.483705019602395,-0.24736409877397808,29.368836207597923
14.3,T-IDM,149.8955496909933,9.458968609724996,-0.23105866142429232,29.301981325202462
14.4,T-IDM,150.8402912586587,9.435862743582566,-0.21605488280556062,29.23880216713772
14.5,T-IDM,151.78279725860295,9.41425725530201,-0.2245476006035775,29.173664659508773
14.600000000000001,T-IDM,152.72310024613014,9.391802495241652,-0.24327708966506792,29.104002743632634
14.700000000000001,T-IDM,153.66106411020598,9.367474786275146,-0.22685004777621662,29.038173590807503
14.8,T-IDM,154.59667733859462,9.344789781497525,-0.19852611662262565,28.979269143151782
14.9,T-IDM,155.53016368616125,9.324937169835263,-0.1618304171273611,28.929476541917097
15.0,T-IDM,156.46184825105914,9.308754128122526,-0.17363752746248182,28.877137125595027
15.100000000000001,T-IDM,157.39185547623407,9.291390375376277,-0.15654865960214379,28.82900721460797
15.200000000000001,T-IDM,158.3202117704737,9.275735509416062,-0.16124569157458843,28.77996751261506
15.3,T-IDM,159.24697909295745,9.259610940258604,-0.1315615510824024,28.738268789136157
15.4,T-IDM,160.1722823792279,9.246454785150364,-0.12117729318533393,28.699434013970546
15.5,T-IDM,161.096321971277,9.234337055831832,-0.08853699768384088,28.66885644795093
15.600000000000001,T-IDM,162.01931299187177,9.225483356063448,-0.1408813697468418,28.62584612697225
15.700000000000001,T-IDM,162.94115692062937,9.211395219088763,-0.12844743380123064,28.58575173099092
15.8,T-IDM,163.86165420536923,9.19855047570864,-0.10132053295939045,28.552515021438154
15.9,T-IDM,164.78100265027533,9.1884184224127,-0.12047135492355455,28.514924636067605
16.0,T-IDM,165.699242135742,9.176371286920345,-0.09288167728156002,28.48415276420019
16.1,T-IDM,166.6164148560476,9.167083119192188,-0.08883342718108471,28.45470604281823
16.2,T-IDM,167.53267900083094,9.15819977647408,-0.05052020761578899,28.43492369474248
16.3,T-IDM,168.44824637744026,9.153147755712501,-0.06998237831809825,28.410748939467396
16.400000000000002,T-IDM,169.36321124111993,9.14614951788069,-0.07843401862964929,28.38459434490369
16.5,T-IDM,170.27743402281487,9.138306116017725,-0.030877014923768268,28.370340599371957
16.6,T-IDM,171.19111024934205,9.13521841452535,-0.04238165972302627,28.353691968107825
16.7,T-IDM,172.10442018249597,9.130980248553046,-0.01945792428199379,28.34289166873964
16.8,T-IDM,173.01742091772988,9.129034456124847,-0.046992929583036906,28.325583997887748
16.900000000000002,T-IDM,173.93008939869443,9.124335163166544,-0.0109064020409153,28.31729473532883
17.0,T-IDM,174.8424683830009,9.123244522962452,-0.00011615246608742012,28.31209787155416
17.1,T-IDM,175.7547922545348,9.123232907715844,-0.019413357937259266,28.302347444876176
17.2,T-IDM,176.6670184785167,9.121291571922118,0.01632224648246003,28.30163317274804
17.3,T-IDM,177.57922924694134,9.122923796570364,0.018195904442343203,28.301782800406187
17.400000000000002,T-IDM,178.49161260612058,9.124743387014599,-0.009503760222816102,28.295203724884402
17.5,T-IDM,179.40403942602092,9.123793010992317,0.02039925353929607,28.296154214411814
17.6,T-IDM,180.31652072338784,9.125832936346248,0.001249685597536635,28.292638983659344
17.7,T-IDM,181.22911026545043,9.125957904906,0.006348226028549956,28.290471344662734
17.8,T-IDM,182.14173779707116,9.126592727508855,0.029718551915475615,28.29437152561823
17.900000000000002,T-IDM,183.05454566258163,9.129564582700404,-0.005474337859435885,28.28973181951841
18.0,T-IDM,183.96747474916236,9.12901714891446,0.03758036502980997,28.295875321325667
18.1,T-IDM,184.88056436587894,9.132775185417442,-0.002293604181220602,28.292382362202517
18.2,T-IDM,185.79383041639977,9.132545824999319,-0.021638281765727886,28.28399387132515
18.3,T-IDM,186.7069768074909,9.130381996822747,0.021005612325405182,28.28627705516209
18.400000000000002,T-IDM,187.62012003523478,9.132482558055287,0.03552745761047405,28.292576460092192
18.5,T-IDM,188.53354592832838,9.136035303816334,-0.017134165678505252,28.285892095603714
18.6,T-IDM,189.44706378788163,9.134321887248483,-0.0046694930553888596,28.28214276594926
18.7,T-IDM,190.36047262914119,9.133854937942944,-0.014478089409479377,28.276109114669595
18.8,T-IDM,191.27378573248842,9.132407129001995,0.001848568298814513,28.274186646000175
18.900000000000002,T-IDM,192.1870356882301,9.132591985831876,0.00561459259257641,28.27338695453315
19.0,T-IDM,193.10032295977626,9.133153445091134,-0.008401573053980519,28.269201998187157
19.1,T-IDM,194.0135962964201,9.132313287785736,-0.045910721498584633,28.25572119512745
19.200000000000003,T-IDM,194.9265980715912,9.127722215635877,-0.022020965768216057,28.248004159654073
19.3,T-IDM,195.83926018832594,9.125520119059056,-0.030838644726492632,28.23828071089676
19.400000000000002,T-IDM,196.75165800700822,9.122436254586406,-0.013095903825565247,28.232967823157338
19.5,T-IDM,197.66383615294774,9.12112666420385,-0.032404759579343224,28.22301736419763
19.6,T-IDM,198.57578679557025,9.117886188245915,-0.04001370148945173,28.211132644545046
19.700000000000003,T-IDM,199.48737534588741,9.11388481809697,-0.06187828726265359,28.19386129633338
19.8,T-IDM,200.3984544362608,9.107696989370705,-0.05585783576500082,28.177969230285214
19.900000000000002,T-IDM,201.30894484601905,9.102111205794206,-0.04048676902510842,28.16590851518791
20.0,T-IDM,202.21895353275335,9.098062528891695,-0.06542490372869302,28.147826545204566
20.1,T-IDM,203.1284326611239,9.091520038518826,-0.06258710539335871,28.130321215108808
20.200000000000003,T-IDM,204.0372717294488,9.08526132797949,-0.06319926667370143,28.112689640990624
20.3,T-IDM,204.9454818659134,9.07894140131212,-0.07046700531064493,28.093286149503598
20.400000000000002,T-IDM,205.85302367101806,9.071894700781055,-0.064183540622309,28.07538545001384
20.5,T-IDM,206.75989222339305,9.065476346718825,-0.10238278270386003,28.048226756202837
20.6,T-IDM,207.6659279441514,9.055238068448439,-0.0867383538234692,28.024644219622814
20.700000000000003,T-IDM,208.57101805922716,9.046564233066093,-0.09807017471756477,27.99838118984269
20.8,T-IDM,209.4751841316602,9.036757215594337,-0.06521336587206926,27.980034379797644
20.900000000000002,T-IDM,210.37853378639028,9.03023587900713,-0.10405750288810658,27.952430544574042
21.0,T-IDM,211.28103708677656,9.019830128718318,-0.08354816258892331,27.92957956510807
21.1,T-IDM,212.18260235883545,9.011475312459426,-0.10797815673431674,27.90091991603103
21.200000000000003,T-IDM,213.08320999929774,9.000677496785995,-0.10468570971595592,27.872912098094986
21.3,T-IDM,213.98275432042777,8.9902089258144,-0.08057290498186118,27.85074172481083
21.400000000000002,T-IDM,214.8813723484843,8.982151635316214,-0.0845655815822559,27.827734072116073
21.5,T-IDM,215.77916468410803,8.973695077157988,-0.06600881895992185,27.80922198869692
21.6,T-IDM,216.67620414772904,8.967094195261996,-0.05153168183617255,27.79435880967651
21.700000000000003,T-IDM,217.57265590884606,8.961941027078378,-0.081999827776072,27.772191631741663
21.8,T-IDM,218.46844001241502,8.95374104430077,-0.07373789687296012,27.751885981543552
21.900000000000002,T-IDM,219.36344542736074,8.946367254613474,-0.0671197398414851,27.733247366895597
22.0,T-IDM,220.2577465541229,8.939655280629326,-0.06947847869263304,27.714092723535657
22.1,T-IDM,221.15136468979236,8.932707432760063,-0.03122565378413346,27.704283760512226
22.200000000000003,T-IDM,222.04447930479947,8.92958486738165,-0.049308374679706925,27.690294177330287
22.3,T-IDM,222.93719124966424,8.924654029913679,-0.037612016126788515,27.679108769723427
22.400000000000002,T-IDM,223.82946859257498,8.920892828301,-0.04379842472361397,27.666513330621115
22.5,T-IDM,224.72133888328148,8.916512985828637,-0.042383173231669416,27.65427051856807
22.6,T-IDM,225.6127782659982,8.91227466850547,-0.014358009901259275,27.6489448203414
22.700000000000003,T-IDM,226.50393394279925,8.910838867515343,-0.05207916338610436,27.634579783032706
22.8,T-IDM,227.39475743373387,8.905630951176732,0.0034072519936489895,27.633669194583717
22.900000000000002,T-IDM,228.28533756511152,8.905971676376097,-0.01659952354221969,27.628169795314847
23.0,T-IDM,229.17585173513143,8.904311724021875,0.003600833455832148,27.62760027853895
23.1,T-IDM,230.0663009117009,8.904671807367459,0.025869145835499437,27.632715917048955
23.200000000000003,T-IDM,230.9568974381668,8.907258721951008,0.015414725038570243,27.635421012482794
23.3,T-IDM,231.8477003839871,8.908800194454866,0.011332481656359772,27.637126346189746
23.400000000000002,T-IDM,232.73863706584086,8.909933442620503,0.05064883671966704,27.648664558853625
23.5,T-IDM,233.62988365428652,8.91499832629247,0.05078532770245991,27.6605173480462
23.6,T-IDM,234.5216374135543,8.920076859062716,0.06251632894902846,27.675395981299346
23.700000000000003,T-IDM,235.4139576811053,8.92632849195762,0.11406635724314874,27.70347830929373
23.8,T-IDM,236.30716086208727,8.937735127681934,0.07853141120831258,27.722909769472807
23.900000000000002,T-IDM,237.20132703191152,8.945588268802766,0.07097780820190272,27.740346780207375
24.0,T-IDM,238.0962407478328,8.952686049622956,0.08997922272247871,27.76263616236119
24.1,T-IDM,238.99195924890873,8.961683971895205,0.08768986297411108,27.784533515008178
24.200000000000003,T-IDM,239.8885660954131,8.970452958192617,0.13611382821423484,27.81888176161263
24.3,T-IDM,240.78629196037343,8.98406434101404,0.132492654052895,27.852663406242243
24.400000000000002,T-IDM,241.6853608577451,8.997313606419329,0.14466871516051794,27.889684864550958
24.5,T-IDM,242.58581556196285,9.01178047793538,0.1349798967047451,27.9243933785543
24.6,T-IDM,243.4876685092399,9.025278467605855,0.16288993304089078,27.96639790062605
24.700000000000003,T-IDM,244.3910108056657,9.041567460909944,0.135959306721732,28.00170159331742
24.8,T-IDM,245.2958473482903,9.055163391582116,0.16085236744688983,28.04343999200944
24.900000000000002,T-IDM,246.20216794928575,9.071248628326805,0.1929710908424737,28.09384404076667
25.0,T-IDM,247.11025766757265,9.090545737411052,0.20648630520943026,28.14813771370123
25.1,T-IDM,248.02034467283983,9.111194367931995,0.18300444904376462,28.196485924767046
25.200000000000003,T-IDM,248.93237913187824,9.129494812836372,0.20430781535275014,28.250493033440932
25.3,T-IDM,249.84635015223864,9.149925594371647,0.1983808822036089,28.303216156197948
25.400000000000002,T-IDM,250.76233461608683,9.169763682592007,0.1558372764048167,28.344894694050424
25.5,T-IDM,251.68009017072808,9.18534741023249,0.22004458570415383,28.40344744824631
25.6,T-IDM,252.59972513467986,9.207351868802906,0.1948684167250278,28.455823998855266
25.700000000000003,T-IDM,253.52143466364376,9.226838710475409,0.19664158186043146,28.508718852883902
25.8,T-IDM,254.44510174260063,9.246502868661452,0.1823616023810582,28.55801433969839
25.900000000000002,T-IDM,255.37066383747867,9.264739028899557,0.1983168859516192,28.61163452098674
26.0,T-IDM,256.29812932479837,9.284570717494718,0.21027223159537775,28.66870656816451
26.1,T-IDM,257.2276377577058,9.305597940654255,0.1821077875636266,28.718530626091706
26.200000000000003,T-IDM,258.159108090709,9.323808719410618,0.1861503142515552,28.769452042158775
26.3,T-IDM,259.09241971422136,9.342423750835774,0.16805898353648716,28.815760706416995
26.400000000000002,T-IDM,260.0275023842226,9.359229649189423,0.17442049048932762,28.863812974658742
26.5,T-IDM,260.96429745159395,9.376671698238356,0.184202154784526,28.914656916318847
26.6,T-IDM,261.9028856321917,9.395091913716808,0.15551431952160746,28.95809768273432
26.700000000000003,T-IDM,262.843172395161,9.41064334566897,0.1340594338044351,28.995862928501424
26.8,T-IDM,263.78490702689686,9.424049289049412,0.13114881501552128,29.0328540917464
26.900000000000002,T-IDM,264.72796769987684,9.437164170550965,0.1263084968898328,29.06865250518115
27.0,T-IDM,265.67231565941637,9.449795020239948,0.130531906609428,29.10562646287042
27.1,T-IDM,266.6179478209734,9.46284821090089,0.12462080725064162,29.141159469758804
27.200000000000003,T-IDM,267.5648557460998,9.475310291625956,0.10217651013739663,29.170858205439913
27.3,T-IDM,268.5128976578131,9.485527942639695,0.13248652774871528,29.20846533205355
27.400000000000002,T-IDM,269.4621128847158,9.498776595414567,0.06518913074378763,29.22871155319575
27.5,T-IDM,270.412316489911,9.505295508488945,0.06707909313052163,29.249102709417514
27.6,T-IDM,271.36318143622555,9.512003417801997,0.06814807828039098,29.269776606959795
27.700000000000003,T-IDM,272.3147225183971,9.518818225630037,0.05055770536567452,29.28589882150908
27.8,T-IDM,273.26685712948694,9.523873996166603,0.032673186860947764,29.297294523421556
27.900000000000002,T-IDM,274.21940789503793,9.527141314852699,0.01906880701289154,29.30505286190464
28.0,T-IDM,275.17221737055826,9.529048195553989,0.007452619381577857,29.309695789943646
28.1,T-IDM,276.12515945321053,9.529793457492147,0.033978120352886027,29.320988275967352
28.200000000000003,T-IDM,277.0783086895615,9.533191269527435,0.004637937263935985,29.324847928507154
28.3,T-IDM,278.03165100620055,9.533655063253828,-0.038595542841295606,29.317500602082703
28.400000000000002,T-IDM,278.9848235348117,9.529795508969698,-0.0366829428648919,29.31025978073029
28.5,T-IDM,279.9376196709943,9.526127214683209,-0.024302128081120304,29.306007108734093
28.6,T-IDM,280.89011088182224,9.523697001875096,-0.052978768037579775,29.294463408939976
28.700000000000003,T-IDM,281.8422156881695,9.518399125071339,-0.07679769131759441,29.276650576376596
28.8,T-IDM,282.79367161222007,9.51071935593958,-0.05302700391107562,29.26446714885884
28.900000000000002,T-IDM,283.7444784127945,9.505416655548473,-0.07961276525503931,29.245606085237966
29.0,T-IDM,284.6946220145231,9.497455379022968,-0.09165022263148354,29.223432952950873
29.1,T-IDM,285.6439093013122,9.48829035675982,-0.10628244543254477,29.19737919499255
29.200000000000003,T-IDM,286.592206924761,9.477662112216565,-0.08099035142947743,29.17730956002697
29.3,T-IDM,287.5395681842255,9.469563077073618,-0.09429137756919094,29.15390492428338
29.400000000000002,T-IDM,288.486053035045,9.460133939316698,-0.1412483412388652,29.118705807913443
29.5,T-IDM,289.43136018727046,9.446009105192811,-0.1076214295157987,29.091287332183015
29.6,T-IDM,290.37542299064216,9.435246962241232,-0.11572015604868557,29.06187013697462
29.700000000000003,T-IDM,291.3183690860861,9.423674946636364,-0.12907065995669054,29.028960680105456
29.8,T-IDM,292.26009122744995,9.410767880640694,-0.153438824766566,28.989852289109763
29.900000000000002,T-IDM,293.2004008213902,9.395423998164038,-0.15016967485944113,28.951204299232472
30.0,T-IDM,294.13919237283227,9.380407030678093,-0.15654465904503112,28.910829854412782
30.1,T-IDM,295.07645035260487,9.364752564773589,-0.1377688236185447,28.874796573167885
30.200000000000003,T-IDM,296.01223676496414,9.350975682411734,-0.20984819875063357,28.821314595390618
30.3,T-IDM,296.94628509221155,9.32999086253667,-0.16977938188578182,28.776844950489135
30.400000000000002,T-IDM,297.8784352815558,9.313012924348092,-0.16792836180670911,28.732852017783785
30.5,T-IDM,298.8088969321816,9.296220088167422,-0.14016550864866112,28.695429951864014
30.6,T-IDM,299.7378181134551,9.282203537302555,-0.17062322578101866,28.650680627737586
30.700000000000003,T-IDM,300.66518535105644,9.265141214724453,-0.17092353162608662,28.605569150958672
30.8,T-IDM,301.59084485487074,9.248048861561845,-0.12128931401164796,28.572335558399516
30.900000000000002,T-IDM,302.5150432944569,9.23591993016068,-0.15038391964378692,28.532246025906943
31.0,T-IDM,303.4378833678748,9.220881538196302,-0.1516650619018721,28.49161864314118
31.1,T-IDM,304.3592131963849,9.205715032006115,-0.16154333411322486,28.44852984474869
31.200000000000003,T-IDM,305.27897698291497,9.189560698594793,-0.12412967433923372,28.414343026902145
31.3,T-IDM,306.19731240440274,9.17714773116087,-0.11821916239361407,28.381749766241796
31.400000000000002,T-IDM,307.11443608170686,9.165325814921509,-0.1449998244548606,28.342692777401453
31.5,T-IDM,308.03024366407675,9.150825832476023,-0.1359697155506765,28.30563518756503
31.6,T-IDM,308.9446463987466,9.137228860920956,-0.12821663745157552,28.270467455889673
31.700000000000003,T-IDM,309.85772820165147,9.124407197175799,-0.06194957384487594,28.251474679488695
31.8,T-IDM,310.76985917349987,9.118212239791312,-0.078217523304136,28.22888496994608
31.900000000000002,T-IDM,311.6812893098625,9.110390487460899,-0.07124499576544253,28.2079636223624
32.0,T-IDM,312.5919721336298,9.103265987884354,-0.03919507429091406,28.195011611999462
32.1,T-IDM,313.50210275704677,9.099346480455264,-0.06222942091936555,28.176628636586884
32.2,T-IDM,314.4117262579877,9.093123538363328,-0.08007302292663523,28.153816939227397
32.300000000000004,T-IDM,315.32063824670945,9.085116236070665,-0.044043490101182574,28.139789481947446
32.4,T-IDM,316.228929652866,9.080711887060547,-0.002896069685323442,28.1362104858531
32.5,T-IDM,317.1369863612236,9.080422280092014,-0.027712306900327586,28.126782594809526
32.6,T-IDM,318.0448900276983,9.07765104940198,-0.030627674381300943,28.116589451308585
32.7,T-IDM,318.9525019942666,9.07458828196385,0.01761597620199198,28.11846068192193
32.800000000000004,T-IDM,319.860048902344,9.076349879584049,0.0021860029075124934,28.116832993713444
32.9,T-IDM,320.76769482031693,9.0765684798748,0.0013669018675822652,28.11502129861708
33.0,T-IDM,321.67535850281376,9.076705170061558,0.032603667614987585,28.121120356374945
33.1,T-IDM,322.583192038158,9.079965536823057,0.033952012606125764,28.127832767277425
33.2,T-IDM,323.4913583519034,9.08336073808367,0.031198600784290712,28.133973710171915
33.300000000000004,T-IDM,324.3998504187157,9.0864805981621,0.05710232739861281,28.146745833541445
33.4,T-IDM,325.3087839901689,9.092190830901961,0.040475178480504886,28.155571885877634
33.5,T-IDM,326.21820544915147,9.096238348750012,0.06294855728938623,28.170107275358305
33.6,T-IDM,327.1281440268129,9.10253320447895,0.06780349146198789,28.1861122488055
33.7,T-IDM,328.0387363647181,9.10931355362515,0.06641366880903508,28.201912148958513
33.800000000000004,T-IDM,328.94999978842463,9.115954920506052,0.09596706435932625,28.225369434759443
33.9,T-IDM,329.86207511579704,9.125551626941984,0.10544200916051015,28.251551370139225
34.0,T-IDM,330.77515748853705,9.136095827858036,0.09605893219414204,28.275517133042342
34.1,T-IDM,331.6892473659838,9.14570172107745,0.09239659660649095,28.298630763918993
34.2,T-IDM,332.6042795210746,9.154941380738098,0.07529344756797414,28.317475661012793
34.300000000000004,T-IDM,333.5201501263863,9.162470725494895,0.12234815622121555,28.348441311126123
34.4,T-IDM,334.43700893971686,9.174705541117017,0.04827085597223397,28.360808215330508
34.5,T-IDM,335.3547208481084,9.179532626714241,0.09110423063051414,28.383804168544316
34.6,T-IDM,336.27312963193293,9.188643049777292,0.0811588855502647,28.404576411736628
34.7,T-IDM,337.1923997313384,9.19675893833232,0.0865467173040834,28.426779777840125
34.800000000000004,T-IDM,338.1125083587582,9.205413610062728,0.09136390490574142,28.45035011085605
34.9,T-IDM,339.03350653928896,9.214550000553302,0.046980398738997446,28.462707435705113
35.0,T-IDM,339.955196441338,9.219248040427201,0.08877696626870206,28.485574351630135
35.1,T-IDM,340.877565130212,9.228125737054071,0.0797017726107175,28.50641762150144
35.2,T-IDM,341.8007762127805,9.236095914315143,0.08059422738129061,28.527529850058443
35.300000000000004,T-IDM,342.7247887753489,9.244155337053272,0.051839897431322404,28.541378463132673
35.4,T-IDM,343.6494635085414,9.249339326796404,0.053346074316992065,28.555514998895546
35.5,T-IDM,344.57466417159264,9.254673934228103,0.057414072346823525,28.57074488932801
35.6,T-IDM,345.5004186353772,9.260415341462785,0.07843685904292103,28.591429405887084
35.7,T-IDM,346.4268523538187,9.268259027367078,0.07107955157579941,28.610406803558305
35.800000000000004,T-IDM,347.35403365431324,9.275366982524657,0.05708037233417847,28.625829680075128
35.9,T-IDM,348.2818557544274,9.281075019758076,0.05088583257154762,28.63964757151018
36.0,T-IDM,349.2102176855661,9.28616360301523,0.03546611145438574,28.649546910653385
36.1,T-IDM,350.1390113764249,9.289710214160669,0.023490197142004787,28.65634912259469
36.2,T-IDM,351.0680998488267,9.29205923387487,0.01424729679669627,28.660755637932084
36.300000000000004,T-IDM,351.99737700869815,9.29348396355454,-0.008617539098863437,28.65934955245325
36.4,T-IDM,352.92668231735814,9.292622209644653,0.001282960667994319,28.660277725064418
36.5,T-IDM,353.85595095312596,9.292750505711453,-0.0343040483626182,28.652319912810754
36.6,T-IDM,354.7850544834553,9.289320100875191,-0.03147345914924692,28.644819861037092
36.7,T-IDM,355.7138291262471,9.286172754960266,-0.020334326852198985,28.640052073559787
36.800000000000004,T-IDM,356.6423447301089,9.284139322275045,-0.026328128548119632,28.633796587498807
36.9,T-IDM,357.57062702169367,9.281506509420234,-0.021842019156595158,28.628579899223496
37.0,T-IDM,358.4986684625399,9.279322307504575,-0.11311288656593711,28.60081695445143
37.1,T-IDM,359.42603512885756,9.268011018847982,-0.08675058520042184,28.57888369344556
37.2,T-IDM,360.3524024778163,9.25933596032794,-0.09910214758365166,28.553940856183317
37.300000000000004,T-IDM,361.2778405631112,9.249425745569575,-0.11471025467384777,28.525003695243015
37.4,T-IDM,362.2022095863948,9.23795472010219,-0.10186567768212025,28.498979204236832
37.5,T-IDM,363.1254957300166,9.227768152333978,-0.14498952101096899,28.46244314872297
37.6,T-IDM,364.04754759764495,9.213269200232881,-0.1286125848600545,28.42948596998548
37.7,T-IDM,364.9682314547439,9.200407941746876,-0.1274485104766792,28.3967615519403
37.800000000000004,T-IDM,365.88763500636617,9.187663090699209,-0.15831091202188546,28.35648605433414
37.9,T-IDM,366.80560976087594,9.17183199949702,-0.14123459046906803,28.320010457360752
38.0,T-IDM,367.7220867878733,9.157708540450113,-0.16680642984567465,28.277365730050178
38.1,T-IDM,368.63702360976913,9.141027897465545,-0.12201620551686448,28.245219741780033
38.2,T-IDM,369.5505163184881,9.128826276913859,-0.17327205511810592,28.200916165660374
38.300000000000004,T-IDM,370.4625325859039,9.111499071402049,-0.1619025049539562,28.158939976773013
38.400000000000006,T-IDM,371.37287298051933,9.095308820906654,-0.16427528972692143,28.116348457098525
38.5,T-IDM,372.28158248616137,9.078881291933962,-0.1503104966087491,28.076983140864456
38.6,T-IDM,373.1887190628717,9.063850242273087,-0.18746855322623004,28.02876602804747
38.7,T-IDM,374.0941667443329,9.045103386950464,-0.15486949832920585,27.98800738549312
38.800000000000004,T-IDM,374.9979027355363,9.029616437117543,-0.1620961117071644,27.945627392998972
38.900000000000006,T-IDM,375.9000538986895,9.013406825946827,-0.17901835230421065,27.89913054136946
39.0,T-IDM,376.8004994895227,8.995504990716405,-0.17338089180327063,27.853813713770705
39.1,T-IDM,377.6991830841353,8.978166901536078,-0.1919303143430059,27.80408282462406
39.2,T-IDM,378.5960401227172,8.958973870101778,-0.194549803743229,27.75357513964252
39.300000000000004,T-IDM,379.49096476070866,8.939518889727454,-0.1700416231278002,27.708780492928554
39.400000000000006,T-IDM,380.3840664415658,8.922514727414674,-0.13705789240263078,27.671919395160387
39.5,T-IDM,381.27563262484523,8.908808938174412,-0.1668129538585513,27.62816132973944
39.6,T-IDM,382.1656794538934,8.892127642788557,-0.16142229013146112,27.585516158389737
39.7,T-IDM,383.0540851067216,8.87598541377541,-0.12835691101494415,27.550753961541545
39.800000000000004,T-IDM,383.94104186354406,8.863149722673915,-0.1356248048117887,27.5144525290886
39.900000000000006,T-IDM,384.8266787117874,8.849587242192737,-0.14439298079115276,27.47605434816427
40.0,T-IDM,385.7109154711027,8.835147944113622,-0.08947472889727949,27.450758165053514
40.1,T-IDM,386.5939828918696,8.826200471223894,-0.11731046628931163,27.41912581765689
40.2,T-IDM,387.4760163866605,8.814469424594963,-0.09056392200126116,27.393804500581155
40.300000000000004,T-IDM,388.35701050950996,8.805413032394837,-0.053110109693100725,27.377723628304352
40.400000000000006,T-IDM,389.237286262201,8.800102021425527,-0.09631366436638991,27.35149117239041
40.5,T-IDM,390.1168148960217,8.790470654988887,-0.06699539863763739,27.33215331992153
40.6,T-IDM,390.9955269845274,8.783771115125123,-0.06605921105215068,27.31325979904824
40.7,T-IDM,391.8735737999846,8.777165194019908,-0.0468853534476947,27.299083767885293
40.800000000000004,T-IDM,392.7510558926194,8.772476658675139,-0.04174508835995511,27.28633105598516
40.900000000000006,T-IDM,393.6280948330451,8.768302149839142,-0.021762360994115992,27.278551328430183
41.0,T-IDM,394.50481623622403,8.76612591373973,-0.027927206179246614,27.269454040240873
41.1,T-IDM,395.38128919156713,8.763333193121806,-0.005389581900979072,27.265916921214625
41.2,T-IDM,396.25759556296975,8.762794234931707,0.01496607047995066,27.26758715976348
41.300000000000004,T-IDM,397.1339498168153,8.764290841979703,-1.532891362808033e-05,27.265767308949876
41.400000000000006,T-IDM,398.0103788243687,8.76428930908834,0.017367816872623884,27.268234943568928
41.5,T-IDM,398.8868945943619,8.766026090775602,0.037253913600470166,27.275798328614826
41.6,T-IDM,399.76368347300746,8.76975148213565,0.031105338048374818,27.28203134499256
41.7,T-IDM,400.64081414791127,8.772862015940488,0.08020230818632104,27.300566750962275
41.800000000000004,T-IDM,401.5185013610463,8.78088224675912,0.08700565423639446,27.321165795865568
41.900000000000006,T-IDM,402.3970246139934,8.78958281218276,0.07475943516695106,27.338828124293855
42.0,T-IDM,403.2763566923875,8.797058755699455,0.0909358566542204,27.360595687131138
42.1,T-IDM,404.1565172472407,8.806152341364877,0.11418081902214765,27.38842807752792
42.2,T-IDM,405.0377033854723,8.817570423267092,0.11733733920392447,27.417289642636206
42.300000000000004,T-IDM,405.920047114495,8.829304157187485,0.11277047501263283,27.445116318936073
42.400000000000006,T-IDM,406.80354138258883,8.840581204688748,0.11808661284189682,27.474377321369786
42.5,T-IDM,407.6881899361219,8.852389865972938,0.13667662795973579,27.508516673226495
42.6,T-IDM,408.574112305859,8.866057528768913,0.11506345202937815,27.537344982912145
42.7,T-IDM,409.46129337599604,8.87756387397185,0.11317189298830378,27.565684058925342
42.800000000000004,T-IDM,410.34961562285815,8.88888106327068,0.13775562182826823,27.600392548607374
42.900000000000006,T-IDM,411.2391925072943,8.902656625453508,0.18041110352897638,27.646348635053243
43.0,T-IDM,412.1303602253573,8.920697735806405,0.16916623383215662,27.689734129382373
43.1,T-IDM,413.02327583010714,8.93761435918962,0.18159115730343234,27.736421215224368
43.2,T-IDM,413.91794522181266,8.955773474919964,0.13897000742814547,27.772272928180655
43.300000000000004,T-IDM,414.8142174193418,8.969670475662777,0.14927104521952386,27.810675559575373
43.400000000000006,T-IDM,415.71193082213415,8.98459758018473,0.16548966721864586,27.853445411569737
43.5,T-IDM,416.61121802848874,9.001146546906595,0.15562046608391208,27.893862358815625
43.6,T-IDM,417.5121107855098,9.016708593514986,0.1656234028476332,27.93694625754165
43.7,T-IDM,418.4146097618755,9.033270933799749,0.12319383102159755,27.969235079097643
43.800000000000004,T-IDM,419.3185528244106,9.045590316901908,0.16751256695519132,28.01287402055698
43.900000000000006,T-IDM,420.22394941893555,9.062341573597427,0.1269642078263741,28.04635453354433
44.0,T-IDM,421.1308183973344,9.075037994380065,0.1871145786948267,28.095370588783965
44.1,T-IDM,422.0392577696659,9.093749452249547,0.17869854107026853,28.142626144672306
44.2,T-IDM,422.9495262075962,9.111619306356573,0.14643795057508294,28.181560205303754
44.300000000000004,T-IDM,423.8614203279847,9.126263101414082,0.1600630025210136,28.223991884730026
44.400000000000006,T-IDM,424.77484695313876,9.142269401666184,0.1793638391354606,28.27167134676813
44.5,T-IDM,425.68997071250107,9.16020578557973,0.15342711341999324,28.312796838508177
44.6,T-IDM,426.60675842662613,9.17554849692173,0.13411407372962894,28.34888169236092
44.7,T-IDM,427.52498384668695,9.188959904294693,0.13455288133959792,28.385080955754404
44.800000000000004,T-IDM,428.4445526015231,9.202415192428653,0.13480863625378864,28.421446215568267
44.900000000000006,T-IDM,429.3654681639473,9.215896056054032,0.12645187944714079,28.45573843776424
45.0,T-IDM,430.28769002894995,9.228541243998746,0.10234188045317964,28.483836968608955
45.1,T-IDM,431.21105586275206,9.238775432044065,0.11135651256875459,28.514203932126804
45.2,T-IDM,432.1354901885193,9.24991108330094,0.10700829721533618,28.543561362824164
45.300000000000004,T-IDM,433.06101633833555,9.260611913022474,0.10150146810686031,28.571538598629104
45.400000000000006,T-IDM,433.9875850369784,9.27076205983316,0.09933726682209922,28.598987360782417
45.5,T-IDM,434.9151579292958,9.28069578651537,0.072148238121469,28.619483264930864
45.6,T-IDM,435.84358824913795,9.287910610327517,0.10500045088933498,28.648330157757186
45.7,T-IDM,436.77290431242517,9.29841065541645,0.0815654809219293,28.671353622582444
45.800000000000004,T-IDM,437.70315320537145,9.306567203508644,0.09832893633093602,28.69861897581444
45.900000000000006,T-IDM,438.6343015704039,9.316400097141738,0.08811725215505486,28.723383731768934
46.0,T-IDM,439.56638216637884,9.325211822357243,0.05173917578546829,28.738796054302668
46.1,T-IDM,440.4991620444935,9.33038573993579,0.07960117172190374,28.76116906883749
46.2,T-IDM,441.4325986243457,9.338345857107981,0.068260415522403,28.78079452693686
46.300000000000004,T-IDM,442.3667745121341,9.345171898660222,0.04901503937898953,28.795447293862424
46.400000000000006,T-IDM,443.30153677719704,9.350073402598122,0.09060401585512237,28.820691680404252
46.5,T-IDM,444.2369971375361,9.359133804183633,0.05727197428636396,28.83760411106175
46.6,T-IDM,445.1731968778259,9.36486100161227,0.0636638510806095,28.855993270215265
46.7,T-IDM,446.11000129724255,9.371227386720332,0.11383645253971944,28.88742014135198
46.800000000000004,T-IDM,447.0476932181773,9.382611031974303,0.06207424207910611,28.905769008613333
46.900000000000006,T-IDM,447.9862646925851,9.388818456182214,0.08148609663049428,28.9288753163994
47.0,T-IDM,448.9255539686865,9.396967065845264,0.08096731123226202,28.95198147497132
47.1,T-IDM,449.8656555118272,9.40506379696849,0.10195862264752126,28.98057318352869
47.2,T-IDM,450.80667168463725,9.415259659233241,0.09711960910249821,29.0080761821726
47.300000000000004,T-IDM,451.7486832486061,9.424971620143491,0.06869238933665751,29.028241404958806
47.400000000000006,T-IDM,452.69152387256713,9.431840859077157,0.11282818127912685,29.05976100030182
47.5,T-IDM,453.63527209938127,9.44312367720507,0.10034466014776007,29.088320507051378
47.6,T-IDM,454.5800861904025,9.453158143219847,0.12658705055991923,29.123762802434783
47.7,T-IDM,455.52603493997725,9.46581684827584,0.10449444495899053,29.15363993657064
47.800000000000004,T-IDM,456.4731390970297,9.476266292771738,0.08424557618110347,29.178189898081143
47.900000000000006,T-IDM,457.42118695418776,9.484690850389848,0.11461167212361184,29.21062049301429
48.0,T-IDM,458.37022909758736,9.49615201760221,0.09916547953804872,29.239236201141864
48.1,T-IDM,459.32034012674524,9.506068565556015,0.12423561592585232,29.274427555413524
48.2,T-IDM,460.2715681613805,9.518492127148601,0.11013435474383325,29.30612927327212
48.300000000000004,T-IDM,461.2239680458691,9.529505562622985,0.14727784968033955,29.347670509841123
48.400000000000006,T-IDM,462.1776549913798,9.54423334759102,0.13141325583440389,29.38532079796056
48.5,T-IDM,463.1327353924181,9.55737467317446,0.16772816642714058,29.43269657519022
48.6,T-IDM,464.08931150056765,9.574147489817173,0.1843165780376959,29.484898428059523
48.7,T-IDM,465.04764783243957,9.592579147620944,0.1812801587236781,29.536567892839685
48.800000000000004,T-IDM,466.00781214799525,9.610707163493311,0.19769341701700002,29.592873748333773
48.900000000000006,T-IDM,466.9698713314297,9.630476505195011,0.19665391977153393,29.649210072569417
49.0,T-IDM,467.9339022515481,9.650141897172164,0.19036566037282746,29.704059506722558
49.1,T-IDM,468.8998682695672,9.669178463209446,0.18289090031671848,29.75706342052098
49.2,T-IDM,469.86770057038973,9.687467553241119,0.22419892044520956,29.82154829857666
49.300000000000004,T-IDM,470.83756832031605,9.70988744528564,0.23169807820910526,29.888602976496827
49.400000000000006,T-IDM,471.80971555523564,9.73305725310655,0.25143815486067184,29.961494617273104
49.5,T-IDM,472.7842784713206,9.758201068592617,0.22680872319664025,30.027978997489072
49.6,T-IDM,473.76123262179584,9.780881940912282,0.26030544379096554,30.10400059712481
49.7,T-IDM,474.74062234310605,9.80691248529138,0.2672766969447926,30.182535170215772
49.800000000000004,T-IDM,475.7226499751199,9.833640154985858,0.2741707607314392,30.263457778080408
49.900000000000006,T-IDM,476.70738484442217,9.861057231059002,0.28231093359724224,30.347153389292373
50.0,T-IDM,477.694902122196,9.889288324418725,0.27124924274967366,30.428187369852424
50.1,T-IDM,478.68518720085166,9.916413248693692,0.28213558630191016,30.512701583631554
50.2,T-IDM,479.67823920365254,9.944626807323882,0.28298442541875174,30.597975005737055
50.300000000000004,T-IDM,480.674116806512,9.972925249865757,0.29707666461218796,30.687784129931458
50.400000000000006,T-IDM,481.67289471482167,10.002632916326975,0.2777062703633338,30.772588408059676
50.5,T-IDM,482.6745465378062,10.03040354336331,0.3001029942916878,30.864248329823624
50.6,T-IDM,483.67908740711397,10.060413842792478,0.32311916156539316,30.963295820097926
50.7,T-IDM,484.68674438720103,10.092725758949017,0.29019722100234985,31.053433619903956
50.800000000000004,T-IDM,485.6974679492009,10.121745481049253,0.2938147342364659,31.14499102009222
50.900000000000006,T-IDM,486.71111157097704,10.151126954472899,0.29797046307113456,31.238332233271592
51.0,T-IDM,487.72771411873964,10.180924000780012,0.3230351006017252,31.33967523386309
51.1,T-IDM,488.7474216943206,10.213227510840184,0.3358875698752,31.445644490871416
51.2,T-IDM,489.770423883254,10.246816267827704,0.3100341859675856,31.544666660092048
51.300000000000004,T-IDM,490.7966556809666,10.277819686424463,0.2928738476537883,31.63909264058492
51.400000000000006,T-IDM,491.8259020188473,10.307107071189842,0.2833537603807718,31.731193202682107
51.5,T-IDM,492.8580294947682,10.33544244722792,0.2742211456912169,31.821097470640893
51.6,T-IDM,493.89294484521946,10.362864561797041,0.2982969740679264,31.918676795691397
51.7,T-IDM,494.9307227862695,10.392694259203834,0.28608431737922585,32.013348362378224
51.800000000000004,T-IDM,495.9714226337768,10.421302690941756,0.29408345830529353,32.11096166612947
51.900000000000006,T-IDM,497.01502332016247,10.450711036772285,0.26083416773274365,32.19927259161756
52.0,T-IDM,498.06139859467834,10.476794453545558,0.2620611122438072,32.288299598077
52.1,T-IDM,499.1103883455941,10.50300056476994,0.23936203149609414,32.371074704440446
52.2,T-IDM,500.1618852122286,10.52693676791955,0.2683086303943608,32.46286573456865
52.300000000000004,T-IDM,501.2159204321725,10.553767630958985,0.23861202447991117,32.54643450065936
52.400000000000006,T-IDM,502.2724902553908,10.577628833406976,0.23693341158664033,32.62980376471404
52.5,T-IDM,503.3314378057894,10.60132217456564,0.23449166207326105,32.71288289184133
52.6,T-IDM,504.3927424815563,10.624771340772966,0.22238480690673934,32.79275872440439
52.7,T-IDM,505.45633153966816,10.64700982146364,0.20385568282815303,32.867422855676125
52.800000000000004,T-IDM,506.52205180022867,10.667395389746456,0.1755372694835465,32.93388551004449
52.900000000000006,T-IDM,507.58966902555073,10.684949116694812,0.16722316737215753,32.997951538004486
53.0,T-IDM,508.65900005305707,10.701671433432027,0.16500339582350518,33.0614982174809
53.1,T-IDM,509.7299922133794,10.718171773014378,0.16770735527939395,33.12601451917516
53.2,T-IDM,510.8026479274572,10.734942508542318,0.14785491344974938,33.1848413649368
53.300000000000004,T-IDM,511.8768814528787,10.749727999887293,0.12547450791021153,33.23706936876829
53.400000000000006,T-IDM,512.9524816254069,10.762275450678315,0.12303997243239193,33.28848730787138
53.5,T-IDM,514.0293243703369,10.774579447921553,0.10113301697071965,33.33346987094012
53.6,T-IDM,515.1072879802139,10.784692749618625,0.0869648501491116,33.374123855844914
53.7,T-IDM,516.1861920794265,10.793389234633535,0.07389701560663738,33.410767916065424
53.800000000000004,T-IDM,517.2659004879679,10.800778936194199,0.07310352340429521,33.446936879008604
53.900000000000006,T-IDM,518.3463438992044,10.808089288534628,0.0580971094600996,33.47856557476189
54.0,T-IDM,519.4274433136052,10.813898999480639,0.029598970173428076,33.50165573836773
54.1,T-IDM,520.5089812084041,10.816858896497981,0.024552913675157453,33.52280912194101
54.2,T-IDM,521.5907898626222,10.819314187865498,0.015257083691117787,33.54091597140132
54.300000000000004,T-IDM,522.6727975668272,10.82083989623461,0.01328310424124177,33.55802981130705
54.400000000000006,T-IDM,523.7549479719719,10.822168206658734,0.011838947140338452,33.57434342930833
54.5,T-IDM,524.8372239873735,10.823352101372768,-0.009404530849919417,33.58420936504558
54.6,T-IDM,525.9195121748565,10.822411648287776,-0.02450858394542324,33.58922981341004
54.7,T-IDM,527.0016307967657,10.819960789893234,-0.04104308564396243,33.589003580526764
54.800000000000004,T-IDM,528.0834216603267,10.815856481328836,-0.041820454220131316,33.587928093128085
54.900000000000006,T-IDM,529.1647982061885,10.811674435906824,-0.06397956442979529,33.580089577804415
55.0,T-IDM,530.245645751957,10.805276479463844,-0.052034042992240084,33.57488636274536
55.1,T-IDM,531.3259132296885,10.80007307516462,-0.09282764384329864,33.55781715128148
55.2,T-IDM,532.4054563989857,10.79079031078029,-0.07174811977409722,33.54572850297552
55.300000000000004,T-IDM,533.4841766894648,10.783615498802881,-0.0774630353084203,33.53157924084849
55.400000000000006,T-IDM,534.5621509241685,10.775869195272039,-0.07435786895071525,33.51769134610697
55.5,T-IDM,535.639366054351,10.768433408376968,-0.10371627566252882,33.495133373634644
55.6,T-IDM,536.7156908138104,10.758061780810715,-0.11772860253619237,33.467932932709004
55.7,T-IDM,537.7909083488788,10.746288920557095,-0.13126809314143645,33.4362855514496
55.800000000000004,T-IDM,538.8648809004687,10.733162111242951,-0.1528911535656347,33.397989284131995
55.900000000000006,T-IDM,539.9374326558252,10.717872995886388,-0.09822523427814539,33.3737883940704
56.0,T-IDM,541.0087288292425,10.708050472458574,-0.11282799254996813,33.34533579760944
56.1,T-IDM,542.0789697365256,10.696767673203578,-0.11861938549666441,33.3146791707228
56.2,T-IDM,543.1480534069185,10.684905734653912,-0.1325117011792,33.27965888321626
56.300000000000004,T-IDM,544.215881421878,10.671654564535991,-0.1436844368297203,33.24096242011046
56.400000000000006,T-IDM,545.2823284561474,10.65728612085302,-0.13939982785828128,33.20278299871666
56.5,T-IDM,546.3473600690934,10.64334613806719,-0.11724565792687976,33.17009934505643
56.6,T-IDM,547.4111084546105,10.631621572274502,-0.12246739518845497,33.1356599320203
56.7,T-IDM,548.473658274862,10.619374832755657,-0.13181764325827705,33.09821240381825
56.800000000000004,T-IDM,549.5349366699213,10.60619306842983,-0.13275440150658632,33.06000726063144
56.900000000000006,T-IDM,550.5948922047568,10.59291762827917,-0.14012825232923395,33.01936567534938
57.0,T-IDM,551.653483326323,10.578904803046248,-0.15954388273044404,32.973023577606455
57.1,T-IDM,552.710576087214,10.562950414773203,-0.14194381289363386,32.93081902641086
57.2,T-IDM,553.7661614096269,10.54875603348384,-0.11362384597086414,32.89594011409724
57.300000000000004,T-IDM,554.8204688937453,10.537393648886754,-0.139365793337679,32.85396663573181
57.400000000000006,T-IDM,555.8735114296672,10.523457069552986,-0.1448710129539453,32.81002460107118
57.5,T-IDM,556.9251327815577,10.508969968257592,-0.12107689367677535,32.77208453170647
57.6,T-IDM,557.9754243939151,10.496862278889914,-0.12766971668808003,32.7322229242576
57.7,T-IDM,559.0244722732206,10.484095307221105,-0.11447071451207552,32.69560507343431
57.800000000000004,T-IDM,560.0723094503701,10.472648235769897,-0.12546575146037808,32.65587969399155
57.900000000000006,T-IDM,561.1189469451897,10.46010166062386,-0.13490710322316873,32.61333033571907
58.0,T-IDM,562.1642825757359,10.446610950301542,-0.09103509435013367,32.58227067435769
58.1,T-IDM,563.2084884952943,10.43750744086653,-0.08655152197217161,32.552538239486125
58.2,T-IDM,564.2518064817712,10.428852288669312,-0.05830890902439099,32.530415055946946
58.300000000000004,T-IDM,565.2944001660929,10.423021397766872,-0.0922805251159745,32.49922863544589
58.400000000000006,T-IDM,566.3362409032441,10.413793345255275,-0.11036267529921795,32.46291388713928
58.5,T-IDM,567.3770684243931,10.402757077725353,-0.06873725208519858,32.43758531248511
58.6,T-IDM,568.4170004459052,10.395883352516833,-0.08614692859996753,32.40774919335831
58.7,T-IDM,569.4561580465138,10.387268659656836,-0.07182635504018037,32.38163290431089
58.800000000000004,T-IDM,570.4945257807043,10.380086024152819,-0.06980235801399677,32.35612386976277
58.900000000000006,T-IDM,571.5321853713295,10.373105788351419,-0.05652692431812466,32.33421806353067
59.0,T-IDM,572.569213315543,10.367453095919606,-0.08297887504502025,32.30526931585689
59.1,T-IDM,573.6055437307598,10.359155208415103,-0.07462357991682386,32.278396784154324
59.2,T-IDM,574.6410861337017,10.35169285042342,-0.04996625475207291,32.25822102582288
59.300000000000004,T-IDM,575.6760055874703,10.346696224948213,-0.08376929700821166,32.22910881454402
59.400000000000006,T-IDM,576.7102563634801,10.338319295247391,-0.05805641967281483,32.20671490866755
59.5,T-IDM,577.7437980109064,10.33251365328011,-0.07030656351252935,32.181186608703456
59.6,T-IDM,578.7766978434169,10.325482996928857,-0.033573319921431706,32.16553918704449
59.7,T-IDM,579.8090782765101,10.322125664936713,-0.06733091302299594,32.14105808110753
59.800000000000004,T-IDM,580.8409541884387,10.315392573634414,-0.05171504069218677,32.120630024945854
59.900000000000006,T-IDM,581.8722348705986,10.310221069565195,-0.07786049629003491,32.09330440541089
60.0,T-IDM,582.9028676750736,10.30243501993619,-0.10013780511053028,32.05988253092141
60.1,T-IDM,583.9326104880416,10.292421239425137,-0.08296412664553209,32.03084554963539
60.2,T-IDM,584.9614377913509,10.284124826760584,-0.08978260935879268,32.00005059659907
60.300000000000004,T-IDM,585.9894013609802,10.275146565824704,-0.10470067839232718,31.965216986725636
60.400000000000006,T-IDM,587.0163925141708,10.264676497985471,-0.09386713726182831,31.933102495056232
60.5,T-IDM,588.042390828283,10.255289784259288,-0.08859949584673443,31.902398298615026
60.6,T-IDM,589.0674768092297,10.246429834674615,-0.11430592205178301,31.864893186133145
60.7,T-IDM,590.0915482630869,10.234999242469437,-0.10268545120646798,31.830233585506676
60.800000000000004,T-IDM,591.1145347600778,10.22473069734879,-0.09965942739906472,31.796378607634892
60.900000000000006,T-IDM,592.1365095326757,10.214764754608883,-0.11203072497997109,31.759238346474262
61.0,T-IDM,593.1574258545118,10.203561682110886,-0.10129766397701635,31.72479348897707
61.1,T-IDM,594.177275534403,10.193431915713184,-0.14887633258539293,31.67791882237418
61.2,T-IDM,595.1958743443114,10.178544282454645,-0.13828187981402565,31.63340503703955
61.300000000000004,T-IDM,596.2130373631577,10.164716094473242,-0.16163976616869186,31.582772524559687
61.400000000000006,T-IDM,597.2287007737741,10.148552117856372,-0.16271896885945797,31.531577645505195
61.5,T-IDM,598.2427423907154,10.132280220970426,-0.1278605319639111,31.48924780373386
61.6,T-IDM,599.2553311101526,10.119494167774034,-0.16539320218082038,31.437332293791314
61.7,T-IDM,600.2664535609191,10.102954847555953,-0.17999654626367215,31.381342211023252
61.800000000000004,T-IDM,601.2758490629434,10.084955192929586,-0.20111115608398847,31.319732535587264
61.900000000000006,T-IDM,602.2833390264559,10.064844077321187,-0.17583749762560943,31.264248996853098
62.0,T-IDM,603.2889442466999,10.047260327558625,-0.18938373190220537,31.205318635615527
62.1,T-IDM,604.2927233607962,10.028321954368405,-0.20702075510820114,31.14171109561346
62.2,T-IDM,605.2945204524576,10.007619878857584,-0.22266389762834016,31.0739074489602
62.300000000000004,T-IDM,606.2941691208553,9.98535348909475,-0.25149979491374724,30.99863101721303
62.400000000000006,T-IDM,607.2914469707902,9.960203509603376,-0.22382186241282628,30.929879483667378
62.5,T-IDM,608.2863482124384,9.937821323362094,-0.23243695030222644,30.85896788242235
62.6,T-IDM,609.2789681600232,9.914577628331871,-0.22960030558720576,30.788571763952973
62.7,T-IDM,610.2692779213285,9.89161759777315,-0.2744429456606883,30.706975124448377
62.800000000000004,T-IDM,611.2570674663774,9.864173303207082,-0.23329989497257508,30.635107212619346
62.900000000000006,T-IDM,612.2423182972233,9.840843313709824,-0.2994069036006326,30.547119075269734
63.0,T-IDM,613.2249055940763,9.81090262334976,-0.27653604127205295,30.464167506507692
63.1,T-IDM,614.2046131762049,9.783249019222554,-0.28544483604151205,30.379025459519312
63.2,T-IDM,615.181510853947,9.754704535618403,-0.28169162296074823,30.294624900946587
63.300000000000004,T-IDM,616.1555728493939,9.726535373322328,-0.293257092750481,30.207342626180434
63.400000000000006,T-IDM,617.1267601012624,9.69720966404728,-0.27068150555152315,30.125381931505444
63.5,T-IDM,618.0951276601394,9.670141513492128,-0.27834265602548264,30.041648438676702
63.6,T-IDM,619.0607500982085,9.64230724788958,-0.3141575783312835,29.949229390590062
63.7,T-IDM,620.0234100351058,9.610891490056451,-0.29296336530027484,29.861646042975053
63.800000000000004,T-IDM,620.983034367285,9.581595153526424,-0.32111673381946654,29.76742574793684
63.900000000000006,T-IDM,621.9395882989686,9.549483480144477,-0.2818653351804866,29.68241670327575
64.0,T-IDM,622.8931273203071,9.521296946626428,-0.3211422307139727,29.588282348804228
64.10000000000001,T-IDM,623.8436513038162,9.48918272355503,-0.28142043949816464,29.50342556253929
64.2,T-IDM,624.7911624739742,9.461040679605214,-0.30245528402544025,29.413845263027156
64.3,T-IDM,625.7357542655145,9.43079515120267,-0.2881630461191713,29.327634953784013
64.4,T-IDM,626.6773929654042,9.401978846590753,-0.31100951115927267,29.236191181106847
64.5,T-IDM,627.6160358025074,9.370877895474825,-0.28391536147748436,29.151147178918677
64.60000000000001,T-IDM,628.5517040152475,9.342486359327077,-0.3044650295383519,29.061525484245408
64.7,T-IDM,629.4844303260326,9.312039856373243,-0.27888919937189993,28.977983558338906
64.8,T-IDM,630.414239865673,9.284150936436053,-0.28982596310201586,28.892167335492104
64.9,T-IDM,631.3412058295012,9.25516834012585,-0.2732805799038141,28.810386010557522
65.0,T-IDM,632.2653562606142,9.22784028213547,-0.24649360969872758,28.73525467905074
65.10000000000001,T-IDM,633.1869078207793,9.203190921165596,-0.24914830390424433,28.65988122883607
65.2,T-IDM,634.1059811713764,9.178276090775173,-0.26597933403960883,28.580765234648197
65.3,T-IDM,635.0224788837837,9.151678157371212,-0.21004837027620796,28.515084723498035
65.4,T-IDM,635.9365964576695,9.130673320343591,-0.2250096339998273,28.4464252976112
65.5,T-IDM,636.8485387415338,9.108172356943609,-0.20200414699762165,28.383461989877787
65.60000000000001,T-IDM,637.7583459564933,9.087971942243847,-0.18248486794103924,28.325597549086524
65.7,T-IDM,638.6662307263779,9.069723455449743,-0.18582795474823607,28.26735943919539
65.8,T-IDM,639.5722739321492,9.05114065997492,-0.18574735781697063,28.209443644155726
65.9,T-IDM,640.4764592613576,9.032565924193221,-0.156451591536876,28.158866492600964
66.0,T-IDM,641.3789335958193,9.016920765039535,-0.1197968378968207,28.117627116575704
66.10000000000001,T-IDM,642.2800266881337,9.004941081249852,-0.11136916925846545,28.078979151676663
66.2,T-IDM,643.1799639504125,8.993804164324006,-0.1552015443088983,28.030148338680533
66.3,T-IDM,644.0785683591233,8.978284009893116,-0.10019266356305732,27.99469251540313
66.4,T-IDM,644.9758957967948,8.96826474353681,-0.10036331718239438,27.959817022849734
66.5,T-IDM,645.8722204545626,8.95822841181857,-0.05073544174103295,27.937409042111653
66.60000000000001,T-IDM,646.7677896185357,8.953154867644468,-0.0968533297536782,27.904336732326897
66.7,T-IDM,647.6626208386515,8.9434695346691,-0.06495367457953422,27.879122800280584
66.8,T-IDM,648.5566430237454,8.936974167211147,-0.05319683507590197,27.857274901750202
66.9,T-IDM,649.4500744562912,8.931654483703557,-0.015000743742011631,27.84522668967122
67.0,T-IDM,650.3431649009428,8.930154409329356,0.008901213929775728,27.839647814370892
67.10000000000001,T-IDM,651.2362248479454,8.931044530722334,-0.004505023940694775,27.83119017367426
67.2,T-IDM,652.129306775898,8.930594028328263,-0.02107840773715,27.818873154685548
67.3,T-IDM,653.0222607866922,8.92848618755455,0.033194526955280426,27.82027599313801
67.4,T-IDM,653.9152753780825,8.931805640250078,0.005320010703431265,27.815300315615673
67.5,T-IDM,654.808482542161,8.932337641320421,0.049469723508630103,27.821520915108636
67.60000000000001,T-IDM,655.7019636549105,8.937284613671284,0.04958871582616503,27.828292705877743
67.7,T-IDM,656.5959400598567,8.9422434852539,0.05747671134158714,27.837342173414527
67.8,T-IDM,657.4904517919389,8.94799115638806,0.05700579594087703,27.846593441268965
67.9,T-IDM,658.3855359365574,8.953691735982147,0.08771704874762459,27.863898108447074
68.0,T-IDM,659.2813436953993,8.96246344085691,0.09724278269771174,27.88406550423315
68.10000000000001,T-IDM,660.1780762533986,8.972187719126682,0.07475365634248202,27.898829790159994
68.2,T-IDM,661.075668793593,8.97966308476093,0.0699308071261969,27.91250724061365
68.3,T-IDM,661.9739847561046,8.98665616547355,0.08464859306730503,27.930135261773444
68.4,T-IDM,662.8730736156173,8.99512102478028,0.08963744676489864,27.949345542274727
68.5,T-IDM,663.7730339053292,9.004084769456771,0.11952610654952048,27.97646973368842
68.60000000000001,T-IDM,664.6740400128076,9.016037380111722,0.12029527079910549,28.004188125013798
68.7,T-IDM,665.5762452271728,9.028066907191633,0.14215377929353448,28.03779769094274
68.8,T-IDM,666.4797626867885,9.042282285120987,0.13186238516112544,28.069100844280115
68.9,T-IDM,667.3846502272264,9.0554685236371,0.14720238764426966,28.104564037983778
69.0,T-IDM,668.2909330915284,9.070188762401527,0.1362476002735063,28.137500507508094
69.10000000000001,T-IDM,669.1986332057699,9.083813522428878,0.1336378292746033,28.169930631138982
69.2,T-IDM,670.1076827471592,9.097177305356338,0.12311592420327697,28.199840822988335
69.3,T-IDM,671.0180160573158,9.109488897776666,0.09337428041077381,28.222243044333027
69.4,T-IDM,671.9294318184955,9.118826325817743,0.11200265613238854,28.249453758775985
69.5,T-IDM,672.8418744643578,9.130026591430981,0.12354500726918718,28.279920038844807
69.60000000000001,T-IDM,673.7554948485373,9.1423810921579,0.13809163638744407,28.314405384943143
69.7,T-IDM,674.670423415935,9.156190255796643,0.12822642597373254,28.346596184780765
69.8,T-IDM,675.5866835736446,9.169012898394016,0.1549576189096711,28.38588688338791
69.9,T-IDM,676.5043596515785,9.184508660284983,0.13998648830828805,28.42160462767697
70.0,T-IDM,677.4235104500485,9.198507309115811,0.13722804949651313,28.456713981368807
70.10000000000001,T-IDM,678.3440473212075,9.212230114065463,0.10640035546978666,28.48398476201271
70.2,T-IDM,679.2658023343915,9.222870149612442,0.09523101819282599,28.50835926677314
70.3,T-IDM,680.1885655044438,9.232393251431725,0.10373940599910347,28.534999469812306
70.4,T-IDM,681.1123235266169,9.242767192031636,0.09947068425272583,28.560710500808796
70.5,T-IDM,682.0370975992413,9.252714260456909,0.0933429511346722,28.584941509007194
70.60000000000001,T-IDM,682.9628357400427,9.262048555570376,0.09381429605975988,28.60937659949502
70.7,T-IDM,683.88950966708,9.27142998517635,0.09246372354222918,28.63357620824172
70.8,T-IDM,684.8171149842153,9.280676357530574,0.06669477808043717,28.651246280934856
70.9,T-IDM,685.7455160938588,9.287345835338618,0.06227717560430167,28.667727701547506
71.0,T-IDM,686.6745620632706,9.293573552899048,0.056717052988037184,28.682828576308566
71.10000000000001,T-IDM,687.6042030038254,9.299245258197852,0.0658182583383715,28.700288392168204
71.2,T-IDM,688.5344566209369,9.305827084031689,0.042514484431333106,28.711900860121204
71.3,T-IDM,689.4652519017623,9.310078532474822,0.047436463465441545,28.724686221948446
71.4,T-IDM,690.396496937327,9.314822178821366,0.0371075805335194,28.73490236916814
71.5,T-IDM,691.3281646931118,9.318532936874718,0.0500031952090269,28.74838105554909
71.60000000000001,T-IDM,692.2602680027753,9.32353325639562,0.06042274470207644,28.764632636895158
71.7,T-IDM,693.1929234421384,9.329575530865828,0.032023534385433136,28.773735930894986
71.8,T-IDM,694.1260411128969,9.332777884304372,0.013763093733231051,28.77807783620233
71.9,T-IDM,695.0593877167961,9.334154193677696,0.012962576641985794,28.782115586715463
72.0,T-IDM,695.9928679490471,9.335450451341895,0.012962576641985794,28.7878363997296
0.0,C-FVD,12.980833910669062,8.7,-1.8097447817980283,23.0
0.1,C-FVD,13.841785186760072,8.519025521820197,-0.8427084013843182,23.12551222029586
0.2,C-FVD,14.689474196935171,8.434754681681765,-0.18445129283520778,23.268957710714233
0.30000000000000004,C-FVD,15.532027408639172,8.416309552398245,0.22077741410066265,23.419609674267235
0.4,C-FVD,16.374762250949498,8.438387293808312,0.54698438158773,23.575075002558403
0.5,C-FVD,17.221335902238266,8.493085731967085,0.7101127584254592,23.728822094389002
0.6000000000000001,C-FVD,18.074195039227103,8.56409700780963,0.8178334109435987,23.878880805217893
0.7000000000000001,C-FVD,18.934693907062783,8.64588034890399,0.9453979884056334,24.0274674983138
0.8,C-FVD,19.80400893189521,8.740420147744553,0.8543961903525066,24.16441725322003
0.9,C-FVD,20.68232292762143,8.825859766779804,0.910782039956112,24.297022760155546
1.0,C-FVD,21.569462814499193,8.916937970775415,0.9879858122008074,24.428054558283183
1.1,C-FVD,22.466096540637736,9.015736551995495,0.8820592561231191,24.548757915580182
1.2000000000000002,C-FVD,23.3720804921179,9.103942477607808,0.786970243747216,24.659013194213248
1.3,C-FVD,24.286409591097417,9.182639501982528,0.6982808117525334,24.75942422089053
1.4000000000000001,C-FVD,25.208164945354433,9.252467583157781,0.7845476488630191,24.859542899330847
1.5,C-FVD,26.13733444191453,9.330922348044083,0.8501706459330448,24.959861152723217
1.6,C-FVD,27.0746775299486,9.415939412637387,0.8760048956095982,25.05872771938418
1.7000000000000002,C-FVD,28.02065149569039,9.503539902198346,0.6901441582289374,25.145009419298486
1.8,C-FVD,28.97445620670137,9.57255431802124,0.5660152116049763,25.22057313493731
1.9000000000000001,C-FVD,29.93454171456152,9.629155839181738,0.651335791432496,25.296786660939162
2.0,C-FVD,30.900713977436855,9.694289418324988,0.41748697721151207,25.358167771132518
2.1,C-FVD,31.872230354155413,9.73603811604614,0.39615397930346175,25.41391402742176
2.2,C-FVD,32.847814935656544,9.775653513976486,0.41356295820336236,25.467349772772778
2.3000000000000003,C-FVD,33.827448101845214,9.817009809796822,0.41366872799539245,25.51803793903523
2.4000000000000004,C-FVD,34.81121742646487,9.858376682596361,0.31413596160278967,25.560752159571898
2.5,C-FVD,35.79862577453252,9.88979027875664,0.37413537639032857,25.603388301164294
2.6,C-FVD,36.78947547929013,9.927203816395673,0.20657484240315027,25.634939059816112
2.7,C-FVD,37.78322873514171,9.947861300635989,0.32865013974852547,25.66938270062338
2.8000000000000003,C-FVD,38.779658115904056,9.980726314610841,0.4708416300315754,25.709880408170932
2.9000000000000004,C-FVD,39.7800849555153,10.027810477613999,0.3385048688748684,25.742433862332838
3.0,C-FVD,40.78455852762107,10.061660964501485,0.23727917044494387,25.76695081084648
3.1,C-FVD,41.79191101992345,10.08538888154598,0.2268060206890429,25.78822410105262
3.2,C-FVD,42.80158393818149,10.108069483614884,0.056182214572963296,25.798218713153695
3.3000000000000003,C-FVD,43.81267179761584,10.11368770507218,0.20205233827381636,25.812675015061707
3.4000000000000004,C-FVD,44.82505082981443,10.133892938899562,0.0681205239771209,25.818861669785477
3.5,C-FVD,45.83878072632427,10.140704991297275,0.16028304037093982,25.827180599714097
3.6,C-FVD,46.85365264065586,10.15673329533437,-0.02863225104344734,25.824169835767826
3.7,C-FVD,47.86918280893408,10.153870070230024,0.19056267771779484,25.829799965710457
3.8000000000000003,C-FVD,48.885522629345665,10.172926338001803,-0.004293006992493326,25.824847611219077
3.9000000000000004,C-FVD,49.902793798110885,10.172497037302554,0.002159770186379875,25.817470026698736
4.0,C-FVD,50.92005430069207,10.172713014321191,0.11508096959457301,25.81457576564958
4.1000000000000005,C-FVD,51.93790100697216,10.184221111280648,0.09122425140955506,25.809905673840923
4.2,C-FVD,52.956779239357274,10.193343536421603,-0.08719673110657894,25.794518071409527
4.3,C-FVD,53.9756776093439,10.184623863310945,0.04014629491895155,25.78353225870037
4.4,C-FVD,54.994340727149584,10.18863849280284,0.1109580204873995,25.776048692378886
4.5,C-FVD,56.013759366532305,10.199734294851579,-0.00804584045601936,25.761972823949513
4.6000000000000005,C-FVD,57.03369256681518,10.198929710805977,0.09905542551935248,25.75214263521689
4.7,C-FVD,58.05408081502338,10.208835253357913,0.08053271051320979,25.741443013473926
4.800000000000001,C-FVD,59.07536700391174,10.216888524409233,0.157434080480953,25.734361658446318
4.9,C-FVD,60.097843026755065,10.232631932457329,0.026773052734139047,25.720610181792956
5.0,C-FVD,61.12124008526447,10.235309237730743,0.013735288848808425,25.70506490962405
5.1000000000000005,C-FVD,62.144839685481784,10.236682766615623,-0.06885089450616699,25.686498693547662
5.2,C-FVD,63.168163707670814,10.229797677165006,-0.25814965346700797,25.66089138001658
5.300000000000001,C-FVD,64.18985272711998,10.203982711818306,-0.050940017261438625,25.64784614277164
5.4,C-FVD,65.20999629821551,10.198888710092161,-0.17465324570592214,25.632017871896977
5.5,C-FVD,66.2290119029962,10.181423385521569,-0.23051422945734096,25.61461715421828
5.6000000000000005,C-FVD,67.24600167040107,10.158371962575835,-0.14827492100028158,25.602892186370795
5.7,C-FVD,68.26109749205365,10.143544470475806,-0.16633125816427585,25.59220198990046
5.800000000000001,C-FVD,69.2746202828104,10.126911344659378,-0.11763034420364127,25.585307851420083
5.9,C-FVD,70.28672326555532,10.115148310239015,-0.11477994859409682,25.580036883026125
6.0,C-FVD,71.29766419683625,10.103670315379604,-0.06187603749413487,25.57863245292988
6.1000000000000005,C-FVD,72.30772184818674,10.09748271163019,-0.11330081198719538,25.57575107371663
6.2,C-FVD,73.31690361528983,10.08615263043147,0.11547192824519445,25.5854864507359
6.300000000000001,C-FVD,74.32609623797421,10.09769982325599,-0.031522743636675614,25.589749343986327
6.4,C-FVD,75.33570860658162,10.094547548892322,-0.09253233543452793,25.59055833418445
6.5,C-FVD,76.34470069979368,10.08529431534887,0.061771692641903006,25.599506989130305
6.6000000000000005,C-FVD,77.35353898979177,10.09147148461306,-0.052553713150701245,25.603701333174655
6.7,C-FVD,78.36242336968733,10.08621611329799,0.00757612499667229,25.6105953862766
6.800000000000001,C-FVD,79.37108286164212,10.086973725797657,0.21277071174404777,25.62892083414107
6.9,C-FVD,80.3808440877806,10.108250796972062,0.1129460541952675,25.643654323494616
7.0,C-FVD,81.3922338977488,10.119545402391589,0.1912593966573537,25.662301497075802
7.1000000000000005,C-FVD,82.40514473497124,10.138671342057325,0.11112550261501011,25.677412326951014
7.2,C-FVD,83.41956749669006,10.149783892318826,0.15826583227567986,25.694603071013702
7.300000000000001,C-FVD,84.43533721508332,10.165610475546394,0.25798043225340694,25.7173908770107
7.4,C-FVD,85.45318816479923,10.191408518771736,0.3231340671996108,25.744425977434105
7.5,C-FVD,86.47394468701239,10.223721925491697,0.15649925700862682,25.763207543833587
7.6000000000000005,C-FVD,87.4970993758466,10.23937185119256,-0.06313298849944567,25.769020589434078
7.7,C-FVD,88.52072089602336,10.233058552342616,0.11725782645449805,25.782222277376746
7.800000000000001,C-FVD,89.54461304038989,10.244784334988065,0.20538861685598922,25.800502248763166
7.9,C-FVD,90.57011841697297,10.265323196673664,0.3357375352564298,25.825921083298013
8.0,C-FVD,91.59832942431662,10.298896950199307,0.035518094210445786,25.835967561457124
8.1,C-FVD,92.6283967098076,10.30244875962035,0.0685507901353706,25.845210344108196
8.200000000000001,C-FVD,93.65898433972032,10.309303838633888,0.13554741301086023,25.857257757269764
8.3,C-FVD,94.69059246064877,10.322858579934973,0.19118329476914842,25.871897689446584
8.4,C-FVD,95.72383423511612,10.341976909411889,0.1445187239701676,25.88374967511278
8.5,C-FVD,96.75875451967715,10.356428781808905,0.1960278433988069,25.897365439545595
8.6,C-FVD,97.79537753707504,10.376031566148786,0.2103900760264706,25.911402562538726
8.700000000000001,C-FVD,98.83403264407005,10.397070573751433,0.3113317837096915,25.930339705335186
8.8,C-FVD,99.87529636036373,10.428203752122402,0.2051142414144998,25.943809498296034
8.9,C-FVD,100.91914230678304,10.448715176263851,0.059538748412925196,25.94822712555444
9.0,C-FVD,101.9643115181515,10.454669051105144,0.009837469008463003,25.948019055840405
9.1,C-FVD,103.00982761060706,10.45565279800599,0.06506210565410206,25.949168602254787
9.200000000000001,C-FVD,104.05571820093593,10.462159008571401,0.0388593166047288,25.94808677572354
9.3,C-FVD,105.10212839837608,10.466044940231875,0.12574589650464943,25.950385510140492
9.4,C-FVD,106.1493616218818,10.478619529882339,0.049344990371557575,25.94822325254897
9.5,C-FVD,107.19747029982189,10.483554028919494,0.24074551218331577,25.95490430299195
9.600000000000001,C-FVD,108.24702943027475,10.507628580137826,-0.03976050636246657,25.94716930971518
9.700000000000001,C-FVD,109.29759348575672,10.50365252950158,0.04236108681436128,25.941124778489637
9.8,C-FVD,110.34817054414096,10.507888638183015,-0.01411090134990206,25.93153090322967
9.9,C-FVD,111.3988888534525,10.506477548048025,-0.012092932159956382,25.920700651352277
10.0,C-FVD,112.4494761435965,10.50526825483203,-0.05225858907236983,25.90675895253527
10.100000000000001,C-FVD,113.49974167613433,10.500042395924794,-0.10281222656050468,25.88888884051582
10.200000000000001,C-FVD,114.54923185459401,10.489761173268743,-0.14596967220541496,25.871121970797105
10.3,C-FVD,115.59747812355985,10.475164206048202,-0.20191154488827684,25.852651920768352
10.4,C-FVD,116.64398498644023,10.454973051559374,-0.400358346888028,25.825342019304102
10.5,C-FVD,117.68748049986172,10.414937216870571,-0.27394979850874396,25.804982397116277
10.600000000000001,C-FVD,118.72760447255624,10.387542237019696,-0.3938732727687984,25.780299592601608
10.700000000000001,C-FVD,119.76438932989437,10.348154909742817,-0.25813648556306373,25.763171517968132
10.8,C-FVD,120.79791413844083,10.32234126118651,-0.28904800887288873,25.74629222832874
10.9,C-FVD,121.82870302451512,10.29343646029922,-0.3571495562317717,25.726578625986335
11.0,C-FVD,122.8562609227639,10.257721504676043,-0.4663317518809439,25.701284679348205
11.100000000000001,C-FVD,123.8797014144721,10.211088329487948,-0.4423785098669981,25.676861404008832
11.200000000000001,C-FVD,124.89859835487155,10.166850478501248,-0.47893154603498356,25.650755682162554
11.3,C-FVD,125.9128887449915,10.11895732389775,-0.49564053259711915,25.623538423864204
11.4,C-FVD,126.9223062747183,10.069393270638038,-0.43518122511419527,25.59932861480243
11.5,C-FVD,127.92706969565653,10.025875148126618,-0.510371779096189,25.57141235671334
11.600000000000001,C-FVD,128.92710535157372,9.974837970217,-0.4911139085724922,25.54385097378494
11.700000000000001,C-FVD,129.92213357905254,9.92572657935975,-0.48255487005183406,25.516572863625555
11.8,C-FVD,130.91229346263825,9.877471092354567,-0.41794354748118645,25.492507836370265
11.9,C-FVD,131.89795085413627,9.835676737606448,-0.3950243936524163,25.469876127756777
12.0,C-FVD,132.87954340592864,9.796174298241207,-0.41647565009247334,25.44611061112755
12.100000000000001,C-FVD,133.8570784575023,9.754526733231959,-0.47942857167201647,25.41863709031091
12.200000000000001,C-FVD,134.83013398796712,9.706583876064757,-0.44441701960710084,25.392225611115578
12.3,C-FVD,135.79857029047557,9.662142174104046,-0.48742205468257255,25.363284339056747
12.4,C-FVD,136.76234739761256,9.61339996863579,-0.3647029668488794,25.340098481877902
12.5,C-FVD,137.7218638796419,9.576929671950902,-0.49121595899683673,25.310561249304868
12.600000000000001,C-FVD,138.677100767042,9.527808076051219,-0.4836629169716233,25.280120928626786
12.700000000000001,C-FVD,139.62746326006226,9.479441784354057,-0.34750768298833257,25.256325662907813
12.8,C-FVD,140.5736699000827,9.444691016055224,-0.4601040291431188,25.226962207826176
12.9,C-FVD,141.51583848154252,9.398680613140911,-0.3186989242149398,25.203926628045792
13.0,C-FVD,142.45411304823554,9.366810720719418,-0.4487423320050216,25.174440122541796
13.100000000000001,C-FVD,143.38855040864746,9.321936487518915,-0.3225507649625493,25.15034537499912
13.200000000000001,C-FVD,144.31913130357455,9.28968141102266,-0.3414541915513688,25.125572253326993
13.3,C-FVD,145.24639217371907,9.255535991867523,-0.4213328101534504,25.096036638454592
13.4,C-FVD,146.16983910885506,9.213402710852177,-0.24588027180536337,25.07475928954949
13.5,C-FVD,147.08994997858125,9.188814683671641,-0.4276381053721955,25.044518226323504
13.600000000000001,C-FVD,148.00669325642156,9.14605087313442,-0.40335592876649284,25.01388579454013
13.700000000000001,C-FVD,148.91928156409116,9.10571528025777,-0.4082170176218711,24.982424444955598
13.8,C-FVD,149.82781200702883,9.064893578495584,-0.22579331768232144,24.959947416581343
13.9,C-FVD,150.73317239828995,9.04231424672735,-0.2531783592530451,24.936777354019625
14.0,C-FVD,151.63613793116642,9.016996410802046,-0.0854302163945998,24.922109207520037
14.100000000000001,C-FVD,152.53741042116465,9.008453389162586,-0.22655124648693029,24.900944790276327
14.200000000000001,C-FVD,153.43712300384848,8.985798264513893,-0.20031349217956135,24.880129213276376
14.3,C-FVD,154.334701262839,8.965766915295937,-0.13111022756097065,24.862829753356777
14.4,C-FVD,155.23062240323077,8.95265589253984,-0.07992100100956373,24.84847102256566
14.5,C-FVD,156.12548838747972,8.944663792438883,-0.14319858946196085,24.830973530632008
14.600000000000001,C-FVD,157.0192387737763,8.930343933492686,-0.23755956023612773,24.807864215986484
14.700000000000001,C-FVD,157.91108536932438,8.906587977469073,-0.1536600368316348,24.788152331689105
14.8,C-FVD,158.80097586688714,8.891221973785909,-0.03223419557630944,24.774970614859257
14.9,C-FVD,159.68993689328784,8.887998554228277,0.10558432843403485,24.769703334790506
15.0,C-FVD,160.57926467035284,8.89855698707168,-0.002305743027332746,24.759720706301323
15.100000000000001,C-FVD,161.4691088403449,8.898326412768947,0.04745776827533299,24.751753850497153
15.200000000000001,C-FVD,162.35917877046316,8.90307218959648,-0.0098445085622762,24.74100051262559
15.3,C-FVD,163.24943676688,8.902087738740253,0.10451626670958233,24.735811115213608
15.4,C-FVD,164.14016812208757,8.912539365411211,0.10980265141860486,24.73154827111088
15.5,C-FVD,165.03197107188578,8.923519630553072,0.22054250364449632,24.73320734734216
15.600000000000001,C-FVD,165.92542574745931,8.945573880917522,-0.08049443129471556,24.719733371384706
15.700000000000001,C-FVD,166.8195806633946,8.93752443778805,-0.0196515687481289,24.7073279882257
15.8,C-FVD,167.71323484932964,8.935559280913237,0.09660075029909872,24.70093437747775
15.9,C-FVD,168.60727378117247,8.945219355943147,-0.0231577921727025,24.688653505170464
16.0,C-FVD,169.50167992780592,8.942903576725877,0.09813986192754859,24.681714972136263
16.1,C-FVD,170.39646098478815,8.952717562918632,0.08704862111098541,24.674659914077694
16.2,C-FVD,171.29216798418557,8.961422425029731,0.23963917640202206,24.67543471138785
16.3,C-FVD,172.18950842257055,8.985386342669933,0.09433865609827183,24.669486894337098
16.400000000000002,C-FVD,173.08851875011806,8.99482020827976,0.03239718469854022,24.65928683590556
16.5,C-FVD,173.9881627568695,8.998059926749614,0.245171156021379,24.659611865317316
16.6,C-FVD,174.8891946053246,9.02257704235175,0.14004328369509123,24.655607612125266
16.7,C-FVD,175.79215252597825,9.03658137072126,0.17613211040746718,24.655159325257358
16.8,C-FVD,176.6966913236024,9.054194581762006,-0.055764258776920095,24.64631359201522
16.900000000000002,C-FVD,177.60183196048473,9.048618155884315,0.06864985440531357,24.645552173538533
17.0,C-FVD,178.50703702534517,9.055483141324846,0.0573856542176043,24.64752922920988
17.1,C-FVD,179.41287226774875,9.061221706746606,-0.08574416052237543,24.64426743166223
17.2,C-FVD,180.3185657176208,9.052647290694368,0.06638257737122208,24.650085933643936
17.3,C-FVD,181.2241623595771,9.059285548431491,0.032591412177764637,24.656849687770432
17.400000000000002,C-FVD,182.13025387148113,9.062544689649268,-0.12885898513386507,24.656562459523855
17.5,C-FVD,183.03586404552038,9.049658791135881,0.01880129843165365,24.664329594912346
17.6,C-FVD,183.94092393112612,9.051538920979047,-0.09316310361093877,24.66823577592106
17.7,C-FVD,184.84561200770597,9.042222610617953,-0.06455064855315662,24.673969602407197
17.8,C-FVD,185.749511515525,9.035767545762639,0.04673433394377338,24.68659780716439
17.900000000000002,C-FVD,186.65332194177097,9.040440979157015,-0.1397515593351219,24.69095554032907
18.0,C-FVD,187.55666728189001,9.026465823223504,0.08440513239657435,24.706682788598016
18.1,C-FVD,188.45973588987434,9.03490633646316,-0.12873292204423187,24.713210838207118
18.2,C-FVD,189.36258285891046,9.022033044258738,-0.19810255727946421,24.715241428814466
18.3,C-FVD,190.26379565054995,9.00222278853079,0.037865997954483255,24.729458212103026
18.400000000000002,C-FVD,191.1642072593928,9.00600938832624,0.09367628991062874,24.74848923593416
18.5,C-FVD,192.065276579675,9.015377017317302,-0.17678290364242,24.754161444257107
18.6,C-FVD,192.96593036688853,8.997698726953061,-0.08334605011897048,24.763276186942363
18.7,C-FVD,193.86528350933324,8.989364121941165,-0.11432041667526255,24.77129823447754
18.8,C-FVD,194.76364831944397,8.97793208027364,-0.01638040873677052,24.78432405904462
18.900000000000002,C-FVD,195.66135962542765,8.976294039399962,0.002662762568329008,24.799063017335612
19.0,C-FVD,196.55900234318048,8.976560315656794,-0.0645480278831097,24.81052261478294
19.1,C-FVD,197.45633563460675,8.970105512868484,-0.22589063469699464,24.81298185694081
19.200000000000003,C-FVD,198.3522167327201,8.947516449398785,-0.06887699488254964,24.822385498525165
19.3,C-FVD,199.24662399268556,8.94062874991053,-0.09771304868475406,24.83091690653714
19.400000000000002,C-FVD,200.1401983024332,8.930857445042054,0.0031866144285104536,24.844427527732364
19.5,C-FVD,201.03329998000956,8.931176106484905,-0.08900312669059104,24.85355353713581
19.6,C-FVD,201.9259725750246,8.922275793815846,-0.10666765307276938,24.86094686509071
19.700000000000003,C-FVD,202.81766681614081,8.911609028508568,-0.1865599744919588,24.86356982607998
19.8,C-FVD,203.7078949191192,8.892953031059372,-0.12213767908769399,24.868528747426808
19.900000000000002,C-FVD,204.59657953382973,8.880739263150604,-0.029135920864796272,24.878273827377228
20.0,C-FVD,205.48450778054047,8.877825671064125,-0.14123604620912977,24.882272297417444
20.1,C-FVD,206.37158416741582,8.863702066443212,-0.10187414126206601,24.887169708816884
20.200000000000003,C-FVD,207.25744500335384,8.853514652317005,-0.08719331108136004,24.89251636708559
20.3,C-FVD,208.14236050203013,8.844795321208869,-0.10620854968658512,24.896407513386862
20.400000000000002,C-FVD,209.02630899140257,8.83417446624021,-0.05932789003074779,24.902100129629332
20.5,C-FVD,209.90942979857644,8.828241677237136,-0.2251132939384664,24.89868918101945
20.6,C-FVD,210.79112839983048,8.805730347843289,-0.11181394732399474,24.899443763943736
20.700000000000003,C-FVD,211.6711423648782,8.794548953110889,-0.14615305495017522,24.898256884191653
20.8,C-FVD,212.54986649491454,8.779933647615872,0.027159821721271807,24.905352016543304
20.900000000000002,C-FVD,213.42799565878474,8.782649629787999,-0.1616943834109024,24.902968672179583
21.0,C-FVD,214.30545214984647,8.766480191446908,-0.04084017166609817,24.90516450203816
21.1,C-FVD,215.18189596813284,8.762396174280298,-0.14935837712802735,24.901626306733647
21.200000000000003,C-FVD,216.05738879367524,8.747460336567494,-0.10971689700207599,24.898733303717478
21.3,C-FVD,216.93158624284698,8.736488646867286,0.01510814646503892,24.90190980239163
21.400000000000002,C-FVD,217.80531064826602,8.737999461513791,-0.013145324977422396,24.903795772334348
21.5,C-FVD,218.6790448677925,8.736684929016048,0.06826816775401306,24.909341805012446
21.6,C-FVD,219.55305470153286,8.74351174579145,0.11571526245208404,24.91750825587269
21.700000000000003,C-FVD,220.42798445242425,8.755083272036659,-0.04931461852478283,24.916863088163467
21.8,C-FVD,221.3032462065353,8.75015181018418,-0.0020929446814631223,24.917079787423262
21.900000000000002,C-FVD,222.17825092283033,8.749942515716034,0.02780582134741092,24.918441871426012
22.0,C-FVD,223.05338420350867,8.752723097850776,0.01120619243878958,24.918455074149875
22.1,C-FVD,223.92871254425594,8.753843717094655,0.1842176369081098,24.92693590604864
22.200000000000003,C-FVD,224.80501800414996,8.772265480785466,0.0648960187902467,24.929755477979796
22.3,C-FVD,225.68256903232245,8.77875508266449,0.10916541335573478,24.933730987065218
22.400000000000002,C-FVD,226.56099036765568,8.789671624000064,0.06343440385759916,24.93499155554042
22.5,C-FVD,227.440274702075,8.796015064385823,0.06318929352675062,24.935334699774558
22.6,C-FVD,228.32019215498119,8.802333993738499,0.18574859195101806,24.941530931358415
22.700000000000003,C-FVD,229.2013542973148,8.8209088529336,-0.017886889978996318,24.937159428517162
22.8,C-FVD,230.08335574815825,8.8191201639357,0.2501597989890943,24.945070880159335
22.900000000000002,C-FVD,230.96651856354674,8.84413614383461,0.11513552505586781,24.946988796879623
23.0,C-FVD,231.85150785555547,8.855649696340198,0.1963657762595873,24.951944158114912
23.1,C-FVD,232.7380546540708,8.875286273966156,0.2719467725541733,24.960962174679054
23.200000000000003,C-FVD,233.6269430153302,8.902480951221573,0.18182325691875126,24.9653754353194
23.3,C-FVD,234.51810022673695,8.920663276913448,0.14250012893614597,24.9667265034399
23.400000000000002,C-FVD,235.41087905507297,8.934913289807062,0.3149189016626813,24.97642256962152
23.5,C-FVD,236.305944978562,8.96640517997333,0.26971125746007074,24.98445602377072
23.6,C-FVD,237.20393405284662,8.993376305719337,0.2912654064554754,24.993099342007014
23.700000000000003,C-FVD,238.10472801045083,9.022502846364885,0.5002364277187911,25.012707979948203
23.8,C-FVD,239.0094794772259,9.072526489136765,0.25446110644117753,25.02059115433417
23.900000000000002,C-FVD,239.9180044316718,9.097972599780883,0.19733654851426097,25.023669380447103
24.0,C-FVD,240.82878837439245,9.11770625463231,0.2786959534080221,25.030088535801553
24.1,C-FVD,241.7419524796227,9.145575849973111,0.24229549202852516,25.034540284294195
24.200000000000003,C-FVD,242.65772154208017,9.169805399175964,0.4576927173827511,25.04972631494556
24.3,C-FVD,243.5769905455847,9.215574670914238,0.3800586847518641,25.061964821030983
24.400000000000002,C-FVD,244.50044830609988,9.253580539389425,0.3983702128492383,25.074597416196184
24.5,C-FVD,245.42779821110307,9.29341756067435,0.30919068656586,25.08241072941408
24.6,C-FVD,246.35868592060334,9.324336629330935,0.42313999606199937,25.095380489262624
24.700000000000003,C-FVD,247.29323528351676,9.366650628937135,0.24767265409271633,25.099477115466357
24.8,C-FVD,248.23113870968095,9.391417894346407,0.36256168008441875,25.108148630618786
24.900000000000002,C-FVD,249.172093307516,9.42767406235485,0.49048286284032205,25.123918682536413
25.0,C-FVD,250.1173131280657,9.476722348638882,0.5028437815051975,25.141082253208197
25.1,C-FVD,251.0674995818371,9.527006726789402,0.33226183832267764,25.149331015769775
25.200000000000003,C-FVD,252.02186156370763,9.56023291062167,0.42131685930766505,25.161010601611537
25.3,C-FVD,252.97999143906634,9.602364596552436,0.35728023093474714,25.16957486937025
25.400000000000002,C-FVD,253.94201429987626,9.63809261964591,0.12638906187117305,25.165215010260994
25.5,C-FVD,254.9064555071502,9.650731525833027,0.4074091084140822,25.177082111824177
25.6,C-FVD,255.87356570527558,9.691472436674436,0.15358590960595855,25.181983428259542
25.700000000000003,C-FVD,256.84348087849105,9.706831027635031,0.10182344752600281,25.18667263803661
25.8,C-FVD,257.8146730984922,9.717013372387632,-0.00894266732018674,25.188442983806794
25.900000000000002,C-FVD,258.7863297223944,9.716119105655613,0.06212672366107698,25.19596863607103
26.0,C-FVD,259.75825226657827,9.72233177802172,0.10508788452115607,25.20858362638461
26.1,C-FVD,260.7310108838031,9.732840566473836,-0.05556247344208187,25.215157499994405
26.200000000000003,C-FVD,261.7040171280833,9.727284319129629,-0.016456043171237167,25.224543004784493
26.3,C-FVD,262.6766632797804,9.725638714812504,-0.09272356810017847,25.23151714085793
26.400000000000002,C-FVD,263.6487635334212,9.716366358002487,-0.028655188935126086,25.24255182546017
26.5,C-FVD,264.62025689327675,9.713500839108974,0.04097901638527865,25.25869747463605
26.6,C-FVD,265.5918118722696,9.717598740747501,-0.09332818092037898,25.269171442656443
26.700000000000003,C-FVD,266.5631051054397,9.708265922655464,-0.16073254591106623,25.275930218222697
26.8,C-FVD,267.53312803497573,9.692192668064358,-0.12221370072114304,25.28463308366753
26.900000000000002,C-FVD,268.50173623327856,9.679971297992244,-0.10180422464586547,25.294883971779427
27.0,C-FVD,269.4692243419546,9.669790875527658,-0.04118479488954421,25.308717780332188
27.1,C-FVD,270.43599750553295,9.665672396038703,-0.04300252191021589,25.32310978519928
27.200000000000003,C-FVD,271.4023497325273,9.661372143847682,-0.12481557762763895,25.333364219012424
27.3,C-FVD,272.36786286902395,9.648890586084919,0.06983559587599997,25.353500120842682
27.400000000000002,C-FVD,273.33310110561183,9.655874145672518,-0.2544995234906705,25.357723332299713
27.5,C-FVD,274.29741602256166,9.630424193323451,-0.17191216989808253,25.364003176766857
27.6,C-FVD,275.2595988810445,9.613232976333643,-0.1132492178888467,25.373359162140844
27.700000000000003,C-FVD,276.22035593258846,9.601908054544758,-0.15851341886509573,25.380265407317722
27.8,C-FVD,277.1797541709486,9.586056712658248,-0.19616790118240118,25.384397481959866
27.900000000000002,C-FVD,278.13737900270854,9.566439922540008,-0.20659689331948486,25.387081754234032
28.0,C-FVD,279.09299001049595,9.54578023320806,-0.20708074638743934,25.38892315000595
28.1,C-FVD,280.0465326300848,9.525072158569316,-0.02713179056246079,25.39961509909307
28.200000000000003,C-FVD,280.99890418698897,9.52235897951307,-0.15320101286303345,25.40425243107967
28.3,C-FVD,281.950374079876,9.507038878226767,-0.31675497335105557,25.398777528407265
28.400000000000002,C-FVD,282.8994941928319,9.475363380891661,-0.2343730780791869,25.395589122710078
28.5,C-FVD,283.84585866553067,9.451926073083742,-0.12317251647916874,25.39776811419773
28.6,C-FVD,284.7904354102567,9.439608821435826,-0.23006032835202755,25.394138880505523
28.700000000000003,C-FVD,285.7332459907585,9.416602788600622,-0.29171891076015755,25.385620273787595
28.8,C-FVD,286.6734476750648,9.387430897524606,-0.12081668589305866,25.38469108601413
28.900000000000002,C-FVD,287.61158668138773,9.3753492289353,-0.2225796478987162,25.37849781664471
29.0,C-FVD,288.54800870604174,9.35309126414543,-0.23549341324530726,25.370046261432208
29.1,C-FVD,289.4821403653901,9.3295419228209,-0.2593048169060388,25.35914813091466
29.200000000000003,C-FVD,290.4137980335876,9.303611441130295,-0.09570359873937344,25.355718451200346
29.3,C-FVD,291.34368065970693,9.294041081256358,-0.14612611460614713,25.349792448801963
29.400000000000002,C-FVD,292.2723541372596,9.279428469795743,-0.3397359589249121,25.332404705698877
29.5,C-FVD,293.19859830444454,9.245454873903252,-0.12494021215616022,25.324049215008927
29.6,C-FVD,294.1225190907741,9.232960852687636,-0.14856250068446958,25.314774036842664
29.700000000000003,C-FVD,295.0450723635395,9.218104602619189,-0.19124992548832018,25.30225740265206
29.8,C-FVD,295.9659265741739,9.198979610070356,-0.2755495349226611,25.28401694238579
29.900000000000002,C-FVD,296.88444678750636,9.17142465657809,-0.21815487163082817,25.2671583331163
30.0,C-FVD,297.80049847880605,9.149609169415006,-0.21864949065747763,25.249523748439003
30.1,C-FVD,298.71436614829423,9.127744220349259,-0.10634357205233545,25.236880777478518
30.200000000000003,C-FVD,299.6266088524689,9.117109863144025,-0.42834588253360933,25.206942507885856
30.3,C-FVD,300.53617810937067,9.074275274890663,-0.18046856514755916,25.186951933330022
30.400000000000002,C-FVD,301.442703294034,9.056228418375907,-0.15873129298809818,25.168584005305604
30.5,C-FVD,302.34753247940665,9.040355289077098,-0.02465468949786931,25.15679440463896
30.6,C-FVD,303.2514447348668,9.037889820127312,-0.181063483353513,25.137054006325855
30.700000000000003,C-FVD,304.15432839946277,9.01978347179196,-0.1678920497128705,25.11642610255234
30.8,C-FVD,305.05546728639337,9.002994266820673,0.06780653602448689,25.107713126876888
30.900000000000002,C-FVD,305.95610574575556,9.009774920423123,-0.10121417086654794,25.091183574608294
31.0,C-FVD,306.85657716694357,8.999653503336468,-0.10704424306567242,25.072924844072418
31.1,C-FVD,307.7560072960619,8.9889490790299,-0.15049699971888555,25.05173574507171
31.200000000000003,C-FVD,308.6541497189663,8.973899379058013,0.02840847835330329,25.03917029085079
31.3,C-FVD,309.5516816992639,8.976740226893343,0.028292117694993735,25.02738047138064
31.400000000000002,C-FVD,310.4494971825417,8.979569438662843,-0.1182047818237594,25.007631676566632
31.5,C-FVD,311.34686310249884,8.967748960480467,-0.07147643953168753,24.989015749142936
31.6,C-FVD,312.24328061634924,8.960601316527299,-0.04059788113296728,24.971833238287047
31.700000000000003,C-FVD,313.1391377585963,8.956541528414002,0.2521788872410036,24.970065122543872
31.8,C-FVD,314.0360528058739,8.981759417138102,0.10889898317611635,24.96269133757204
31.900000000000002,C-FVD,314.9347732425036,8.992649315455713,0.10609302921820352,24.954479689721325
32.0,C-FVD,315.83456863919525,9.003258618377533,0.22210975850158599,24.95241510643399
32.1,C-FVD,316.7360050498255,9.025469594227692,0.06209800378380617,24.942726343808147
32.2,C-FVD,317.6388624992672,9.031679394606073,-0.03813660462748325,24.926680697947916
32.300000000000004,C-FVD,318.54183975570464,9.027865734143324,0.1305000955225033,24.918587972952253
32.4,C-FVD,319.4452788295966,9.040915743695574,0.2902887801914864,24.919861309122496
32.5,C-FVD,320.3508218478671,9.069944621714724,0.11214096129535203,24.91294710816601
32.6,C-FVD,321.2583770148451,9.081158717844259,0.07572875919513003,24.903102464161748
32.7,C-FVD,322.1668715304255,9.088731593763772,0.2869978438520542,24.904091145763005
32.800000000000004,C-FVD,323.0771796790211,9.117431378148977,0.15781191161674063,24.899702217036292
32.9,C-FVD,323.9897118763941,9.13321256931065,0.12641044555256015,24.893004242539917
33.0,C-FVD,324.90366518555294,9.145853613865906,0.2535741353843927,24.89281367363577
33.1,C-FVD,325.81951841761645,9.171211027404345,0.21500917416562249,24.891506387818993
33.2,C-FVD,326.73771456622774,9.192711944820907,0.16697860631134526,24.887617495847564
33.300000000000004,C-FVD,327.65782065374134,9.209409805452042,0.26638086511684556,24.888775598515792
33.4,C-FVD,328.5800935386121,9.236047891963727,0.1441830756577565,24.884262337434393
33.5,C-FVD,329.50441924318676,9.250466199529503,0.2348385947891488,24.883893481323014
33.6,C-FVD,330.43064005611365,9.273950059008419,0.22365592057988837,24.883616219504745
33.7,C-FVD,331.3591533416174,9.296315651066408,0.18615414738102704,24.881495172059203
33.800000000000004,C-FVD,332.28971567746095,9.31493106580451,0.2525198178211774,24.88565354572313
33.9,C-FVD,333.2224713831305,9.340183047586628,0.2015927140323841,24.891155102805783
34.0,C-FVD,334.15749765145927,9.360342318989867,0.08188433263093474,24.893176970120123
34.1,C-FVD,335.0939413050214,9.36853075225296,0.024172568892886298,24.893936824881393
34.2,C-FVD,336.0309152430912,9.370948009142248,-0.07936255668657681,24.89083993899618
34.300000000000004,C-FVD,336.967613231222,9.363011753473591,0.15427597855695543,24.900978206290404
34.4,C-FVD,337.90468578646215,9.378439351329288,-0.24123433823098944,24.893131368585216
34.5,C-FVD,338.84132354990396,9.354315917506188,0.012375965570302086,24.897201466748754
34.6,C-FVD,339.77681702148243,9.355553514063219,-0.03862951204819036,24.90088902218713
34.7,C-FVD,340.7121792253285,9.3516905628584,-0.0019890106922641343,24.90700028385004
34.800000000000004,C-FVD,341.64733833656084,9.351491661789174,0.02678823271131478,24.915520133053406
34.9,C-FVD,342.5826214439033,9.354170485060305,-0.1847765190849179,24.913592531090785
35.0,C-FVD,343.5171146098139,9.335692833151812,0.06301330952377791,24.923656183154208
35.1,C-FVD,344.4509989596767,9.34199416410419,0.01536808197221079,24.932983792036737
35.2,C-FVD,345.385275216497,9.34353097230141,0.02796588287374871,24.943030846341912
35.300000000000004,C-FVD,346.3197681431415,9.346327560588785,-0.10311102211062989,24.94639909534004
35.4,C-FVD,347.25388534408984,9.336016458377722,-0.06092964986410393,24.951093163347082
35.5,C-FVD,348.1871823416783,9.329923493391313,-0.015549850804903786,24.95822671924236
35.6,C-FVD,349.1200969417634,9.328368508310822,0.10236429759610519,24.971751099500864
35.7,C-FVD,350.0534456140825,9.338604938070432,0.0603776160667745,24.983813543294502
35.800000000000004,C-FVD,350.9876079959699,9.34464269967711,-0.0029818392046753184,24.992255338418488
35.9,C-FVD,351.92205735674156,9.344344515756642,-0.014800869438877248,24.999445969196017
36.0,C-FVD,352.85641780397003,9.342864428812755,-0.06820553215867407,25.00334679224943
36.1,C-FVD,353.7903632191905,9.336043875596888,-0.09437912841008729,25.00499727982907
36.2,C-FVD,354.7234957111081,9.32660596275588,-0.10317271026272509,25.005359775650675
36.300000000000004,C-FVD,355.6556404438324,9.316288691729607,-0.17584773303158233,25.001086117319005
36.4,C-FVD,356.5863900743402,9.29870391842645,-0.0805628094254809,25.000569968082345
36.5,C-FVD,357.51585765213576,9.290647637483902,-0.2210291680767934,24.992413213800944
36.6,C-FVD,358.4438172700438,9.268544720676223,-0.15372158686320836,24.986057074448638
36.7,C-FVD,359.3699031341771,9.253172561989903,-0.06386632523540892,24.9839780656298
36.800000000000004,C-FVD,360.2949010587499,9.246785929466363,-0.07417603159821946,24.981240258857838
36.9,C-FVD,361.2192087715385,9.23936832630654,-0.03363612989264121,24.979998149378673
37.0,C-FVD,362.1429774235197,9.236004713317275,-0.4462933794739358,24.956507993471632
37.1,C-FVD,363.0643464279541,9.191375375369882,-0.2325246557587377,24.940572394349033
37.2,C-FVD,363.9823213422123,9.168122909794008,-0.24552875308662536,24.924021991787356
37.300000000000004,C-FVD,364.89790598942625,9.143570034485345,-0.2733414552589278,24.904938268927992
37.4,C-FVD,365.81089628559846,9.116235888959451,-0.16788674881500812,24.890292505033187
37.5,C-FVD,366.72168044075033,9.099447214077951,-0.3419396991977431,24.866258437989245
37.6,C-FVD,367.62991546366214,9.065253244158177,-0.21159204524202532,24.847118103968285
37.7,C-FVD,368.5353828278518,9.044094039633974,-0.17980727088634274,24.82961017883241
37.800000000000004,C-FVD,369.4388931954607,9.02611331254534,-0.3011572124321744,24.8052278652396
37.9,C-FVD,370.3399987406531,8.995997591302123,-0.18236674917250817,24.785621477583618
38.0,C-FVD,371.23868666603744,8.977760916384872,-0.2825940872783465,24.76076585188605
38.1,C-FVD,372.13504978723955,8.949501507657038,-0.04548395513767209,24.74719356430961
38.2,C-FVD,373.02977251822955,8.94495311214327,-0.29196242732034294,24.721659965918946
38.300000000000004,C-FVD,373.92280801730726,8.915756869411236,-0.2057945470868769,24.69866454536964
38.400000000000006,C-FVD,374.81335473151296,8.895177414702548,-0.20079954267514732,24.675866706104898
38.5,C-FVD,375.7018684752698,8.875097460435034,-0.12415687355831714,24.65669715175602
38.6,C-FVD,376.5887574369455,8.862681773079203,-0.29334929396177306,24.62872765397367
38.7,C-FVD,377.4735588677836,8.833346843683026,-0.11608685920601353,24.608615262042406
38.800000000000004,C-FVD,378.3563131178559,8.821738157762425,-0.1544541860808093,24.587217010679353
38.900000000000006,C-FVD,379.23771466270176,8.806292739154344,-0.22833359032416778,24.561469777357217
39.0,C-FVD,380.11720226866555,8.783459380121927,-0.18695629068931352,24.537110934627833
39.1,C-FVD,380.9946134252243,8.764763751052996,-0.2631103292413251,24.50865248353506
39.2,C-FVD,381.8697742486834,8.738452718128864,-0.2540067349398567,24.47984101367632
39.300000000000004,C-FVD,382.74234948682164,8.713052044634878,-0.12725809936157736,24.45739576681558
39.400000000000006,C-FVD,383.61301840078835,8.700326234698721,0.012552628392314663,24.442967435937817
39.5,C-FVD,384.48311378740016,8.701581497537953,-0.15626884999266594,24.420680167184514
39.6,C-FVD,385.352490592904,8.685954612538687,-0.13209883021944063,24.398705019379122
39.7,C-FVD,386.2204255600068,8.672744729516744,0.011913896259899165,24.38441350825633
39.800000000000004,C-FVD,387.0877596024398,8.673936119142734,-0.05686792817181838,24.367734790192856
39.900000000000006,C-FVD,387.9548688747132,8.668249326325553,-0.1639809729401383,24.34786418523845
40.0,C-FVD,388.820873902481,8.65185122903154,0.047212334219732296,24.34079973367517
40.1,C-FVD,389.68629508705527,8.656572462453513,-0.150813684276168,24.326813622471207
40.2,C-FVD,390.55119826487925,8.641491094025895,-0.053859048469401566,24.318622622362398
40.300000000000004,C-FVD,391.4150780790395,8.636105189178954,0.07927548928658264,24.319656058774797
40.400000000000006,C-FVD,392.2790849754038,8.644032738107612,-0.17651610428241937,24.309692459187602
40.5,C-FVD,393.14260566869314,8.62638112767937,-0.044675785949855384,24.306362547250103
40.6,C-FVD,394.0050204025313,8.621913549084384,-0.06528387251743537,24.30376638104434
40.7,C-FVD,394.8668853380771,8.615385161832641,0.0057151477219489905,24.305772229792808
40.800000000000004,C-FVD,395.728452429999,8.615956676604837,0.0017995648860053698,24.308934518605554
40.900000000000006,C-FVD,396.59005709548387,8.616136633093438,0.07091642044323829,24.316589065991423
41.0,C-FVD,397.45202534089543,8.623228275137762,0.009192206410684287,24.322244935569472
41.1,C-FVD,398.31439412944127,8.62414749577883,0.0961361700173851,24.33281198334049
41.2,C-FVD,399.1772895598693,8.633761112780569,0.1589803427021893,24.347893162863954
41.300000000000004,C-FVD,400.04146057286084,8.649659147050787,0.04854525525749763,24.358256552904322
41.400000000000006,C-FVD,400.9066692138422,8.654513672576536,0.11447822401639902,24.37194455409542
41.5,C-FVD,401.77269297221994,8.665961494978177,0.18154063020133404,24.38999995075676
41.6,C-FVD,402.6401968248688,8.684115557998311,0.11629591822019436,24.40551799313124
41.7,C-FVD,403.5091898602597,8.69574514982033,0.32746010518774293,24.432191038613837
41.800000000000004,C-FVD,404.3804016757677,8.728491160339106,0.29978688584494806,24.459265481144143
41.900000000000006,C-FVD,405.25474972623084,8.7584698489236,0.1920919558040563,24.481103012056394
42.0,C-FVD,406.1315571709022,8.777679044504005,0.24484045066106966,24.50539520861639
42.1,C-FVD,407.01054927760595,8.802163089570112,0.32343608029069015,24.53439604716266
42.2,C-FVD,407.89238276696443,8.834506697599181,0.2931962074051495,24.562610261144073
42.300000000000004,C-FVD,408.77729941776136,8.863826318339695,0.23562923062248384,24.58786401566971
42.400000000000006,C-FVD,409.6648601957484,8.887389241401944,0.23990434374675804,24.6130585082102
42.5,C-FVD,410.5547986416073,8.91137967577662,0.30915061300939617,24.641907967741076
42.6,C-FVD,411.44748236225,8.94229473707756,0.17284002012725116,24.66397492652112
42.7,C-FVD,412.3425760360584,8.959578739090285,0.16153251991451562,24.684401398862974
42.800000000000004,C-FVD,413.239341572567,8.975731991081735,0.2803929077045042,24.710666598898513
42.900000000000006,C-FVD,414.1383167362137,9.003771281852186,0.46467869829192043,24.747224406133853
43.0,C-FVD,415.04101725789036,9.050239151681378,0.35132263480749704,24.779077096849335
43.1,C-FVD,415.94779778623257,9.085371415162127,0.3810887796994912,24.811899259098936
43.2,C-FVD,416.8582403716473,9.123480293132076,0.1389407375965329,24.831977778346015
43.300000000000004,C-FVD,417.7712831046485,9.137374366891729,0.2061708907809248,24.85360987426867
43.400000000000006,C-FVD,418.6860513957916,9.157991455969821,0.28789206328989414,24.879324837912293
43.5,C-FVD,419.60329000170503,9.18678066229881,0.22600614817581371,24.901790385599327
43.6,C-FVD,420.52309809867575,9.20938127711639,0.27494701912249525,24.92595894437568
43.7,C-FVD,421.445410961483,9.23687597902864,0.059163150136981146,24.938433879490162
43.800000000000004,C-FVD,422.36939437513655,9.242792294042339,0.3099595051960432,24.962032469831
43.900000000000006,C-FVD,423.29522340206677,9.273788244561944,0.09456125521235798,24.97508055041311
44.0,C-FVD,424.223075032799,9.28324437008318,0.41596028649775985,25.00311395331937
44.1,C-FVD,425.1534792712398,9.324840398732956,0.33498052011461277,25.028404643098384
44.2,C-FVD,426.0876382137137,9.358338450744418,0.15690095193878578,25.04344819918623
44.300000000000004,C-FVD,427.02425656354785,9.374028545938296,0.2415023220303622,25.061155649166892
44.400000000000006,C-FVD,427.96286692975184,9.398178778141332,0.3361749264671492,25.083651370155053
44.5,C-FVD,428.90436568219826,9.431796270788046,0.1892533780200227,25.09840186881098
44.6,C-FVD,429.84849157616713,9.45072160859005,0.10686555690989372,25.107148542819914
44.7,C-FVD,430.79409806481067,9.461408164281039,0.13696858831794967,25.115966737630686
44.800000000000004,C-FVD,431.7409237241804,9.475105023112834,0.1581133539340722,25.125075092911004
44.900000000000006,C-FVD,432.68922479326136,9.49091635850624,0.13153166713855338,25.131981808450178
45.0,C-FVD,433.63897408744765,9.504069525220096,0.03283609689934664,25.132552910111258
45.1,C-FVD,434.58954522045417,9.50735313491003,0.11366636419545822,25.135714574424696
45.2,C-FVD,435.5408488657662,9.518719771329575,0.11052342569892915,25.138202685577312
45.300000000000004,C-FVD,436.49327346002764,9.529772113899469,0.10101339738068425,25.139281476937015
45.400000000000006,C-FVD,437.4467557384045,9.539873453637536,0.10829691986469037,25.139816659356313
45.5,C-FVD,438.40128456836754,9.550703145624006,-0.008458447691213386,25.133356625859108
45.6,C-FVD,439.3563125906915,9.549857300854883,0.18776063809846458,25.135605816203622
45.7,C-FVD,440.31223712396746,9.56863336466473,0.06867385232813401,25.13202081104015
45.800000000000004,C-FVD,441.2694438296956,9.575500749897545,0.16886872091225877,25.132328351490287
45.900000000000006,C-FVD,442.2278382482899,9.59238762198877,0.11631464759059561,25.12984705388294
46.0,C-FVD,443.1876585837268,9.60401908674783,-0.05215843340429474,25.11751963695474
46.1,C-FVD,444.14779970023454,9.5988032434074,0.12251014954217941,25.112531413096463
46.2,C-FVD,445.108292575323,9.611054258361618,0.0021730296333268284,25.10510057595957
46.300000000000004,C-FVD,446.0694088663073,9.61127156132495,-0.13546772578204913,25.092812939689225
46.400000000000006,C-FVD,447.02985868381086,9.597724788746744,0.056573709665619115,25.092369773790438
46.5,C-FVD,447.98991403123387,9.603382159713306,-0.14786535622570546,25.084687217363978
46.6,C-FVD,448.94951292042407,9.588595624090734,-0.11192204903463612,25.079677227617083
46.7,C-FVD,449.907812872588,9.57740341918727,0.13385151852512453,25.08960856600652
46.800000000000004,C-FVD,450.86622247209937,9.590788571039782,-0.16314769666275392,25.087239754691268
46.900000000000006,C-FVD,451.82448559072003,9.574473801373507,-0.04785347879216176,25.090654418264478
47.0,C-FVD,452.7816937034634,9.56968845349429,-0.05093376418021864,25.095841740194373
47.1,C-FVD,453.73840787999194,9.564595077076268,0.05438637482402592,25.107820815363937
47.2,C-FVD,454.6951393195737,9.57003371455867,0.014714430038502924,25.11960854723617
47.300000000000004,C-FVD,455.65221626317975,9.571505157562521,-0.1282678159173148,25.124708390385138
47.400000000000006,C-FVD,456.6087254398564,9.55867837597079,0.11416318193324096,25.142559433012536
47.5,C-FVD,457.56516409336314,9.570094694164114,0.03106827192536568,25.15842851306951
47.6,C-FVD,458.52232890413916,9.573201521356651,0.1586829529245619,25.181520088698107
47.7,C-FVD,459.48044247103945,9.589069816649108,0.024536032566720656,25.19923240550844
47.800000000000004,C-FVD,460.43947213286725,9.59152341990578,-0.06909158202180032,25.211856862243565
47.900000000000006,C-FVD,461.39827901694775,9.5846142617036,0.10556802999122616,25.233528430254296
48.0,C-FVD,462.35726828326807,9.595171064702722,0.01977400544869884,25.25219701546115
48.1,C-FVD,463.3168842597656,9.597148465247592,0.1530857040458694,25.277883422393188
48.2,C-FVD,464.2773645348106,9.612457035652179,0.06707405105543801,25.300332899842033
48.300000000000004,C-FVD,465.2389456086311,9.619164440757723,0.2547454267597096,25.332692947079124
48.400000000000006,C-FVD,466.2021357798407,9.644638983433694,0.1423848864780734,25.360840009499668
48.5,C-FVD,467.16731160261645,9.658877472081501,0.3167767532919294,25.398120364991883
48.6,C-FVD,468.13478323359107,9.690555147410695,0.3593482538526499,25.439426695036104
48.7,C-FVD,469.1056354896014,9.72648997279596,0.29851425661785125,25.47858023567784
48.800000000000004,C-FVD,470.0797770581641,9.756341398457746,0.35305347557826894,25.520908838164928
48.900000000000006,C-FVD,471.0571764653878,9.791646746015573,0.31117274442948106,25.56190493861135
49.0,C-FVD,472.0378970037115,9.822764020458521,0.2551957370587255,25.600064754559128
49.1,C-FVD,473.02144938444263,9.848283594164394,0.20785902071000756,25.635482305645553
49.2,C-FVD,474.00731703896264,9.869069496235396,0.4205436050366564,25.681931830003748
49.300000000000004,C-FVD,474.99632670661134,9.911123856739062,0.4176980866689221,25.729844590201537
49.400000000000006,C-FVD,475.98952758271855,9.952893665405954,0.4830165294423091,25.781682589790194
49.5,C-FVD,476.98723203190633,10.001195318350184,0.3090021352233233,25.82502543690333
49.6,C-FVD,477.9888965744175,10.032095531872518,0.47723152932578666,25.87633664450317
49.7,C-FVD,478.9944922852514,10.079818684805096,0.4741448733777253,25.92866522807043
49.800000000000004,C-FVD,480.00484487809877,10.127233172142867,0.4754580711899833,25.98126287510155
49.900000000000006,C-FVD,481.019945485669,10.174778979261866,0.48689051624780016,26.034592748045554
50.0,C-FVD,482.0398578361764,10.223468030886647,0.3982198743563575,26.083231655872055
50.1,C-FVD,483.06419573863684,10.263290018322282,0.44774235240717175,26.13369304584637
50.2,C-FVD,484.0927634522311,10.308064253563,0.4355167917408635,26.183450757158482
50.300000000000004,C-FVD,485.1257474615461,10.351615932737086,0.4988978753618329,26.236153474897378
50.400000000000006,C-FVD,486.1634035441966,10.40150572027327,0.37266241624062924,26.282079578684716
50.5,C-FVD,487.2054174283051,10.438771961897334,0.4993928138407236,26.333377439324693
50.6,C-FVD,488.25179158856406,10.488711243281406,0.6040404186014643,26.390591638647834
50.7,C-FVD,489.3036829149852,10.549115285141552,0.387128888549217,26.4364950921198
50.800000000000004,C-FVD,490.3605300879421,10.587828173996474,0.41862665520909437,26.481928881351052
50.900000000000006,C-FVD,491.4214060386178,10.629690839517384,0.4466992022473095,26.528037765630813
51.0,C-FVD,492.48660861858076,10.674360759742115,0.5834000173180969,26.58078073402197
51.1,C-FVD,493.5569616946416,10.732700761473925,0.6258384617092155,26.63610449055045
51.2,C-FVD,494.6333609630975,10.795284607644847,0.45000824352692864,26.681729580248543
51.300000000000004,C-FVD,495.71513946507963,10.84028543199754,0.3647421484642873,26.72060885647187
51.400000000000006,C-FVD,496.8009917190217,10.876759646843968,0.3405772737751656,26.7561035025077
51.5,C-FVD,497.890370570075,10.910817374221486,0.32293079249887935,26.788756395334076
51.6,C-FVD,498.98306696145966,10.943110453471373,0.48921605138951535,26.8285546794512
51.7,C-FVD,500.07982408706374,10.992032058610326,0.4186766460170436,26.864247061583967
51.800000000000004,C-FVD,501.1811206761549,11.03389972321203,0.4760972752542576,26.90126362375139
51.900000000000006,C-FVD,502.2868911348524,11.081509450737457,0.2940089959664613,26.92740477692763
52.0,C-FVD,503.396512124906,11.110910350334104,0.34215191799815453,26.953186067849344
52.1,C-FVD,504.50931391952935,11.145125542133918,0.246265067762014,26.972149130505215
52.2,C-FVD,505.62505779908156,11.16975204891012,0.45303010910631364,26.999693147715675
52.300000000000004,C-FVD,506.7442981545181,11.21505505982075,0.28869220189391476,27.018056778313735
52.400000000000006,C-FVD,507.86724712150965,11.243924280010143,0.31517801524425837,27.03504689859517
52.5,C-FVD,508.99321543958683,11.27544208153457,0.32910061496918985,27.05110525804389
52.6,C-FVD,510.1224051508151,11.308352143031488,0.28477376763211204,27.063096055145593
52.7,C-FVD,511.2546642339564,11.3368295197947,0.21328864744926074,27.069090161387862
52.800000000000004,C-FVD,512.3894136291732,11.358158384539626,0.1019215749469799,27.066523681099966
52.900000000000006,C-FVD,513.5257390755019,11.368350542034324,0.12018645379696254,27.06188148805336
53.0,C-FVD,514.6631750619742,11.38036918741402,0.16188874370302087,27.05732320856373
53.1,C-FVD,515.8020214244341,11.396558061784322,0.21635296978880483,27.053985308120446
53.2,C-FVD,516.9427589954614,11.418193358763203,0.13215332632242552,27.044730296932585
53.300000000000004,C-FVD,518.0852390979694,11.431408691395445,0.050021921600631125,27.02871172367759
53.400000000000006,C-FVD,519.228630076717,11.436410883555508,0.08931165014658382,27.012338856561314
53.5,C-FVD,520.3727177233233,11.445342048570167,0.009442626889019479,26.990076517953753
53.6,C-FVD,521.5172991413147,11.446286311259069,-0.015938486377333694,26.96411269474413
53.7,C-FVD,522.6618480800087,11.444692462621335,-0.0922805274446109,26.935111915483276
53.800000000000004,C-FVD,523.8058559236335,11.435464409876873,-0.17581648507433079,26.906981443342943
53.900000000000006,C-FVD,524.9485232821959,11.417882761369441,-0.30365846301741783,26.876386191770393
54.0,C-FVD,526.0887932660178,11.3875169150677,-0.4644767378602517,26.840305785955138
54.1,C-FVD,527.2252225738353,11.341069241281675,-0.45851744258382576,26.80656775650982
54.2,C-FVD,528.3570369107506,11.295217497023293,-0.47195763728565127,26.774668923272884
54.300000000000004,C-FVD,529.4841988722665,11.248021733294728,-0.44002775431752505,26.74662850586776
54.400000000000006,C-FVD,530.6068009068243,11.204018957862974,-0.4089864944333846,26.722490494455883
54.5,C-FVD,531.7251578701384,11.163120308419636,-0.48557595295541456,26.696275482280612
54.6,C-FVD,532.8390420212156,11.114562713124094,-0.5100593751613027,26.669699967050974
54.7,C-FVD,533.9479479956522,11.063556775607964,-0.5350008683917673,26.64268638164026
54.800000000000004,C-FVD,535.051628668871,11.010056688768787,-0.4718314630155622,26.61972108458383
54.900000000000006,C-FVD,536.1502751804328,10.96287354246723,-0.532566947850352,26.59461260356011
55.0,C-FVD,537.2438996999402,10.909616847682194,-0.40305028906928164,26.576632414762116
55.1,C-FVD,538.3328461332632,10.869311818775266,-0.5727015964693325,26.55088424770679
55.2,C-FVD,539.4169138071583,10.812041659128333,-0.386921917457647,26.53427109480299
55.300000000000004,C-FVD,540.4961833634839,10.773349467382568,-0.3790248729277785,26.519572566829424
55.400000000000006,C-FVD,541.5716231858574,10.73544698008979,-0.32578636869054645,26.508219084417988
55.5,C-FVD,542.6435389520229,10.702868343220736,-0.4481923676427321,26.490960475962652
55.6,C-FVD,543.7115848245068,10.658049106456463,-0.4637040366483114,26.472038922012644
55.7,C-FVD,544.7750712149691,10.611678702791632,-0.47339975941293,26.452122685359313
55.800000000000004,C-FVD,545.8338720864513,10.56433872685034,-0.5217670714569793,26.428998098149464
55.900000000000006,C-FVD,546.887697123779,10.512162019704641,-0.17674641167581423,26.42352392611656
56.0,C-FVD,547.9380295936911,10.49448737853706,-0.25537000975879764,26.416035033160824
56.1,C-FVD,548.986201481496,10.46895037756118,-0.2685538589462564,26.407447425752366
56.2,C-FVD,550.0317537499574,10.442094991666554,-0.317234870429395,26.39595854017739
56.300000000000004,C-FVD,551.0743770747719,10.410371504623615,-0.3399351364796681,26.382466767216556
56.400000000000006,C-FVD,552.1137145495518,10.376377990975648,-0.27984266024470916,26.37139690531228
56.5,C-FVD,553.1499531353481,10.348393724951176,-0.14268069930311228,26.36750627880167
56.6,C-FVD,554.1840791043467,10.334125655020864,-0.17054085893949159,26.362689282284123
56.7,C-FVD,555.216638965554,10.317071569126915,-0.2099828691974771,26.355231713126273
56.800000000000004,C-FVD,556.2472962081207,10.296073282207168,-0.19677025009644553,26.347647722432043
56.900000000000006,C-FVD,557.2759196850909,10.276396257197524,-0.21710308182458052,26.33833819501524
57.0,C-FVD,558.3024737954015,10.254685949015066,-0.29137207244425667,26.324033108527942
57.1,C-FVD,559.3264855299409,10.22554874177064,-0.16608579931032333,26.31490958368397
57.2,C-FVD,560.3482099751214,10.208940161839607,-0.014070168875171363,26.31389154860267
57.300000000000004,C-FVD,561.3690336404611,10.20753314495209,-0.1616735033028305,26.305401889016025
57.400000000000006,C-FVD,562.3889785874399,10.191365794621806,-0.1737837909052728,26.294557443298572
57.5,C-FVD,563.4072462479475,10.173987415531279,-0.037570441200950044,26.289971065316763
57.6,C-FVD,564.4244571372947,10.170230371411185,-0.08029531699074338,26.283190180878023
57.7,C-FVD,565.4410786978509,10.16220083971211,-0.013379204730586979,26.278998648803963
57.800000000000004,C-FVD,566.4572318857985,10.160862919239051,-0.07918844266437386,26.270957258563158
57.900000000000006,C-FVD,567.472922235509,10.152944074972613,-0.12103737311999536,26.25935504539973
58.0,C-FVD,568.4876114561406,10.140840337660613,0.11100721991089173,26.258941793953
58.1,C-FVD,569.5022505260062,10.151941059651703,0.09896544957787992,26.258776208774293
58.2,C-FVD,570.5179394592192,10.161837604609492,0.21241070150629757,26.264282078498923
58.300000000000004,C-FVD,571.5351852731877,10.183078674760122,-0.006636667725572726,26.25844352835111
58.400000000000006,C-FVD,572.5534599573251,10.182415007987565,-0.09477523963750609,26.245694833058224
58.5,C-FVD,573.5712275819258,10.172937484023814,0.1329342304434234,26.24342615495243
58.6,C-FVD,574.5891860014804,10.186230907068156,0.017349915024125584,26.235563637783116
58.7,C-FVD,575.6078958417622,10.18796589857057,0.08695107660929013,26.229895109062454
58.800000000000004,C-FVD,576.6271271870023,10.196661006231498,0.08087204510098372,26.223522463464747
58.900000000000006,C-FVD,577.6471976478509,10.204748210741597,0.13372835947964193,26.219205787009287
59.0,C-FVD,578.6683411107224,10.21812104668956,-0.022237305059944423,26.206141520677534
59.1,C-FVD,579.6900420288661,10.215897316183566,0.029790476218722994,26.193898486048056
59.2,C-FVD,580.7117807128656,10.218876363805439,0.15148110572690107,26.187526446659035
59.300000000000004,C-FVD,581.7344257547747,10.23402447437813,-0.044897326192864906,26.170688647239558
59.400000000000006,C-FVD,582.7576037155816,10.229534741758844,0.09835440896730446,26.159367556566053
59.5,C-FVD,583.7810489618023,10.239370182655573,0.02037380151315038,26.14393565780756
59.6,C-FVD,584.8050878490754,10.241407562806888,0.2045796157619259,26.137149181385894
59.7,C-FVD,585.8302515034349,10.261865524383081,-0.003854098490927549,26.11988485418283
59.800000000000004,C-FVD,586.8564187853807,10.261480114533988,0.08047303080839807,26.10516542800383
59.900000000000006,C-FVD,587.8829691619882,10.269527417614828,-0.06295618019844212,26.082570114021337
60.0,C-FVD,588.9096071228487,10.263231799594983,-0.15699718242722532,26.053143083146324
60.1,C-FVD,589.9351453168961,10.247532081352261,-0.03896808539974039,26.02831072078095
60.2,C-FVD,590.9597036846044,10.243635272812288,-0.06806127185048999,26.001784703345606
60.300000000000004,C-FVD,591.9837269055264,10.236829145627238,-0.13296400493796134,25.970891442179436
60.400000000000006,C-FVD,593.0067450000645,10.223532745133442,-0.059591563342551945,25.942750009162523
60.5,C-FVD,594.0288003167611,10.217573588799187,-0.031614620997078235,25.915988810136923
60.6,C-FVD,595.050399602536,10.214412126699479,-0.16386274914203186,25.881970392826815
60.7,C-FVD,596.0710215014602,10.198025851785276,-0.08641573538618558,25.85076034713336
60.800000000000004,C-FVD,597.0903920079619,10.189384278246658,-0.0699874171783838,25.820521359750842
60.900000000000006,C-FVD,598.1089804987007,10.18238553652882,-0.1343091457770521,25.786767380449305
61.0,C-FVD,599.1265475066247,10.168954621951114,-0.07316800425677006,25.755671836864167
61.1,C-FVD,600.1430771287985,10.161637821525437,-0.31223535041782957,25.712117227978638
61.2,C-FVD,601.157679734199,10.130414286483655,-0.248990451118832,25.671599647151993
61.300000000000004,C-FVD,602.1694762105918,10.105515241371771,-0.42548399947472687,25.626333677125558
61.400000000000006,C-FVD,603.1779003147317,10.062966841424299,-0.44578989138128905,25.582378104547615
61.5,C-FVD,604.1819680494172,10.01838785228617,-0.27897354837601135,25.55002214503213
61.6,C-FVD,605.1824119669039,9.990490497448569,-0.48914940625980374,25.510251437039983
61.7,C-FVD,606.1790152696175,9.941575556822588,-0.5372659747610227,25.468780502324876
61.800000000000004,C-FVD,607.170486495426,9.887848959346487,-0.602204964150711,25.425095103104695
61.900000000000006,C-FVD,608.1562603665398,9.827628462931415,-0.4297842763712224,25.39132765676925
62.0,C-FVD,609.136874291451,9.784650035294293,-0.4753712720614118,25.35738859086439
62.1,C-FVD,610.1129624386201,9.737112908088152,-0.5274386560069931,25.321472017789574
62.2,C-FVD,611.0840365361489,9.684369042487452,-0.5570254184343312,25.284391365268903
62.300000000000004,C-FVD,612.0496883133055,9.62866650064402,-0.6410763511104585,25.243111824762764
62.400000000000006,C-FVD,613.0093495816143,9.564558865532973,-0.44346924415028033,25.211976872843252
62.5,C-FVD,613.9635881219468,9.520211941117946,-0.45582183413887617,25.181727972913905
62.6,C-FVD,614.913330206888,9.474629757704058,-0.4103964698859225,25.15420971708818
62.7,C-FVD,615.8587412003088,9.433590110715466,-0.5943218464372105,25.117511845468016
62.800000000000004,C-FVD,616.7991286021481,9.374157926071744,-0.341651418831257,25.093046076848623
62.900000000000006,C-FVD,617.7348361376612,9.339992784188619,-0.635778585809644,25.054601234831807
63.0,C-FVD,618.6656565231509,9.276414925607654,-0.4603663277568844,25.023416577433068
63.1,C-FVD,619.5909961840729,9.230378292831965,-0.4673753229358402,24.992642451651363
63.2,C-FVD,620.5116971367414,9.183640760538381,-0.41488207781534125,24.964438618152144
63.300000000000004,C-FVD,621.4279868024062,9.142152552756848,-0.4426378551646671,24.9349286731682
63.400000000000006,C-FVD,622.3399888684061,9.09788876724038,-0.3087822762784555,24.912153164361825
63.5,C-FVD,623.2482338337487,9.067010539612536,-0.3389330490257947,24.88854226506737
63.6,C-FVD,624.1532402224648,9.033117234709957,-0.4886140775839533,24.85673926633376
63.7,C-FVD,625.0541088755479,8.984255826951562,-0.350287336753461,24.830947202533025
63.800000000000004,C-FVD,625.9507830215592,8.949227093276216,-0.46265083791904393,24.79967709366258
63.900000000000006,C-FVD,626.8433924766972,8.90296200948431,-0.24912849946380095,24.778612525547146
64.0,C-FVD,627.7324430351483,8.87804915953793,-0.43139901647963963,24.74896663396305
64.10000000000001,C-FVD,628.6180909560197,8.834909257889967,-0.2215453307861101,24.728985910335723
64.2,C-FVD,629.5004741551548,8.812754724811356,-0.3260853776210952,24.704533581846476
64.3,C-FVD,630.3801192007478,8.780146187049246,-0.24971528294540213,24.68327001855073
64.4,C-FVD,631.256885243038,8.755174658754706,-0.35398612560667353,24.656698903473057
64.5,C-FVD,632.1306327782854,8.719776046194038,-0.21375725463909512,24.6365502031407
64.60000000000001,C-FVD,633.0015415966316,8.698400320730128,-0.31378631210255326,24.611687902861377
64.7,C-FVD,633.8698126971441,8.667021689519872,-0.18722559683744855,24.592601187227388
64.8,C-FVD,634.7355787381118,8.648299129836127,-0.24808354152794093,24.570828463053317
64.9,C-FVD,635.5991682333878,8.623490775683333,-0.1730144083819362,24.552423606670914
65.0,C-FVD,636.4606522389141,8.606189334845139,-0.06588015714765869,24.539958700750844
65.10000000000001,C-FVD,637.3209417716129,8.599601319130374,-0.10970682536948825,24.525847278002516
65.2,C-FVD,638.180353369399,8.588630636593425,-0.20534863164088168,24.50639303662558
65.3,C-FVD,639.0381896899002,8.568095773429338,0.04511284819781322,24.499373917381604
65.4,C-FVD,639.895224831484,8.572607058249119,-0.07065801421067405,24.487796923796623
65.5,C-FVD,640.7521322472379,8.565541256828052,0.010682535164323964,24.47986848417372
65.60000000000001,C-FVD,641.6087397855965,8.566609510344485,0.06262317686140031,24.475203719983256
65.7,C-FVD,642.4657138525153,8.572871828030625,0.003896874507678977,24.467876313058014
65.8,C-FVD,643.3230205196908,8.573261515481393,-0.024758887062253432,24.45869705661414
65.9,C-FVD,644.1802228768036,8.570785626775168,0.08634753021397382,24.455102877155014
66.0,C-FVD,645.0377331771322,8.579420379796565,0.21168155263014776,24.4588275352628
66.10000000000001,C-FVD,645.896733622875,8.600588535059579,0.18676302849924262,24.46227221693539
66.2,C-FVD,646.7577262915235,8.619264837909503,-0.0675072336549305,24.452385997569536
66.3,C-FVD,647.6193152391461,8.61251411454401,0.18221485742527233,24.453945635380364
66.4,C-FVD,648.4814777248877,8.630735600286538,0.13083064330697725,24.454235094756882
66.5,C-FVD,649.3452054381328,8.643818664617235,0.3226611537450793,24.464424058541454
66.60000000000001,C-FVD,650.2112006103632,8.676084779991744,0.036610307264497044,24.46092574049942
66.7,C-FVD,651.0789921398987,8.679745810718194,0.17122115392402065,24.462751499033402
66.8,C-FVD,651.9478228267401,8.696867926110595,0.18697645596710782,24.466095098755545
66.9,C-FVD,652.818444501631,8.715565571707307,0.3252312199703739,24.476856644331406
67.0,C-FVD,653.6916272149016,8.748088693704345,0.37265073536925447,24.491185500412143
67.10000000000001,C-FVD,654.5682993379489,8.78535376724127,0.23906235103425505,24.499115683670766
67.2,C-FVD,655.4480300264282,8.809260002344695,0.12119933619515792,24.500149904155364
67.3,C-FVD,656.3295620233437,8.821379935964211,0.36153941631354986,24.51297475648653
67.4,C-FVD,657.2135077140216,8.857533877595566,0.16726178921424073,24.51706797967654
67.5,C-FVD,658.1000974107272,8.87426005651699,0.35542252965141496,24.52990604654235
67.60000000000001,C-FVD,658.9893005290272,8.909802309482131,0.29837720386088246,24.54095583176104
67.7,C-FVD,659.8817726459947,8.93964002986822,0.2925757733272166,24.55150958727654
67.8,C-FVD,660.7771995278482,8.968897607200942,0.2376384830867071,24.559845705359635
67.9,C-FVD,661.6752774809837,8.992661455509612,0.30458958062024966,24.574156564020768
68.0,C-FVD,662.5760665744378,9.023120413571638,0.2660812012811128,24.589342625194604
68.10000000000001,C-FVD,663.4797090218015,9.04972853369975,0.08990098740526734,24.597197021757097
68.2,C-FVD,664.3851313801084,9.058718632440277,0.04126907134354913,24.6030446540982
68.3,C-FVD,665.2912095887091,9.062845539574631,0.10041430974684692,24.612910429169006
68.4,C-FVD,666.1979962142152,9.072886970549316,0.10433701293329792,24.62442294367679
68.5,C-FVD,667.1058065963348,9.083320671842646,0.23166922069528575,24.64369704268279
68.60000000000001,C-FVD,668.0152970096225,9.106487593912174,0.1959143020145319,24.66293112819892
68.7,C-FVD,668.9269253405238,9.126079024113627,0.27469135653135,24.68711757759172
68.8,C-FVD,669.8409066997177,9.153548159766762,0.18432875885324385,24.707956831350884
68.9,C-FVD,670.7571831594887,9.171981035652086,0.2416254526636972,24.73203110572149
69.0,C-FVD,671.6755893903172,9.196143580918456,0.1613465223236751,24.75284420871924
69.10000000000001,C-FVD,672.5960104810207,9.212278233150823,0.14114763062332134,24.772553355888135
69.2,C-FVD,673.5179440424889,9.226392996213155,0.08812000802322376,24.78957952765859
69.3,C-FVD,674.4410239421503,9.235204997015478,-0.04598628373633609,24.799235159498494
69.4,C-FVD,675.3643145104332,9.230606368641844,0.08172218517498156,24.814571066838198
69.5,C-FVD,676.2877837582233,9.238778587159342,0.14824297851475565,24.83401074497931
69.60000000000001,C-FVD,677.2124028318319,9.253602885010817,0.21667935654048145,24.857497401648516
69.7,C-FVD,678.1388465171158,9.275270820664865,0.15322212801662485,24.878173083600018
69.8,C-FVD,679.0671397098223,9.290593033466527,0.28400004650091537,24.905430747210175
69.9,C-FVD,679.9976190134015,9.318993038116618,0.18464208815389907,24.928345265853977
70.0,C-FVD,680.9304415276539,9.337457246932008,0.1681255164248953,24.949782903763435
70.10000000000001,C-FVD,681.8650278799291,9.354269798574498,0.019014584190592126,24.96300420329112
70.2,C-FVD,682.8005499327076,9.356171256993557,-0.0029904490854823773,24.973611668457124
70.3,C-FVD,683.7361521061614,9.355872212085009,0.07346893696720677,24.98741286809468
70.4,C-FVD,684.6721066720547,9.36321910578173,0.07080314736880966,25.000927355371005
70.5,C-FVD,685.6087825983698,9.37029942051861,0.059214157341467205,25.013256509878715
70.60000000000001,C-FVD,686.5461086112083,9.376220836252756,0.08149281937905856,25.026103728329417
70.7,C-FVD,687.4841381589305,9.384370118190661,0.08980428517856644,25.03894771639125
70.8,C-FVD,688.4230241921754,9.393350546708518,-0.021859863182079164,25.045337072974803
70.9,C-FVD,689.3622499475304,9.39116456039031,-0.007946542930889491,25.05099384787593
71.0,C-FVD,690.3013266708548,9.390369906097222,-0.004158178848278488,25.056063968724402
71.10000000000001,C-FVD,691.2403428705702,9.389954088212393,0.06786841497364555,25.064148525423434
71.2,C-FVD,692.1796776214663,9.396740929709757,-0.03169682678190597,25.066679859591773
71.3,C-FVD,693.1191932303035,9.393571247031566,0.02401215702957124,25.07074489340721
71.4,C-FVD,694.0586704157918,9.395972462734523,-0.006268630421283929,25.072728890703388
71.5,C-FVD,694.9982363189131,9.395345599692394,0.07997924947513232,25.078309429747833
71.60000000000001,C-FVD,695.9381707751297,9.403343524639908,0.1360193029675724,25.086729864540757
71.7,C-FVD,696.8791852241086,9.416945454936664,-0.005489602998906806,25.087474148924798
71.8,C-FVD,697.8208523215873,9.416396494636773,-0.06856979831450653,25.08326662751199
71.9,C-FVD,698.7621491220594,9.409539514805322,-0.037189769491863006,25.079354181452118
72.0,C-FVD,699.7029171246925,9.405820537856137,-0.037189769491863006,25.077787224084204
0.0,GAPB,12.980833910669062,8.7,-0.31737392834479217,23.0
0.1,GAPB,13.849247041027338,8.66826260716552,-0.22549993234861831,23.11805036602859
0.2,GAPB,14.714945802082147,8.645712613930659,-0.145834734462581,23.243486105567257
0.30000000000000004,GAPB,15.578787889802898,8.6311291404844,-0.08650692473376387,23.372849193103512
0.4,GAPB,16.44146826922767,8.622478448011025,-0.016942185400679044,23.50836898428023
0.5,GAPB,17.30363140310177,8.620784229470956,0.03157513482445784,23.646526593525497
0.6000000000000001,GAPB,18.16586770172299,8.623941742953402,0.07800382010427442,23.787208142722005
0.7000000000000001,GAPB,19.028651895118852,8.63174212496383,0.13906137772182248,23.933509510257732
0.8,GAPB,19.892521414503843,8.645648262736012,0.1473393890096345,24.075904770611398
0.9,GAPB,20.75782293772249,8.660382201636976,0.19298193811932063,24.221522750054486
1.0,GAPB,21.624826067576787,8.679680395448909,0.24844516243614478,24.37269130520559
1.1,GAPB,22.49403633293386,8.704524911692523,0.2566309631464981,24.52081812328406
1.2000000000000002,GAPB,23.365771978918843,8.730188008007174,0.2613958635498656,24.665321707412303
1.3,GAPB,24.24009775903731,8.75632759436216,0.26230417961797353,24.805736052950635
1.4000000000000001,GAPB,25.117042039371615,8.782558012323957,0.3075045459398499,24.950665805313665
1.5,GAPB,25.99683536333371,8.813308466917942,0.35176613725575534,25.100360231304037
1.6,GAPB,26.879925040711782,8.848485080643517,0.38792152892262294,25.253480208621
1.7000000000000002,GAPB,27.766713156420746,8.887277233535778,0.3647162932623062,25.39894775856813
1.8,GAPB,28.657264461240636,8.92374886286201,0.3472051948382308,25.537764880398043
1.9000000000000001,GAPB,29.55137537350103,8.958469382345832,0.38139663190943746,25.67995300199965
2.0,GAPB,30.44912929489516,8.996609045536776,0.3302723362748716,25.80975245367421
2.1,GAPB,31.350441561130214,9.029636279164263,0.32545050482278715,25.93570282044696
2.2,GAPB,32.255032441570755,9.062181329646542,0.3309052414337757,26.060132266858567
2.3000000000000003,GAPB,33.16290510074258,9.095271853789919,0.3329688725079581,26.182580940137868
2.4000000000000004,GAPB,34.074097130484105,9.128568741040715,0.3072100175637751,26.297872455552664
2.5,GAPB,34.988490054676,9.159289742797093,0.32109533700073045,26.413524021020812
2.6,GAPB,35.90602450564071,9.191399276497165,0.2747553192617851,26.518390033465536
2.7,GAPB,36.826538209886735,9.218874808423344,0.30096124796674406,26.626073225878358
2.8000000000000003,GAPB,37.74993049696891,9.248970933220019,0.34074350858477664,26.73960802710608
2.9000000000000004,GAPB,38.676531307833834,9.283045284078495,0.3113706863775482,26.845987510014304
3.0,GAPB,39.60639268967357,9.31418235271625,0.28285920321129254,26.945116648793984
3.1,GAPB,40.53922522096125,9.34246827303738,0.2744694198685317,27.040909900014817
3.2,GAPB,41.47484439536433,9.369915215024232,0.22103055173686062,27.124958255970853
3.3000000000000003,GAPB,42.41294106962543,9.392018270197918,0.24791891637306376,27.212405743052116
3.4000000000000004,GAPB,43.353382491227094,9.416810161835224,0.2056160640394904,27.290530008372812
3.5,GAPB,44.296091587730814,9.437371768239172,0.2201262470467229,27.369869738307557
3.6,GAPB,45.24092939578996,9.459384392943845,0.16188694151959115,27.436893080633723
3.7,GAPB,46.18767726979195,9.475573087095803,0.2086521373555175,27.511305504852587
3.8000000000000003,GAPB,47.1362778391883,9.496438300831356,0.15269716594796073,27.57409240137644
3.9000000000000004,GAPB,48.08668515510117,9.511708017426152,0.14287710094989517,27.63357866970845
4.0,GAPB,49.038570342348535,9.525995727521142,0.16462450091447212,27.696059723993116
4.1000000000000005,GAPB,49.99199303760522,9.54245817761259,0.15532753221691697,27.755813643207865
4.2,GAPB,50.947015493027564,9.557990930834281,0.10181295164297138,27.804281817739238
4.3,GAPB,51.903323650869204,9.568172225998579,0.12486376780644734,27.855886217175062
4.4,GAPB,52.860765192308094,9.580658602779224,0.14044334461511063,27.909624227220377
4.5,GAPB,53.81953326930909,9.594702937240735,0.1073365915294745,27.956198921172728
4.6000000000000005,GAPB,54.77954024599081,9.605436596393682,0.1313141170099342,28.006294956041266
4.7,GAPB,55.74074047621523,9.618568008094675,0.12674589939752912,28.05478335228208
4.800000000000001,GAPB,56.70323100652168,9.631242598034428,0.14806581179406225,28.10649765583637
4.9,GAPB,57.6670955953841,9.646049179213835,0.11576417686888026,28.151357613163924
5.0,GAPB,58.632279334189825,9.657625596900722,0.10916142257344692,28.194025660698692
5.1000000000000005,GAPB,59.59858770099276,9.668541739158067,0.09258849377711482,28.232750678036687
5.2,GAPB,60.56590481737745,9.67780058853578,0.05323646486957412,28.263150270309943
5.300000000000001,GAPB,61.533951058555374,9.683124235022737,0.1113051021276241,28.30374781133625
5.4,GAPB,62.50282000756829,9.694254745235499,0.08508991964850733,28.339194162544203
5.5,GAPB,63.472670931690075,9.70276373720035,0.068466823407749,28.37095812552441
5.6000000000000005,GAPB,64.44328963952715,9.709610419541125,0.08589327365326334,28.405604217244715
5.7,GAPB,65.41468014784952,9.718199746906452,0.07873864235855756,28.438619334104587
5.800000000000001,GAPB,66.38689381575196,9.726073611142308,0.08803509803511667,28.473034318478526
5.9,GAPB,67.35994135235636,9.73487712094582,0.08621644226486896,28.50681879622509
6.0,GAPB,68.33386014666226,9.743498765172307,0.09752498531150258,28.542436503103872
6.1000000000000005,GAPB,69.30869764810606,9.753251263703456,0.08169876469225573,28.574775273797314
6.2,GAPB,70.28443126829987,9.761421140172681,0.1403973874117253,28.617958797725862
6.300000000000001,GAPB,71.2612753692542,9.775460878913853,0.1059365838261064,28.654570212706346
6.4,GAPB,72.23935114006471,9.786054537296463,0.08601830675205094,28.686915800701357
6.5,GAPB,73.21838668532811,9.794656367971669,0.12230770359783681,28.72582100359587
6.6000000000000005,GAPB,74.19846386064327,9.806887138331453,0.09163969084166744,28.758776462323155
6.7,GAPB,75.17961077293063,9.81605110741562,0.10262415588442475,28.793407983033305
6.800000000000001,GAPB,76.16172900445162,9.826313523004062,0.15717194198667456,28.838274691331577
6.9,GAPB,77.14514621646195,9.84203071720273,0.1371346593617862,28.879352194813265
7.0,GAPB,78.13003496147904,9.85574418313891,0.16013650602745738,28.924500433345557
7.1000000000000005,GAPB,79.11641006232307,9.871757833741656,0.14237354676768252,28.96614699959919
7.2,GAPB,80.10429771343108,9.885995188418423,0.15485984099107844,29.009872854272686
7.300000000000001,GAPB,81.09367153147787,9.901481172517531,0.18413412595336412,29.059056560616156
7.4,GAPB,82.08474031935938,9.919894585112868,0.20854103383874892,29.11287382287395
7.5,GAPB,83.07777248303987,9.940748688496743,0.17061646472835806,29.159379747806113
7.6000000000000005,GAPB,84.07270043421319,9.95781033496958,0.10755187805916783,29.19341953106749
7.7,GAPB,85.06901922710044,9.968565522775496,0.14418812837395756,29.23392394629967
7.800000000000001,GAPB,86.06659672001986,9.982984335612892,0.16567630040395626,29.278518569133198
7.9,GAPB,87.06572353508317,9.999551965653287,0.20370379605271458,29.330315965187822
8.0,GAPB,88.06669725062875,10.019922345258559,0.12782925865697178,29.367599735144992
8.1,GAPB,89.06932863144789,10.032705271124255,0.1278164251354898,29.40427842246791
8.200000000000001,GAPB,90.07323824068598,10.045486913637804,0.1396579069562285,29.443003856304102
8.3,GAPB,91.07848522158454,10.059452704333427,0.15233015075032522,29.484004928510814
8.4,GAPB,92.08519214277163,10.07468571940846,0.139418450282771,29.522391767457265
8.5,GAPB,93.0933578069639,10.088627564436738,0.1512135540062152,29.562762152258856
8.6,GAPB,94.1029766311776,10.10374891983736,0.15546379982646832,29.60380346843617
8.700000000000001,GAPB,95.11412884216045,10.119295299820006,0.1845427436759392,29.65024350724478
8.8,GAPB,96.12698108586083,10.1377495741876,0.16091431571223544,29.692124772798934
8.9,GAPB,97.14156061485815,10.153841005758824,0.11980919966985254,29.725808817479333
9.0,GAPB,98.15754376143238,10.16582192572581,0.0975670413883552,29.75478681255953
9.1,GAPB,99.1746137892119,10.175578629864646,0.10269666553940937,29.784382423649944
9.200000000000001,GAPB,100.19268513552606,10.185848296418586,0.08896579674785793,29.811119841133404
9.3,GAPB,101.21171479415166,10.194744876093372,0.10602500561403153,29.840799114364913
9.4,GAPB,102.23171940678907,10.205347376654775,0.08281258145949502,29.865865467641697
9.5,GAPB,103.25266820736184,10.213628634800724,0.1305362844020293,29.899706395452
9.600000000000001,GAPB,104.27468375226393,10.226682263240926,0.05729735975322264,29.919514987726004
9.700000000000001,GAPB,105.29763846538678,10.232411999216248,0.06986423505659298,29.941079798859576
9.8,GAPB,106.32122898648369,10.239398422721907,0.04922241059191187,29.958472460886938
9.9,GAPB,107.34541494080884,10.244320663781098,0.042470125267898166,29.974174563995945
10.0,GAPB,108.37005935781329,10.248567676307887,0.024896832513058742,29.98617573831848
10.100000000000001,GAPB,109.39504060960665,10.251057359559193,0.0030580077616944104,29.9935899070435
10.200000000000001,GAPB,110.42016163560137,10.251363160335362,0.0010876362140576148,30.000192189789743
10.3,GAPB,111.44530338981599,10.251471923956768,-0.007444010327340815,30.004826654512215
10.4,GAPB,112.47041336216003,10.250727522924034,-0.08641600185660948,29.998913643584302
10.5,GAPB,113.49505403444314,10.242085922738374,-0.03748511660981775,29.997408862534854
10.600000000000001,GAPB,114.51907520113393,10.238337411077392,-0.10768993037464392,29.988828864023915
10.700000000000001,GAPB,115.5423704925898,10.227568418039928,-0.055386161818072446,29.985190355272707
10.8,GAPB,116.5648504035847,10.22202980185812,-0.07859999066050588,29.979355963184872
10.9,GAPB,117.5866603838172,10.21416980279207,-0.12389863755123302,29.968621266684252
11.0,GAPB,118.60745787090866,10.201779939036946,-0.1955601842106091,29.95008773120344
11.100000000000001,GAPB,119.62665806389131,10.182223920615884,-0.2052303819093107,29.929904754589614
11.200000000000001,GAPB,120.64385430404336,10.161700882424954,-0.2427493041964041,29.905499732990748
11.3,GAPB,121.65881064576486,10.137425952005314,-0.27109867586295633,29.87761652309085
11.4,GAPB,122.67119774758606,10.110316084419019,-0.25875852565087587,29.850437141934663
11.5,GAPB,123.6809355633997,10.08444023185393,-0.3110688607808403,29.817546488970166
11.600000000000001,GAPB,124.68782424228118,10.053333345775847,-0.3185905021182945,29.783132083077476
11.700000000000001,GAPB,125.69156462434817,10.021474295564017,-0.32871573987056946,29.747141818329922
11.8,GAPB,126.69206847520522,9.98860272157696,-0.30785759520093575,29.712732823803293
11.9,GAPB,127.68938945938692,9.957816962056867,-0.30322886141565175,29.67843752250613
12.0,GAPB,128.6836550112855,9.927494075915302,-0.3198609883211021,29.641999005770685
12.100000000000001,GAPB,129.67480511393543,9.895507977083192,-0.35959474251098256,29.60091043387777
12.200000000000001,GAPB,130.6625579379312,9.859548502832093,-0.3525187696067582,29.559801661151482
12.3,GAPB,131.64675019436638,9.824296625871417,-0.3826109285759542,29.515104435165938
12.4,GAPB,132.62726680231066,9.786035533013822,-0.3291924654340642,29.475179077179803
12.5,GAPB,133.60422439328488,9.753116286470416,-0.3956509197014473,29.428200735661875
12.600000000000001,GAPB,134.57755776733342,9.71355119450027,-0.40182106319580707,29.37966392833536
12.700000000000001,GAPB,135.54690378146748,9.67336908818069,-0.33992578748401203,29.33688514150259
12.8,GAPB,136.51254106134812,9.639376509432289,-0.3966083730379262,29.288091046560766
12.9,GAPB,137.47449567042614,9.599715672128497,-0.3305451222579787,29.245269439162172
13.0,GAPB,138.4328145120277,9.566661159902699,-0.39431848479567744,29.195738658749633
13.100000000000001,GAPB,139.38750903559398,9.527229311423131,-0.3358386531473657,29.1513867480526
13.200000000000001,GAPB,140.33855277347055,9.493645446108394,-0.34292982469372807,29.10615078343099
13.3,GAPB,141.2862026689579,9.459352463639021,-0.3835025653278161,29.056226143215753
13.4,GAPB,142.23022040249515,9.42100220710624,-0.29882939191861213,29.0143779959094
13.5,GAPB,143.17082647624616,9.391119267914378,-0.38498999693493163,28.963641728658587
13.600000000000001,GAPB,144.10801345305293,9.352620268220885,-0.37923147698132387,28.912565597908753
13.700000000000001,GAPB,145.04137932249012,9.314697120522753,-0.386005200466195,28.860326686556647
13.8,GAPB,145.97091900854005,9.276096600476134,-0.2969031907257858,28.816840415070118
13.9,GAPB,146.89704415263404,9.246406281403555,-0.3023008837530314,28.77290559967554
14.0,GAPB,147.82017327635563,9.216176193028252,-0.21200359750049871,28.738073862330822
14.100000000000001,GAPB,148.74073087767096,9.194975833278201,-0.2681158699631746,28.697624333770023
14.200000000000001,GAPB,149.65888788164895,9.168164246281885,-0.2515098883254436,28.65836433547591
14.3,GAPB,150.57444675683553,9.14301325744934,-0.21214249996246307,28.62308425936024
14.4,GAPB,151.48768737008064,9.121799007453093,-0.1781847425975382,28.591406055715794
14.5,GAPB,152.39897634711295,9.10398053319334,-0.19995522560258636,28.55748557099878
14.600000000000001,GAPB,153.30837462430426,9.083985010633082,-0.2434515869288575,28.518728365458514
14.700000000000001,GAPB,154.21555586743293,9.059639851940197,-0.20402734762830343,28.48368183358056
14.8,GAPB,155.1204997158888,9.039237117177366,-0.13993622420421925,28.4554467658576
14.9,GAPB,156.0237237464855,9.025243494756944,-0.06042836913015309,28.43591648159284
15.0,GAPB,156.92594595411555,9.019200657843928,-0.09631500536063053,28.413039422538617
15.100000000000001,GAPB,157.82738444487313,9.009569157307865,-0.0635116424202136,28.393478245968907
15.200000000000001,GAPB,158.72802380239182,9.003217993065844,-0.08218896312336385,28.372155480696932
15.3,GAPB,159.6279346568828,8.994999096753508,-0.0206505713863515,28.357313225210817
15.4,GAPB,160.52733131370118,8.992934039614873,-0.006674648495794758,28.344385079497272
15.5,GAPB,161.4265913444202,8.992266574765294,0.05816135022509832,28.338587074807748
15.600000000000001,GAPB,162.32610880864786,8.998082709787804,-0.0759077506714568,28.31905031019616
15.700000000000001,GAPB,163.2255375408733,8.990491934720659,-0.05230150422403458,28.301371110747
15.8,GAPB,164.12432522682423,8.985261784298256,0.0038941950234658573,28.289843999983162
15.9,GAPB,165.02287087622915,8.985651203800602,-0.049473007180415265,28.27305641011378
16.0,GAPB,165.9211886315733,8.98070390308256,0.008361238167390442,28.262206268368885
16.1,GAPB,166.8193008280724,8.9815400268993,0.00873770897887969,28.251820070793457
16.2,GAPB,167.7174985193072,8.982413797797188,0.08870539418451645,28.250104176266206
16.3,GAPB,168.61618342605783,8.991284337215639,0.030498537691852914,28.242811890849822
16.400000000000002,GAPB,169.51546435246786,8.994334190984825,0.0019250311093971378,28.232341233555758
16.5,GAPB,170.41490739672187,8.994526694095764,0.10322817113149123,28.232867225464958
16.6,GAPB,171.31487620698712,9.004849511208914,0.0658884118258031,28.229926010462748
16.7,GAPB,172.21569060016714,9.011438352391494,0.1036372808872793,28.231621251068475
16.8,GAPB,173.1173526218107,9.021802080480223,0.03347869359563904,28.225652293806917
16.900000000000002,GAPB,174.0197002233267,9.025149949839786,0.1028561080570678,28.227683910696555
17.0,GAPB,174.92272949885097,9.035435560645492,0.11009926233448236,28.23183675570408
17.1,GAPB,175.8268235512272,9.046445486878941,0.06889164130592051,28.23031614818379
17.2,GAPB,176.73181255812162,9.053334651009534,0.11769902283115413,28.236839093143118
17.3,GAPB,177.63773451833674,9.065104553292649,0.11285495876591103,28.243277529010783
17.400000000000002,GAPB,178.5448092484598,9.07639004916924,0.06199300248186765,28.24200708254517
17.5,GAPB,179.45275821838914,9.082589349417425,0.10326103555693146,28.247435422043594
17.6,GAPB,180.3615334585087,9.092915452973118,0.07055407076122037,28.247626248538495
17.7,GAPB,181.2711777741598,9.09997086004924,0.07306187684203024,28.248403835953354
17.8,GAPB,182.18154016954895,9.107277047733442,0.09837446362382933,28.254569153140437
17.900000000000002,GAPB,183.0927597466404,9.117114494095825,0.03191359971087926,28.25151773545963
18.0,GAPB,184.00463076404856,9.120305854066913,0.09998399122691326,28.258719306439474
18.1,GAPB,184.91716126941137,9.130304253189605,0.028155584106606825,28.25578545867009
18.2,GAPB,185.83033247265087,9.133119811600265,-0.021300434066127368,28.247491815074056
18.3,GAPB,186.74353795164058,9.130989768193652,0.06940969219976374,28.2497159110124
18.400000000000002,GAPB,187.65698397692094,9.137930737413628,0.08432818806002237,28.25571251840603
18.5,GAPB,188.5711986916026,9.14636355621963,-0.022368896040420187,28.24823933232949
18.6,GAPB,189.48572320274434,9.144126666615588,0.007268641329099577,28.243483351086553
18.7,GAPB,190.40017221261255,9.144853530748497,-0.01775498575153025,28.236409531198234
18.8,GAPB,191.3145687907586,9.143078032173344,0.020805516694360107,28.23340358772998
18.900000000000002,GAPB,192.2289806215594,9.14515858384278,0.027133994441031338,28.23144202120386
19.0,GAPB,193.14363214991587,9.147871983286883,-0.00900140533693003,28.225892808047547
19.1,GAPB,194.0583743412179,9.14697184275319,-0.0981098536755077,28.210943150329655
19.200000000000003,GAPB,194.97258097622486,9.13716085738564,-0.03629754617844466,28.202021255020412
19.3,GAPB,195.88611557423255,9.133531102767796,-0.05599302912339039,28.19142532499015
19.400000000000002,GAPB,196.7991887193637,9.127931799855457,-0.011708368050960018,28.185437110801843
19.5,GAPB,197.71192335750902,9.12676096305036,-0.05792393614719369,28.174930159636347
19.6,GAPB,198.62430983413333,9.120968569435641,-0.07341597600260688,28.16260960598197
19.700000000000003,GAPB,199.53603961119688,9.11362697183538,-0.12147627477282544,28.145197031023912
19.8,GAPB,200.44679492700655,9.101479344358097,-0.10094392365340699,28.12962873953947
19.900000000000002,GAPB,201.35643814182407,9.091384951992756,-0.060070428430963205,28.118415219382882
20.0,GAPB,202.2652762848812,9.08537790914966,-0.116689323555627,28.101503793076716
20.1,GAPB,203.1732306291784,9.073708976794098,-0.10449214342943645,28.08552324705431
20.200000000000003,GAPB,204.08007906614066,9.063259762451155,-0.10140220908618194,28.069882304298773
20.3,GAPB,204.98589803134033,9.053119541542538,-0.1142465106584947,28.052869984076665
20.400000000000002,GAPB,205.8906387529413,9.041694890476688,-0.09474981740799407,28.037770368090605
20.5,GAPB,206.79433449290192,9.032219908735888,-0.1803679144143589,28.013784486693964
20.6,GAPB,207.69665464420345,9.014183117294452,-0.1351411977519541,27.993917519570772
20.700000000000003,GAPB,208.59739724994415,9.000668997519258,-0.15592461482917186,27.972001999125695
20.8,GAPB,209.49668452662192,8.98507653603634,-0.07298350459462678,27.958533984835924
20.900000000000002,GAPB,210.3948272627026,8.977778185576877,-0.16211246045187208,27.93613706826173
21.0,GAPB,211.29179451895803,8.96156693953169,-0.10784962704948226,27.918822132926607
21.1,GAPB,212.18741196477595,8.950781976826741,-0.1613740164853424,27.896110310090535
21.200000000000003,GAPB,213.0816832923762,8.934644575178208,-0.1474085366575081,27.874438805016524
21.3,GAPB,213.97441070721072,8.919903721512457,-0.08656485906296607,27.85908533802788
21.400000000000002,GAPB,214.86596825506666,8.91124723560616,-0.09475943881954225,27.843138165533702
21.5,GAPB,215.75661918143317,8.901771291724206,-0.050355365187235546,27.831767491371778
21.6,GAPB,216.64654453377966,8.896735755205482,-0.018230780621655635,27.824018423625887
21.700000000000003,GAPB,217.53612695539712,8.894912677143315,-0.09200472451598656,27.8087205851906
21.8,GAPB,218.42515819948886,8.885712204691716,-0.07133812623980026,27.795167794469705
21.900000000000002,GAPB,219.31337272932683,8.878578392067736,-0.05584239132676144,27.783320064929512
22.0,GAPB,220.20095135657695,8.872994152935059,-0.062054387364938,27.770887921081595
22.1,GAPB,221.08794049993364,8.866788714198565,0.026098857428262554,27.767707950370948
22.200000000000003,GAPB,221.97474986564063,8.869398599941391,-0.021711617308183478,27.76002361648912
22.3,GAPB,222.86158116754822,8.867227438210573,0.002793427974327356,27.754718851839442
22.400000000000002,GAPB,223.74831787850914,8.867506781008005,-0.015553239680563064,27.747664044686957
22.5,GAPB,224.63499079041154,8.86595145703995,-0.01491082383805295,27.74061861143801
22.6,GAPB,225.52151138199636,8.864460374656144,0.047578108018662614,27.74021170434324
22.700000000000003,GAPB,226.40819531000207,8.86921818545801,-0.046371339784200126,27.730318415829885
22.8,GAPB,227.29488527184895,8.86458105147959,0.06789372485696885,27.733541356468635
22.900000000000002,GAPB,228.1816828456212,8.871370423965287,0.02931263210755957,27.73182451480517
23.0,GAPB,229.06896645117826,8.874301687176043,0.06115036155900252,27.734485562492125
23.1,GAPB,229.95670237170364,8.880416723331944,0.08635502405745421,27.742314457046206
23.200000000000003,GAPB,230.84517581915713,8.88905222573769,0.06906915464317014,27.747142631492466
23.3,GAPB,231.73442638750413,8.895959141202006,0.06043686664831255,27.75040034267272
23.400000000000002,GAPB,232.62432448595757,8.902002827866838,0.10855139554161675,27.762977138736915
23.5,GAPB,233.51506752572195,8.912857967421,0.10532599618819988,27.77533347661077
23.6,GAPB,234.406879952445,8.923390567039819,0.11751980005653255,27.790153442408638
23.700000000000003,GAPB,235.29980660814925,8.935142547045473,0.1826105776271157,27.817629382249777
23.8,GAPB,236.19423391574193,8.953403604808184,0.13171537838286415,27.835836715818147
23.900000000000002,GAPB,237.09023285311466,8.96657514264647,0.11877750257002333,27.851440959004236
24.0,GAPB,237.98748425489217,8.978452892903471,0.1412227574683346,27.871392655301833
24.1,GAPB,238.88603565796987,8.992575168650305,0.13540069827818532,27.890457105947036
24.200000000000003,GAPB,239.7859701783263,9.006115238478124,0.1974721051996075,27.921477678699432
24.3,GAPB,240.6875690627001,9.025862448998085,0.18944715574747856,27.95138630391557
24.400000000000002,GAPB,241.59110254337867,9.044807164572832,0.20294034536451463,27.9839431789174
24.5,GAPB,242.49659796156277,9.065101199109284,0.1869522954179596,28.013610978954375
24.6,GAPB,243.4040428429508,9.08379642865108,0.22211350686938877,28.050023566915172
24.700000000000003,GAPB,244.31353305335023,9.10600777933802,0.18277023781468948,28.079179345632895
24.8,GAPB,245.2250476824731,9.124284803119489,0.21420371046766226,28.11423965782663
24.900000000000002,GAPB,246.1385471813374,9.145705174166254,0.25557350179130617,28.15746480871502
25.0,GAPB,247.05439556626297,9.171262524345385,0.271283321570578,28.203999815010917
25.1,GAPB,247.97287823530536,9.198390856502444,0.23598909656138964,28.243952362301513
25.200000000000003,GAPB,248.89389726643842,9.221989766158583,0.26295207609688453,28.288974898880753
25.3,GAPB,249.81741100343476,9.248284973768271,0.2521629800767182,28.332155305001834
25.400000000000002,GAPB,250.74350031571197,9.273501271775944,0.19139951646498607,28.363728994425287
25.5,GAPB,251.6718074404719,9.292641223422443,0.27844031777681905,28.411730178502495
25.6,GAPB,252.602463764403,9.320485255200126,0.24100632849564355,28.45308536913211
25.700000000000003,GAPB,253.5357173215655,9.34458588804969,0.24157231676071692,28.494436194962162
25.8,GAPB,254.47138377195427,9.36874311972576,0.219686368289579,28.53173231034475
25.900000000000002,GAPB,255.4093565157683,9.390711756554719,0.23850652679017684,28.572941842697105
26.0,GAPB,256.3496202240578,9.414562409233737,0.25181554390402455,28.61721566890509
26.1,GAPB,257.2923355427007,9.439743963624139,0.20929882544168882,28.6538328410968
26.200000000000003,GAPB,258.2373564331903,9.460673846168307,0.21225514221402542,28.691203699677487
26.3,GAPB,259.1844850935182,9.48189936038971,0.18464452103181284,28.72369532712014
26.400000000000002,GAPB,260.1335982521623,9.50036381249289,0.19137934565028933,28.757717106719042
26.5,GAPB,261.08459153013985,9.51950174705792,0.20293920281544744,28.79436283777295
26.6,GAPB,262.0375564008597,9.539795667339463,0.16111379075943666,28.823426914066317
26.700000000000003,GAPB,262.9923415365475,9.555907046415408,0.1301427234333569,28.84669378711493
26.8,GAPB,263.9485829548062,9.568921318758743,0.12518374783062283,28.869178163837034
26.900000000000002,GAPB,264.90610100542125,9.581439693541805,0.11771874362795542,28.890519199636742
27.0,GAPB,265.86483356849357,9.5932115679046,0.12286347514349251,28.913108553793222
27.1,GAPB,266.82476904265974,9.60549791541895,0.11409813512707084,28.934338248072493
27.200000000000003,GAPB,267.78588932487725,9.616907728931656,0.08289521684490506,28.949824626662462
27.3,GAPB,268.74799457385467,9.625197250616147,0.12443171203485752,28.973368416011965
27.400000000000002,GAPB,269.71113645747647,9.637640421819633,0.03207307139011953,28.979687980435074
27.5,GAPB,270.6750608650154,9.640847728958645,0.03526628409939898,28.986358334313138
27.6,GAPB,271.6393219693318,9.644374357368585,0.037345527720116393,28.993636073853565
27.700000000000003,GAPB,272.6039461327072,9.648108910140596,0.014214492055445583,28.99667520719896
27.8,GAPB,273.56882809618156,9.64953035934614,-0.015085602858436228,28.99532355672693
27.900000000000002,GAPB,274.5337057041019,9.648021799060297,-0.04496174969892479,28.990755052840655
28.0,GAPB,275.49828307525945,9.643525624090405,-0.06801597777822621,28.983630085242453
28.1,GAPB,276.4622955577796,9.636724026312582,0.0013321457778418862,28.98385217139827
28.200000000000003,GAPB,277.42597462113974,9.636857240890366,-0.06607807808308651,28.97718199692889
28.3,GAPB,278.3893299548384,9.630249433082058,-0.1651664105170516,28.959821653444862
28.400000000000002,GAPB,279.351529066094,9.613732792030353,-0.14771337224470832,28.943554249448027
28.5,GAPB,280.3121637784358,9.598961454805883,-0.10653793848201282,28.931463001292627
28.6,GAPB,281.2715272342239,9.588307660957682,-0.16817072731133698,28.91304705653829
28.700000000000003,GAPB,282.2295171466832,9.571490588226547,-0.21392830047920175,28.889349117862935
28.8,GAPB,283.18559656400345,9.550097758178627,-0.14228265811744475,28.87254219707546
28.900000000000002,GAPB,284.13989492653076,9.535869492366881,-0.19731556383442594,28.850189571501687
29.0,GAPB,285.0924952979483,9.516137935983439,-0.21387570941365,28.82555966952566
29.1,GAPB,286.0430397129996,9.494750365042075,-0.2359265520933042,28.798248783305155
29.200000000000003,GAPB,286.99133511674336,9.471157709832744,-0.16168561555692568,28.778181368044613
29.3,GAPB,287.9376424596488,9.45498914827705,-0.18507054995141348,28.75583064886007
29.400000000000002,GAPB,288.8822160217268,9.43648209328191,-0.2869564263482013,28.722542821231684
29.5,GAPB,289.82442944892324,9.40778645064709,-0.19132398846247173,28.69821807053023
29.6,GAPB,290.76425147404564,9.388654051800842,-0.2015111657057684,28.673041653571147
29.700000000000003,GAPB,291.70210932339717,9.368502935230264,-0.22370549054616984,28.64522044279437
29.8,GAPB,292.6378410894675,9.346132386175647,-0.2705701883531615,28.612102427092225
29.900000000000002,GAPB,293.57110147714326,9.31907536734033,-0.2497724983606825,28.580503643479403
30.0,GAPB,294.5017601513855,9.294098117504262,-0.25346664077333714,28.548262075859554
30.1,GAPB,295.42990262993203,9.268751453426928,-0.1986025360246131,28.52134429584072
30.200000000000003,GAPB,296.3557847625946,9.248891199824467,-0.3592718030122082,28.477766597760137
30.3,GAPB,297.27887752356196,9.212964019523247,-0.24914846231129523,28.44425251913873
30.400000000000002,GAPB,298.1989281832027,9.188049173292116,-0.2355491569432173,28.412359116136884
30.5,GAPB,299.1165553547472,9.164494257597795,-0.1631975551670169,28.38777152929839
30.6,GAPB,300.0321887927312,9.148174502081094,-0.23057892663129875,28.3563099484615
30.700000000000003,GAPB,300.9458533483061,9.125116609417963,-0.22391724147853947,28.324901153708993
30.8,GAPB,301.8572454230405,9.10272488527011,-0.10273073663218547,28.30593499022973
30.900000000000002,GAPB,302.76700425788437,9.09245181160689,-0.17129327102097264,28.280285062479493
31.0,GAPB,303.67539297268996,9.075322484504794,-0.17112342184743778,28.25410903832602
31.1,GAPB,304.58206960403123,9.05821014232005,-0.19081146703621696,28.225673437102387
31.200000000000003,GAPB,305.48693656092803,9.039128995616428,-0.10059386811621693,28.206383448889085
31.3,GAPB,306.3903464911491,9.029069608804807,-0.08868847086976075,28.18871567949543
31.400000000000002,GAPB,307.29281000967524,9.020200761717831,-0.1526250951265586,28.164318849433073
31.5,GAPB,308.19406696037134,9.004938252205175,-0.1300287534837199,28.141811891270436
31.6,GAPB,309.09391064182444,8.991935376856803,-0.11185282686399406,28.12120321281185
31.700000000000003,GAPB,309.9925449153758,8.980750094170403,0.04005507975784289,28.116657965764375
31.8,GAPB,310.8908202001916,8.984755602146187,-0.007780077313559383,28.10792394325432
31.900000000000002,GAPB,311.78925686001963,8.983977594414831,0.001563788768938812,28.099996072205272
32.0,GAPB,312.68766243840497,8.984133973291724,0.06879541547059279,28.099321307224272
32.1,GAPB,313.5864198128115,8.991013514838784,0.004444161747418136,28.092311580822127
32.2,GAPB,314.4855433851041,8.991457931013526,-0.043277583428954644,28.079999812110998
32.300000000000004,GAPB,315.3844727902883,8.98713017267063,0.03715264579036327,28.075954938368568
32.4,GAPB,316.28337157078437,8.990845437249666,0.10156387709655731,28.081768567934716
32.5,GAPB,317.18296393389477,9.00100182495932,0.05682172184887015,28.08080502213835
32.6,GAPB,318.08334822499995,9.006683997144208,0.04157363770149394,28.078131254006905
32.7,GAPB,318.9842244929029,9.010841360914357,0.1123166245095206,28.086738183285604
32.800000000000004,GAPB,319.88587021211686,9.022073023365309,0.08644926714007423,28.091011683940565
32.9,GAPB,320.7885097607891,9.030717950079316,0.08017511831897642,28.094206358144902
33.0,GAPB,321.6919824313886,9.038735461911214,0.11612706426688839,28.104496427800086
33.1,GAPB,322.5964366129011,9.050348168337903,0.11288118092445205,28.11458819253437
33.2,GAPB,323.5020358356395,9.061636286430348,0.10450886200316936,28.123296226435798
33.300000000000004,GAPB,324.4087220085925,9.072087172630665,0.13419795913724558,28.137874243664612
33.4,GAPB,325.3166017156513,9.08550696854439,0.1076994959209817,28.14775416039521
33.5,GAPB,326.22569090998536,9.096276918136489,0.13331493200406258,28.162621814524414
33.6,GAPB,327.13598517645903,9.109608411336895,0.13560224575883786,28.17827109915936
33.7,GAPB,328.04762402882153,9.123168635912778,0.1297629244898969,28.193024484855073
33.800000000000004,GAPB,328.96058970703524,9.136144928361768,0.1654118885540669,28.214779516148838
33.9,GAPB,329.8750312593142,9.152686117217174,0.1741549411683615,28.238595226622067
34.0,GAPB,330.7911706457418,9.17010161133401,0.15767073112509167,28.259503975837617
34.1,GAPB,331.70896916053084,9.185868684446518,0.149051036822414,28.27890896937197
34.2,GAPB,332.6283012841596,9.20077378812876,0.12166466480006202,28.293453897927805
34.300000000000004,GAPB,333.5489869862965,9.212940254608766,0.18084503629084947,28.319604451215923
34.4,GAPB,334.4711852369388,9.23102475823785,0.07728091071109283,28.326631918108546
34.5,GAPB,335.3946741173162,9.23875284930896,0.13125007280056694,28.34385089933653
34.6,GAPB,336.31920565261106,9.251877856589017,0.11444999985620821,28.3585003910585
34.7,GAPB,337.24496568826925,9.263322856574637,0.11855515495324659,28.37421382090929
34.800000000000004,GAPB,338.17189074970145,9.275178372069963,0.12204392220489137,28.390967719912794
34.9,GAPB,339.1000188065195,9.287382764290452,0.059981878206091965,28.396195168474605
35.0,GAPB,340.0290569923395,9.293380952111061,0.11372044234915758,28.411713800628604
35.1,GAPB,340.95896368976236,9.304752996345977,0.0991067336529591,28.425019061951105
35.2,GAPB,341.8899345230652,9.314663669711273,0.09816578003306373,28.438371539773698
35.300000000000004,GAPB,342.8218917189365,9.324480247714579,0.057789394295549176,28.444275519545045
35.4,GAPB,343.75462869067945,9.330259187144135,0.05835923930344161,28.450349816757466
35.5,GAPB,344.68794640559037,9.33609511107448,0.06245096802471624,28.45746265533029
35.6,GAPB,345.6218681715379,9.342340207876951,0.08929643220066762,28.46997986972633
35.7,GAPB,346.55654867448663,9.351269851097019,0.07800410054985657,28.480710482890345
35.800000000000004,GAPB,347.49206568009913,9.359070261152004,0.05809193981473468,28.48779765428924
35.9,GAPB,348.42826316591345,9.364879455133478,0.048938769884533245,28.49324016002413
36.0,GAPB,349.36499580527624,9.36977333212193,0.027731213189410235,28.494768790943226
36.1,GAPB,350.3021117945544,9.37254645344087,0.004297122244756375,28.493248704465202
36.2,GAPB,351.2393879255097,9.372976165665346,-0.01678906859204022,28.489467561249114
36.300000000000004,GAPB,352.17660159673324,9.371297258806141,-0.06929023348300706,28.480124964418167
36.4,GAPB,353.11338487144644,9.36436823545784,-0.0394700094676165,28.47357517097612
36.5,GAPB,354.04962434494485,9.36042123451108,-0.12118361090734867,28.458646520991863
36.6,GAPB,354.9850605503414,9.348302873420344,-0.10532342494092051,28.444813794151003
36.7,GAPB,355.91936422055875,9.337770530926253,-0.07099275995266333,28.434516979248144
36.800000000000004,GAPB,356.85278630985164,9.330671254930987,-0.08028669683263051,28.423355007756072
36.9,GAPB,357.78545200186056,9.322642585247724,-0.0640647779596521,28.4137549190566
37.0,GAPB,358.7173959364955,9.31623610745176,-0.27715046580270053,28.382089480495836
37.1,GAPB,359.6476337949117,9.288521060871489,-0.19643407692241366,28.357285027391413
37.2,GAPB,360.5755037306143,9.268877653179247,-0.21358473817269466,28.330839603385357
37.300000000000004,GAPB,361.50132357224135,9.247519179361978,-0.23768806596306147,28.301520686112895
37.4,GAPB,362.4248870498477,9.223750372765672,-0.19372361195488963,28.276301740783936
37.5,GAPB,363.3462934690645,9.204378011570183,-0.2846246726578221,28.241645409675073
37.6,GAPB,364.2653081468582,9.1759155443044,-0.23050629531956435,28.21172542077221
37.7,GAPB,365.18174716981207,9.152864914772444,-0.21624671627650327,28.183245836872118
37.800000000000004,GAPB,366.0959524277079,9.131240243144793,-0.2779517489031387,28.148168632992395
37.9,GAPB,367.0076866932779,9.10344506825448,-0.22456394886047948,28.1179335249588
38.0,GAPB,367.916908380359,9.080988673368433,-0.27413123254622745,28.08254413756447
38.1,GAPB,368.8236365915331,9.053575550113809,-0.15804165136102932,28.058606760016062
38.2,GAPB,369.72820393828766,9.037771384977706,-0.2720577079639429,28.02322854586083
38.300000000000004,GAPB,370.6306207882456,9.010565614181312,-0.23425150873646905,27.99085177443129
38.400000000000006,GAPB,371.5305060921201,8.987140463307664,-0.2310297236291091,27.95871534549775
38.5,GAPB,372.42806498983276,8.964037490944753,-0.19088198970145753,27.930500637193063
38.6,GAPB,373.3235143289787,8.944949291974607,-0.2707847993450375,27.893970761940466
38.7,GAPB,374.21665533417945,8.917870812040103,-0.18616630933714756,27.86551879564655
38.800000000000004,GAPB,375.1075115838368,8.89925418110639,-0.1984439670087703,27.836018544698447
38.900000000000006,GAPB,375.9964447821124,8.879409784405512,-0.23214000057659315,27.802739657946574
39.0,GAPB,376.8832250605501,8.856195784347852,-0.2124718252048492,27.77108814274328
39.1,GAPB,377.76778227985886,8.834948601827367,-0.2492637008912275,27.73548362890051
39.2,GAPB,378.65003082153714,8.810022231738245,-0.24773034278011527,27.699584440822605
39.300000000000004,GAPB,379.5297943929971,8.785249197460233,-0.18525660549333883,27.669950860640142
39.400000000000006,GAPB,380.40739302971565,8.766723536910899,-0.10777687389964229,27.648592807010516
39.5,GAPB,381.28352649903724,8.755945849520934,-0.1774537008697524,27.620267455547435
39.6,GAPB,382.15823381548495,8.738200479433958,-0.16300025811131424,27.592961796798193
39.7,GAPB,383.0312388621378,8.721900453622826,-0.08691847768892492,27.57360020612532
39.800000000000004,GAPB,383.90299431511164,8.713208605853934,-0.10696044577524501,27.552500077521017
39.900000000000006,GAPB,384.7737803734682,8.702512561276409,-0.12893956184565966,27.52895268648348
40.0,GAPB,385.6433869317866,8.689618605091843,-0.005113393490969474,27.518286704369586
40.1,GAPB,386.5123232253283,8.689107265742745,-0.07669396267663935,27.50078548419816
40.2,GAPB,387.3808504820892,8.681437869475081,-0.0198087521826626,27.48897040515243
40.300000000000004,GAPB,388.24889522527576,8.679456994256816,0.05786597688646006,27.485838912538554
40.400000000000006,GAPB,389.11713025458585,8.685243591945461,-0.05281956717147296,27.47164718000556
40.5,GAPB,389.9853905159446,8.679961635228315,0.009285309410448181,27.463577699998666
40.6,GAPB,390.85343310601445,8.680890166169359,0.0030382764331242026,27.455353677561163
40.7,GAPB,391.7215373140135,8.681193993812672,0.039277330115543206,27.451120253856402
40.800000000000004,GAPB,392.5898531000454,8.685121726824226,0.04151225936207076,27.447533848559146
40.900000000000006,GAPB,393.4585728340246,8.689272952760433,0.07675859923283929,27.448073327450686
41.0,GAPB,394.3278839222968,8.696948812683717,0.052980709158344935,27.446386354168112
41.1,GAPB,395.1978437071109,8.702246883599551,0.08447959734752097,27.449362405670854
41.2,GAPB,396.06849079345756,8.710694843334304,0.10404104381322028,27.456691929275678
41.300000000000004,GAPB,396.94008048301004,8.721098947715626,0.07829750021915502,27.45963664275513
41.400000000000006,GAPB,397.81258186528265,8.728928697737542,0.09477389977842102,27.466031902654947
41.5,GAPB,398.6859486045553,8.738406087715385,0.11474907902566345,27.476744318421424
41.6,GAPB,399.56036295872195,8.749880995617952,0.10112076113841961,27.48535185927807
41.7,GAPB,400.43585666208946,8.759993071731794,0.15991333194900204,27.505524236784083
41.800000000000004,GAPB,401.3126555359224,8.775984404926694,0.1632799819590406,27.52701162098947
41.900000000000006,GAPB,402.19107037632483,8.792312403122597,0.1418452542327363,27.544782361962405
42.0,GAPB,403.07101084290827,8.80649692854587,0.1582696310597535,27.565941536610353
42.1,GAPB,403.9524518839182,8.822323891651846,0.18423834568554648,27.592493440850433
42.2,GAPB,404.8356054648118,8.840747726220402,0.18360058551793026,27.619387563296698
42.300000000000004,GAPB,405.7205982403614,8.859107784772194,0.17294858755620726,27.64456519306964
42.400000000000006,GAPB,406.60737376177644,8.876402643527815,0.1757826513414815,27.670544942182175
42.5,GAPB,407.49589293938595,8.893980908661963,0.19654376677884233,27.70081366996243
42.6,GAPB,408.38627374908606,8.913635285339847,0.16361980914617807,27.725183539685077
42.7,GAPB,409.27845537666576,8.929997266254464,0.15761395667849454,27.748522058255617
42.800000000000004,GAPB,410.17224317307455,8.945758661922314,0.18721558354129397,27.77776499839098
42.900000000000006,GAPB,411.06775511718445,8.964480220276444,0.24138828980455612,27.817786025163116
43.0,GAPB,411.9654100806611,8.9886190492569,0.22226596565597184,27.85468427407858
43.1,GAPB,412.8653833154151,9.010845645822497,0.2357129293779048,27.894313729916405
43.2,GAPB,413.76764644464424,9.034416938760288,0.17463937751551847,27.92257170534907
43.300000000000004,GAPB,414.67196133540784,9.05188087651184,0.186032177687014,27.952931643509316
43.400000000000006,GAPB,415.5780795839475,9.070484094280541,0.20551097050929848,27.987296649756388
43.5,GAPB,416.4861555482281,9.091035191331471,0.189572993381783,28.01892483907625
43.6,GAPB,417.3962069323282,9.109992490669649,0.20092766429027395,28.052850110723227
43.7,GAPB,418.3082108197166,9.130085257098676,0.1413867288221056,28.075634021256576
43.800000000000004,GAPB,419.22192627907054,9.144223929980887,0.19993791477515768,28.109500565897008
43.900000000000006,GAPB,420.13734836164247,9.164217721458403,0.14307236713847388,28.132955590837412
44.0,GAPB,421.054485495624,9.17852495817225,0.22363447236690182,28.171703490494338
44.1,GAPB,421.97345616380306,9.200888405408941,0.2100642361382538,28.208427750535122
44.2,GAPB,422.8945953255246,9.221894829022766,0.1643456166395493,28.236491087375327
44.300000000000004,GAPB,423.81760653651014,9.23832939068672,0.1818071738024216,28.267805676204603
44.400000000000006,GAPB,424.74234851144786,9.256510108066962,0.20702146417519882,28.304169788459035
44.5,GAPB,425.66903462957544,9.277212254484482,0.17013505372369614,28.333732921433807
44.6,GAPB,426.5976065302925,9.294225759856852,0.14301401335432348,28.358033588694525
44.7,GAPB,427.527744176345,9.308527161192284,0.14314132132706706,28.382320626096373
44.800000000000004,GAPB,428.4593125990708,9.322841293324991,0.1430773621709835,28.40668621802058
44.900000000000006,GAPB,429.39231211521417,9.33714902954209,0.13138062116331933,28.42889448649737
45.0,GAPB,430.3266839212742,9.350287091658421,0.09862579270300581,28.444843076284712
45.1,GAPB,431.26220575940357,9.360149670928722,0.11102330591789242,28.463054035475295
45.2,GAPB,432.19877584302606,9.371252001520512,0.10527110467958423,28.480275708317436
45.300000000000004,GAPB,433.13642739870147,9.38177911198847,0.09804994077800036,28.49612753826318
45.400000000000006,GAPB,434.0750955596042,9.39158410606627,0.09544153696354722,28.511476838156568
45.5,GAPB,435.01473117789567,9.401128259762626,0.0592590653950191,28.519910016330982
45.6,GAPB,435.9551402991989,9.407054166302128,0.1042083523179193,28.53677810769625
45.7,GAPB,436.8963667575907,9.41747500153392,0.07288147101805818,28.547891177416886
45.800000000000004,GAPB,437.8384786650992,9.424763148635725,0.09607830928614074,28.563293516086674
45.900000000000006,GAPB,438.78143537150925,9.434370979564338,0.08266029705837805,28.576249930663607
46.0,GAPB,439.725285770951,9.442637009270177,0.034389129868879834,28.579892449730494
46.1,GAPB,440.6697214175274,9.446075922257066,0.07271079299607727,28.590609695803607
46.2,GAPB,441.61469256371805,9.453347001556674,0.0580584611322945,28.598700587564508
46.300000000000004,GAPB,442.56031755617937,9.459152847669904,0.03302966466013621,28.601904249817153
46.400000000000006,GAPB,443.50639798926966,9.462455814135918,0.08983118793519315,28.615830468331637
46.5,GAPB,444.4530927266229,9.471438932929438,0.045100260032108944,28.62150852197493
46.6,GAPB,445.40046212121604,9.475948958932648,0.05298899666336142,28.628728026825115
46.7,GAPB,446.3483219620926,9.481247858598984,0.12012078538735073,28.64909947650193
46.800000000000004,GAPB,447.2970473518794,9.493259937137719,0.048757825492557486,28.656414874911206
46.900000000000006,GAPB,448.2466171347207,9.498135719686974,0.07436509163259976,28.66852287426383
47.0,GAPB,449.19680253214756,9.505572228850234,0.07291597730718573,28.680732911510233
47.1,GAPB,450.14772433491913,9.512863826580952,0.10069583132439221,28.698504360436743
47.2,GAPB,451.0995141967339,9.522933409713392,0.09319364194592794,28.715233670075975
47.300000000000004,GAPB,452.0522735059149,9.532252773907985,0.0539222145846389,28.72465114764998
47.400000000000006,GAPB,453.0057683943786,9.537644995366449,0.11352657568576767,28.745516478490345
47.5,GAPB,453.96010052679367,9.548997652935025,0.09557703685161784,28.76349207963898
47.6,GAPB,454.9154781772714,9.558555356620188,0.13083565196152325,28.788370815565884
47.7,GAPB,455.8719878911932,9.57163892181634,0.09956564261500644,28.807686985354678
47.800000000000004,GAPB,456.82964961158797,9.581595486077841,0.07138958642829142,28.82167938352285
47.900000000000006,GAPB,457.7881661081279,9.58873444472067,0.1126204720203808,28.843641339074168
48.0,GAPB,458.7476026549601,9.599996491922708,0.09082737628498029,28.861862643769143
48.1,GAPB,459.7080564410338,9.609079229551206,0.12488016339704452,28.886711241124942
48.2,GAPB,460.66958876480595,9.62156724589091,0.1047999843374177,28.908108669846683
48.300000000000004,GAPB,461.63226948931674,9.632047244324651,0.15570203571625854,28.93936906639351
48.400000000000006,GAPB,462.59625272392776,9.647617447896277,0.13275958472597071,28.966723065412623
48.5,GAPB,463.561678266641,9.660893406368874,0.18272207696036855,29.00375370096731
48.6,GAPB,464.5286812176627,9.67916561406491,0.2048960547961573,29.045528710964447
48.7,GAPB,465.4976222593432,9.699655219544526,0.19927977984323478,29.086593465936062
48.800000000000004,GAPB,466.46858418019684,9.71958319752885,0.22131817176470805,29.132101716132183
48.900000000000006,GAPB,467.44164909080854,9.74171501470532,0.2184677203113976,29.177432313190593
49.0,GAPB,468.41691293088064,9.76356178673646,0.20828963690988778,29.221048827390007
49.1,GAPB,469.39431055773883,9.784390750427448,0.19665211438728078,29.262621132349352
49.2,GAPB,470.3737328933535,9.804055961866176,0.2548396980860421,29.31551597561287
49.300000000000004,GAPB,471.3554126880306,9.82953993167478,0.26417499042526793,29.370758608782296
49.400000000000006,GAPB,472.3396875561502,9.855957430717307,0.29131185782548663,29.431522616358563
49.5,GAPB,473.326739858511,9.885088616499855,0.25380580786371437,29.485517610298643
49.6,GAPB,474.3165177492003,9.910469197286227,0.3014570796049771,29.548715469720378
49.7,GAPB,475.3090719543269,9.940614905246726,0.3100270988965137,29.61408555899493
49.800000000000004,GAPB,476.3046835803461,9.971617615136378,0.3185345295456709,29.681424172854236
49.900000000000006,GAPB,477.30343801450744,10.003471068090944,0.3289462370598912,29.751100219207103
50.0,GAPB,478.30542985250185,10.036365691796933,0.31085988266295633,29.817659639546605
50.1,GAPB,479.3106207210949,10.067451680063229,0.32577478747383004,29.88726806338832
50.2,GAPB,480.3189947630386,10.100029158810612,0.32567816749422523,29.95721944635102
50.300000000000004,GAPB,481.3306260697571,10.132596975560034,0.3455980081266312,30.031274866686374
50.400000000000006,GAPB,482.34561375735376,10.167156776372698,0.3150918808087748,30.09986936552758
50.5,GAPB,483.36390489439503,10.198665964453575,0.3480376532372771,30.17488997323477
50.6,GAPB,484.38551167910657,10.233469729777303,0.3819350881334457,30.256871548105323
50.7,GAPB,485.410768327525,10.271663238590648,0.33020930547300575,30.32940967958001
50.800000000000004,GAPB,486.4395856979114,10.304684169137948,0.3350944200690327,30.402873271381736
50.900000000000006,GAPB,487.47172958692556,10.33819361114485,0.3408698954366995,30.47771421732307
51.0,GAPB,488.5072532975172,10.372280600688521,0.37891128238290017,30.560136055085536
51.1,GAPB,489.54637591399796,10.41017172892681,0.3979249944833019,30.646690271194075
51.2,GAPB,490.58938271186304,10.44996422837514,0.3566166443796998,30.72570783148302
51.300000000000004,GAPB,491.63616221792245,10.485625892813111,0.3297232289583375,30.799586103629053
51.400000000000006,GAPB,492.6863734233485,10.518598215708945,0.3151912577628103,30.870721798180853
51.5,GAPB,493.73980920120823,10.550117341485226,0.3015667826340366,30.939317764200837
51.6,GAPB,494.79632876926996,10.58027401974863,0.3396724751217123,31.015292871640895
51.7,GAPB,495.85605453362047,10.614241267260802,0.3208839702408868,31.088016615027243
51.800000000000004,GAPB,496.91908308019777,10.64632966428489,0.33401060170286273,31.1633012197085
51.900000000000006,GAPB,497.98538609963475,10.679730724455176,0.28262638314758853,31.228909812145275
52.0,GAPB,499.054772303996,10.707993362769935,0.285846972791144,31.294925888759337
52.1,GAPB,500.12700087513696,10.73657806004905,0.2518708888569129,31.354462174897606
52.2,GAPB,501.2019180355862,10.76176514893474,0.29881625141097523,31.42283291121106
52.300000000000004,GAPB,502.2795886317367,10.791646774075838,0.25351293927060037,31.482766301095126
52.400000000000006,GAPB,503.36002087384065,10.816998068002897,0.2527012567883051,31.542273146264165
52.5,GAPB,504.4429841869249,10.842268193681727,0.25069530103098947,31.601336510705835
52.6,GAPB,505.5284644827982,10.867337723784827,0.2336087316742204,31.65703672316249
52.7,GAPB,506.61636629883503,10.890698596952248,0.2067955210619464,31.70738809650925
52.800000000000004,GAPB,507.7064701361355,10.911378149058443,0.16533376026307772,31.749467174137635
52.900000000000006,GAPB,508.7984346198427,10.92791152508475,0.15538362314192675,31.78918594371254
53.0,GAPB,509.8920026904669,10.943449887398943,0.15486118408058747,31.828495580071092
53.1,GAPB,510.9871219851272,10.958936005807002,0.16184217650135507,31.86888474742733
53.2,GAPB,512.0838247965904,10.975120223457138,0.13382734477776,31.903664495803582
53.300000000000004,GAPB,513.1820059556601,10.988502957934914,0.10237132658571185,31.931944865986907
53.400000000000006,GAPB,514.2813681080864,10.998740090593484,0.10181138051786165,31.959600825191842
53.5,GAPB,515.3817511740484,11.00892122864527,0.07141271390016078,31.981043067228597
53.6,GAPB,516.4830003604824,11.016062500035286,0.053170364944004345,31.998411475576404
53.7,GAPB,517.5848724623106,11.021379536529686,0.036735073365431026,32.01208753318133
53.800000000000004,GAPB,518.6871940913303,11.02505304386623,0.038917730623354976,32.02564327564619
53.900000000000006,GAPB,519.78989398437,11.028944816928565,0.019451159985964937,32.035015489596276
54.0,GAPB,520.8928857218627,11.030889932927161,-0.020045836121543443,32.03621333011017
54.1,GAPB,521.9958744859749,11.028885349315008,-0.024870733306696226,32.03591584437015
54.2,GAPB,523.0986386672399,11.026398275984338,-0.049114827840767164,32.03306716678355
54.300000000000004,GAPB,524.2010329206992,11.02148679320026,-0.05274447422847291,32.02979445743506
54.400000000000006,GAPB,525.302917877648,11.016212345777413,-0.05466298336078634,32.026373523632174
54.5,GAPB,526.4042657973089,11.010746047441335,-0.10990305725022315,32.01716755511018
54.6,GAPB,527.5047908867667,10.999755741716314,-0.14483642498887775,32.003951101499865
54.7,GAPB,528.6040422788134,10.985272099217426,-0.18134789741640905,31.986592098479036
54.800000000000004,GAPB,529.701662749248,10.967137309475785,-0.17336038816118776,31.969687004206776
54.900000000000006,GAPB,530.7975096782549,10.949801270659666,-0.22337505354493392,31.94737810573804
55.0,GAPB,531.8913729300531,10.927463765305173,-0.17927345402359568,31.92915918464928
55.1,GAPB,532.9832229393135,10.909536419902814,-0.2788351884451925,31.900507441656487
55.2,GAPB,534.0727824053615,10.881652901058295,-0.20770812258346208,31.878402496599733
55.300000000000004,GAPB,535.1599091548544,10.860882088799949,-0.21285596443907556,31.855846775458872
55.400000000000006,GAPB,536.2449330839122,10.83959649235604,-0.1946131485833854,31.834909186363234
55.5,GAPB,537.3279196674049,10.820135177497702,-0.2634655964930458,31.80657976058069
55.6,GAPB,538.4086158571721,10.793788617848397,-0.28735868542430676,31.775007889347307
55.7,GAPB,539.4865579255297,10.765052749305967,-0.3086937787020655,31.740635974798693
55.800000000000004,GAPB,540.5615197315668,10.73418337143576,-0.3499318560012457,31.70135045303391
55.900000000000006,GAPB,541.6331884094304,10.699190185835636,-0.1905860004722698,31.678032640465176
56.0,GAPB,542.7021544980117,10.68013158578841,-0.2224303062502338,31.6519101288402
56.1,GAPB,543.7690555050593,10.657888555163385,-0.2293136964127602,31.62459340218902
56.2,GAPB,544.8336977920935,10.63495718552211,-0.2568227508280556,31.594014498041247
56.300000000000004,GAPB,545.8959093968915,10.609274910439304,-0.2755760224467448,31.560934445096905
56.400000000000006,GAPB,546.9554590078232,10.581717308194628,-0.2535530767210519,31.529652447040917
56.5,GAPB,548.012362973259,10.556362000522522,-0.18738158182081321,31.50509644089084
56.6,GAPB,549.0670622654021,10.537623842340441,-0.19603416930244794,31.479706121228674
56.7,GAPB,550.1198444787896,10.518020425410196,-0.21468199927218912,31.452026199890724
56.800000000000004,GAPB,551.1705731113342,10.496552225482978,-0.21061205352772472,31.424370819218552
56.900000000000006,GAPB,552.2191752736148,10.475491020130205,-0.2233035341728408,31.395082606491314
57.0,GAPB,553.265607857957,10.45316066671292,-0.26577891213066573,31.360899045972474
57.1,GAPB,554.3095950300676,10.426582775499853,-0.21168339122790097,31.331800083557255
57.2,GAPB,555.3511948906615,10.405414436377063,-0.1340947756885112,31.310906633062586
57.300000000000004,GAPB,556.3910658604208,10.392004958808212,-0.19861408569376643,31.283369669056356
57.400000000000006,GAPB,557.4292732858731,10.372143550238835,-0.207527972836596,31.254262744865287
57.5,GAPB,558.4654500010329,10.351390752955176,-0.14196396800351505,31.23176731223134
57.6,GAPB,559.4998792564884,10.337194356154825,-0.1573403365786301,31.207768061684305
57.7,GAPB,560.532811990421,10.321460322496963,-0.12172069518547733,31.187265356233866
57.800000000000004,GAPB,561.5643494191947,10.309288252978416,-0.14926436477054858,31.163839725166895
57.900000000000006,GAPB,562.5945319226687,10.294361816501361,-0.1709429805910458,31.137745358240068
58.0,GAPB,563.6231133894158,10.277267518442256,-0.05718268493888841,31.123439860677763
58.1,GAPB,564.6505542278353,10.271549249948368,-0.04958277901859222,31.110472506945143
58.2,GAPB,565.677461238935,10.266590972046508,0.01782506334365182,31.10476029878305
58.300000000000004,GAPB,566.7042094614563,10.268373478380873,-0.07564945699329881,31.089419340082486
58.400000000000006,GAPB,567.7306685620094,10.260808532681542,-0.12258944165235384,31.0684862283739
58.5,GAPB,568.7561364680693,10.248549588516306,-0.016268743108332873,31.05851726880894
58.6,GAPB,569.7809100832053,10.246922714205473,-0.06508750283201968,31.043839556058174
58.7,GAPB,570.8052769171118,10.240413963922272,-0.030680038187883344,31.032514033712914
58.800000000000004,GAPB,571.8291649133131,10.237345960103484,-0.029195741370104982,31.02148473715397
58.900000000000006,GAPB,572.8527535306166,10.234426385966474,0.0007893783317841768,31.013649904243607
59.0,GAPB,573.8762001161049,10.234505323799652,-0.0709054380123059,30.998282515295045
59.1,GAPB,574.8992961212947,10.227414779998421,-0.050246155430870285,30.98464439361942
59.2,GAPB,575.9217863685174,10.222390164455334,0.010260828787800172,30.977520791007237
59.300000000000004,GAPB,576.9440766891069,10.223416247334114,-0.07998499313652765,30.961037712907455
59.400000000000006,GAPB,577.9660183888745,10.215417748020462,-0.014664246897840884,30.95095288327309
59.5,GAPB,578.9874868424421,10.213951323330678,-0.04883582275052441,30.937497777167778
59.6,GAPB,580.0086377956613,10.209067741055625,0.04258253999743067,30.9335992348
59.7,GAPB,581.029757482467,10.213325995055367,-0.04908523861075445,30.920378875150732
59.800000000000004,GAPB,582.0508446557794,10.208417471194291,-0.010450536116037135,30.910739557605098
59.900000000000006,GAPB,583.0716341502183,10.207372417582688,-0.07915348159549478,30.893905125791207
60.0,GAPB,584.0919756245686,10.199457069423138,-0.13349340050603098,30.870774581426417
60.1,GAPB,585.1112538645083,10.186107729372536,-0.08574006622281949,30.852202173168735
60.2,GAPB,586.1294359371144,10.177533722750253,-0.10119810600985123,30.83205245083559
60.300000000000004,GAPB,587.1466833188593,10.167413912149268,-0.1359197141370317,30.807935028846487
60.400000000000006,GAPB,588.1627451115036,10.153821940735565,-0.10436375495263063,30.78674989772344
60.5,GAPB,589.1776054868023,10.143385565240301,-0.08886923238265418,30.76718364009571
60.6,GAPB,590.1914996971645,10.134498642002036,-0.15148957706531443,30.740870298198274
60.7,GAPB,591.2041921134794,10.119349684295505,-0.11748971362555229,30.71758973511419
60.800000000000004,GAPB,592.2155396333408,10.10760071293295,-0.10719650993706992,30.69537373437197
60.900000000000006,GAPB,593.2257637220844,10.096881061939243,-0.13583171421967866,30.66998415706564
61.0,GAPB,594.2347726697072,10.083297890517274,-0.10557109509015218,30.647446673781587
61.1,GAPB,595.2425746032835,10.072740781008259,-0.22129206195122858,30.612619753493618
61.2,GAPB,596.2487422210746,10.050611574813136,-0.18640976267434456,30.58053716027632
61.300000000000004,GAPB,597.2528713297426,10.031970598545701,-0.2374330977310656,30.54293855797482
61.400000000000006,GAPB,598.2548812241084,10.008227288772595,-0.2308947575028327,30.505397195170872
61.5,GAPB,599.2545494791981,9.985137813022313,-0.13740950327552692,30.47744071525119
61.6,GAPB,600.2523762129839,9.97139686269476,-0.22690367957787105,30.44028719096002
61.7,GAPB,601.2483813808556,9.948706494736973,-0.2555497917829469,30.399414391086793
61.800000000000004,GAPB,602.2419742813703,9.923151515558677,-0.29936932376739833,30.353607317160368
61.900000000000006,GAPB,603.2327925863074,9.893214583181937,-0.22857848472269598,30.314795437001635
62.0,GAPB,604.220971152202,9.870356734709667,-0.2562383015936728,30.273291730113442
62.1,GAPB,605.206725634165,9.8447329045503,-0.2919624682604073,30.227708822244722
62.2,GAPB,606.1897391122787,9.815536657724259,-0.32065870651737344,30.178688789139073
62.300000000000004,GAPB,607.1696894845186,9.783470787072522,-0.3789918892815051,30.123110653549702
62.400000000000006,GAPB,608.1461416037794,9.745571598144371,-0.29970641884843474,30.07518485067817
62.5,GAPB,609.1192002314996,9.715600956259529,-0.31200187635714005,30.026115863361156
62.6,GAPB,610.0892003177437,9.684400768623815,-0.2966609458381682,29.978339606232453
62.7,GAPB,611.0561570898769,9.654734674039998,-0.39463851252637583,29.92009595589991
62.800000000000004,GAPB,612.0196573647182,9.61527082278736,-0.28482833694035814,29.872517314278525
62.900000000000006,GAPB,612.9797603053123,9.586787989093326,-0.4331102979560649,29.8096770671807
63.0,GAPB,613.9362735527319,9.543476959297719,-0.36474581861260874,29.752799547852078
63.1,GAPB,614.8887975195686,9.507002377436457,-0.37499740420555433,29.694841116155658
63.2,GAPB,615.8376227702912,9.469502637015902,-0.3556398205243865,29.638512984602357
63.300000000000004,GAPB,616.7827948348902,9.433938654963463,-0.37311818452835444,29.580120640684186
63.400000000000006,GAPB,617.7243231094639,9.396626836510627,-0.3113480290663926,29.52781892330404
63.5,GAPB,618.6624290529695,9.365492033603989,-0.3231334181913832,29.47434704584657
63.6,GAPB,619.597362589239,9.33317869178485,-0.3984354446503173,29.412616899559566
63.7,GAPB,620.5286882811943,9.293335147319818,-0.3393395187390554,29.356367796886616
63.800000000000004,GAPB,621.4563250983325,9.259401195445912,-0.3962326589293288,29.2941350168893
63.900000000000006,GAPB,622.3802840545825,9.21977792955298,-0.2972821066395333,29.24172094766186
64.0,GAPB,623.3007754370046,9.190049718889027,-0.38207416741143285,29.18063423210674
64.10000000000001,GAPB,624.2178700380564,9.151842302147884,-0.2837910498643503,29.12920682829906
64.2,GAPB,625.1316353130219,9.123463197161449,-0.3284227729464762,29.073372423979436
64.3,GAPB,626.0423395188733,9.0906209198668,-0.2910642940182038,29.021049700425237
64.4,GAPB,626.9499462893899,9.061514490464981,-0.33918622033414586,28.96363785712117
64.5,GAPB,627.8544018073347,9.027595868431566,-0.2729460141401095,28.91278117409138
64.60000000000001,GAPB,628.7557966641072,9.000301267017555,-0.3170636185187604,28.857432835385794
64.7,GAPB,629.6542414727163,8.968594905165679,-0.2559240108342613,28.808172411655164
64.8,GAPB,630.5498213431787,8.943002504082253,-0.2797046455165681,28.756585857986465
64.9,GAPB,631.4427230703593,8.915032039530596,-0.24106212464492646,28.708868769699393
65.0,GAPB,632.3330209636891,8.890925827066104,-0.18206205485253882,28.66758997597583
65.10000000000001,GAPB,633.2212032361216,8.872719621580849,-0.19181639914535537,28.625585813493785
65.2,GAPB,634.107516116284,8.853537981666314,-0.23211323381794371,28.579230289740508
65.3,GAPB,634.9917093482816,8.83032665828452,-0.10874620775059995,28.54585425900018
65.4,GAPB,635.8741982830712,8.81945203750946,-0.14972804091131237,28.50882347220943
65.5,GAPB,636.7553948466177,8.804479233418329,-0.10372280274078063,28.476605884793912
65.60000000000001,GAPB,637.6353241559459,8.79410695314425,-0.06788345809079928,28.448619349633873
65.7,GAPB,638.5143954339699,8.787318607335171,-0.08462518484751384,28.419194731603397
65.8,GAPB,639.3927041687791,8.77885608885042,-0.0923551147253478,28.389013407525795
65.9,GAPB,640.2701280020906,8.769620577377886,-0.034298606560623515,28.36519775186798
66.0,GAPB,641.1469185667956,8.766190716721823,0.037264674836922834,28.34964214559932
66.10000000000001,GAPB,642.023723961842,8.769917184205516,0.04203890243295226,28.335281877968328
66.2,GAPB,642.9009258747748,8.77412107444881,-0.06984666121792867,28.30918641431822
66.3,GAPB,643.7779887489136,8.767136408327017,0.046733879827388275,28.295272125612883
66.4,GAPB,644.6549360591454,8.771809796309757,0.033052263464131384,28.28077676049918
66.5,GAPB,645.5322823000937,8.77511502265617,0.13301577426638117,28.277347196580536
66.60000000000001,GAPB,646.4104588812306,8.788416600082808,0.011404808184437593,28.261667469632016
66.7,GAPB,647.2893575652798,8.789557080901252,0.07396963540099398,28.252386073652247
66.8,GAPB,648.1686831215469,8.796954044441351,0.08772882763211585,28.245234803948733
66.9,GAPB,649.0488171701293,8.805726927204564,0.15819214374576518,28.246483975833144
67.0,GAPB,649.9301808235684,8.821546141579141,0.17803045072728224,28.252631891745295
67.10000000000001,GAPB,650.81322558998,8.83934918665187,0.1497777818428683,28.254189431639702
67.2,GAPB,651.6979093975544,8.854326964836156,0.09947010576593922,28.250270533029152
67.3,GAPB,652.5838394445668,8.86427397541275,0.18101847725093173,28.258697335263378
67.4,GAPB,653.4711719344944,8.882375823137844,0.1343092472147611,28.259403759203792
67.5,GAPB,654.3600810630442,8.89580674785932,0.18418826227782056,28.269922394225432
67.60000000000001,GAPB,655.2505826791415,8.914225574087101,0.17556333434995705,28.279673681646727
67.7,GAPB,656.142883053222,8.931781907522097,0.17765128361845345,28.290399180049235
67.8,GAPB,657.0369495003923,8.949547035883942,0.16909362693684965,28.30009573281552
67.9,GAPB,657.9327496721154,8.966456398577627,0.20223501317281556,28.316684372889085
68.0,GAPB,658.830406487039,8.986679899894908,0.20739445910781595,28.33500271259345
68.10000000000001,GAPB,659.730111449324,9.007419345805689,0.17028013658249297,28.346794594234552
68.2,GAPB,660.6317047845874,9.024447359463938,0.15734872142104636,28.356471249619176
68.3,GAPB,661.5349362641409,9.040182231606043,0.16987698734080012,28.36918375373716
68.4,GAPB,662.4398038722383,9.057169930340123,0.16972273837755056,28.382615285653742
68.5,GAPB,663.3463694789642,9.074142204177878,0.20321307412742456,28.403134160053355
68.60000000000001,GAPB,664.2547997647526,9.094463511590622,0.19770764887063352,28.42342837306876
68.7,GAPB,665.165234654156,9.114234276477685,0.22101607415943825,28.44880826395945
68.8,GAPB,666.0777631621746,9.13633588389363,0.2009682116189035,28.471100368893985
68.9,GAPB,666.9924015916222,9.15643270505552,0.2161184724069718,28.49681267358801
69.0,GAPB,667.9091254544899,9.178044552296218,0.19577224120517212,28.519308144546585
69.10000000000001,GAPB,668.8279087709255,9.197621776416735,0.18725677822042458,28.540655065983287
69.2,GAPB,669.7486072324583,9.216347454238777,0.16841903823558535,28.558916337689197
69.3,GAPB,670.6710840730733,9.233189358062335,0.12431025572950995,28.5691750285755
69.4,GAPB,671.5950245601582,9.245620383635286,0.14588060435048716,28.583861017113236
69.5,GAPB,672.5203160015435,9.260208444070335,0.15796756231281867,28.60147850165913
69.60000000000001,GAPB,673.4471266837621,9.276005200301617,0.17424590311872756,28.622773549718318
69.7,GAPB,674.3755984333079,9.293429790613489,0.1574550539598678,28.641421167407884
69.8,GAPB,675.3057286876391,9.309175296009476,0.1907882895687906,28.666841769393386
69.9,GAPB,676.2376001586879,9.328254124966355,0.16713675362728206,28.6883641205676
70.0,GAPB,677.1712612549527,9.344967800329083,0.16062120763105078,28.708963176464636
70.10000000000001,GAPB,678.1065611410237,9.361029921092188,0.11635135209228983,28.72147094219656
70.2,GAPB,679.0432458898933,9.372665056301416,0.09948212755125568,28.730915711271336
70.3,GAPB,679.9810098061613,9.382613269056542,0.10944444391581103,28.742555168094782
70.4,GAPB,680.9198183552865,9.393557713448123,0.10219727629049669,28.753215672139277
70.5,GAPB,681.8596851130127,9.403777441077173,0.09265585489923726,28.7623539952358
70.60000000000001,GAPB,682.800526136395,9.413043026567097,0.09222371754448319,28.771686203142735
70.7,GAPB,683.7422915576394,9.422265398321546,0.08944509050895111,28.780794317682307
70.8,GAPB,684.6849653229241,9.431209907372441,0.05402775688878676,28.783395942226093
70.9,GAPB,685.6283564524458,9.43661268306132,0.04777850869392301,28.784887342960474
71.0,GAPB,686.5722566132955,9.441390533930711,0.04014973390215031,28.785134026283686
71.10000000000001,GAPB,687.5165964153581,9.445405507320926,0.052254913530971926,28.787894980635542
71.2,GAPB,688.4613982406578,9.450630998674024,0.007382274749439446,28.784959240400326
71.3,GAPB,689.4064982518989,9.451369226148968,0.022321894056598086,28.783439871811765
71.4,GAPB,690.3517467839841,9.453601415554628,-0.0007463859483445717,28.779652522511014
71.5,GAPB,691.2971031936099,9.453526776959794,0.033887181410137156,28.77944255505099
71.60000000000001,GAPB,692.242625307213,9.456915495100809,0.04884077792117764,28.782275332457516
71.7,GAPB,693.1885610606126,9.461799572892927,-0.007974113465444929,28.778098312420752
71.8,GAPB,694.1347011473346,9.461002161546382,-0.0483834204863606,28.76941780176469
71.9,GAPB,695.0805594463867,9.456163819497746,-0.04404495643144714,28.760943857124857
72.0,GAPB,696.0259556035543,9.451759323854601,-0.04404495643144714,28.7547487452224
