model,time_s,vehicle_index,speed_deviation_mps
T-IDM,0.0,0,5.861977570020827e-14
T-IDM,0.1,0,7.638334409421077e-14
T-IDM,0.2,0,1.0125233984581428e-13
T-IDM,0.30000000000000004,0,1.3145040611561853e-13
T-IDM,0.4,0,1.7408297026122455e-13
T-IDM,0.5,0,2.2737367544323206e-13
T-IDM,0.6000000000000001,0,2.9665159217984183e-13
T-IDM,0.7000000000000001,0,3.872457909892546e-13
T-IDM,0.8,0,5.062616992290714e-13
T-IDM,0.9,0,6.590283874174929e-13
T-IDM,1.0,0,8.562039965909207e-13
T-IDM,1.1,0,1.113775738303957e-12
T-IDM,1.2000000000000002,0,1.4441781104324036e-12
T-IDM,1.3,0,1.872280108727864e-12
T-IDM,1.4000000000000001,0,2.424727085781342e-12
T-IDM,1.5,0,3.133493464702042e-12
T-IDM,1.6,0,4.0465408801537706e-12
T-IDM,1.7000000000000002,0,5.218936394157936e-12
T-IDM,1.8,0,6.721734280290548e-12
T-IDM,1.9000000000000001,0,8.64730509420042e-12
T-IDM,2.0,0,1.1111112030448567e-11
T-IDM,2.1,0,1.425703999302641e-11
T-IDM,2.2,0,1.8271606450070976e-11
T-IDM,2.3000000000000003,0,2.3389290504383098e-11
T-IDM,2.4000000000000004,0,2.9901414677624416e-11
T-IDM,2.5,0,3.817746119239018e-11
T-IDM,2.6,0,4.8684611897442664e-11
T-IDM,2.7,0,6.200728819294454e-11
T-IDM,2.8000000000000003,0,7.887557273988932e-11
T-IDM,2.9000000000000004,0,1.0020784202424693e-10
T-IDM,3.0,0,1.2715162256426993e-10
T-IDM,3.1,0,1.6113688161567552e-10
T-IDM,3.2,0,2.0395063415890036e-10
T-IDM,3.3000000000000003,0,2.5781687895687355e-10
T-IDM,3.4000000000000004,0,3.255049563222201e-10
T-IDM,3.5,0,4.1044856402550067e-10
T-IDM,3.6,0,5.169145111949547e-10
T-IDM,3.7,0,6.501821303572797e-10
T-IDM,3.8000000000000003,0,8.167866383246292e-10
T-IDM,3.9000000000000004,0,1.0247998005752379e-09
T-IDM,4.0,0,1.284181649907623e-09
T-IDM,4.1000000000000005,0,1.6072068120820404e-09
T-IDM,4.2,0,2.0089707675197133e-09
T-IDM,4.3,0,2.5080293397650166e-09
T-IDM,4.4,0,3.1271500944285435e-09
T-IDM,4.5,0,3.894234268386754e-09
T-IDM,4.6000000000000005,0,4.843425216449759e-09
T-IDM,4.7,0,6.016449560775072e-09
T-IDM,4.800000000000001,0,7.46423012287778e-09
T-IDM,4.9,0,9.248832810726526e-09
T-IDM,5.0,0,1.1445793646203128e-08
T-IDM,5.1000000000000005,0,1.4146925408908828e-08
T-IDM,5.2,0,1.746366251609288e-08
T-IDM,5.300000000000001,0,2.1531075589109605e-08
T-IDM,5.4,0,2.6512658735100558e-08
T-IDM,5.5,0,3.260603165244902e-08
T-IDM,5.6000000000000005,0,4.0049744853831726e-08
T-IDM,5.7,0,4.9131347878983433e-08
T-IDM,5.800000000000001,0,6.019698517434335e-08
T-IDM,5.9,0,7.366275234232944e-08
T-IDM,6.0,0,9.002813960989897e-08
T-IDM,6.1000000000000005,0,1.0989191423504963e-07
T-IDM,6.2,0,1.3397085574240464e-07
T-IDM,6.300000000000001,0,1.63121820051515e-07
T-IDM,6.4,0,1.98367681392142e-07
T-IDM,6.5,0,2.4092779504769624e-07
T-IDM,6.6000000000000005,0,2.922537074567799e-07
T-IDM,6.7,0,3.5407093967876335e-07
T-IDM,6.800000000000001,0,4.284278247723705e-07
T-IDM,6.9,0,5.177524773358755e-07
T-IDM,7.0,0,6.249191528695519e-07
T-IDM,7.1000000000000005,0,7.533254091640629e-07
T-IDM,7.2,0,9.069817110685108e-07
T-IDM,7.300000000000001,0,1.090615272758555e-06
T-IDM,7.4,0,1.3097902460401656e-06
T-IDM,7.5,0,1.5710465763874026e-06
T-IDM,7.6000000000000005,0,1.8820601592750563e-06
T-IDM,7.7,0,2.2518272704274978e-06
T-IDM,7.800000000000001,0,2.690876579336532e-06
T-IDM,7.9,0,3.2115124888321134e-06
T-IDM,8.0,0,3.828093912972008e-06
T-IDM,8.1,0,4.557353156187105e-06
T-IDM,8.200000000000001,0,5.418759998931932e-06
T-IDM,8.3,0,6.434936716814832e-06
T-IDM,8.4,0,7.63213029841836e-06
T-IDM,8.5,0,9.040748834010515e-06
T-IDM,8.6,0,1.0695969697493979e-05
T-IDM,8.700000000000001,0,1.263842790777403e-05
T-IDM,8.8,0,1.4914993865744464e-05
T-IDM,8.9,0,1.7579650414489834e-05
T-IDM,9.0,0,2.0694480177496644e-05
T-IDM,9.1,0,2.4330774920144904e-05
T-IDM,9.200000000000001,0,2.8570279713591162e-05
T-IDM,9.3,0,3.3506585669584865e-05
T-IDM,9.4,0,3.924668596511083e-05
T-IDM,9.5,0,4.5912710991302674e-05
T-IDM,9.600000000000001,0,5.364385944162109e-05
T-IDM,9.700000000000001,0,6.259854322365754e-05
T-IDM,9.8,0,7.29567650896712e-05
T-IDM,9.9,0,8.492274888993734e-05
T-IDM,10.0,0,9.872784326958595e-05
T-IDM,10.100000000000001,0,0.00011463372055153798
T-IDM,10.200000000000001,0,0.00013293589328533528
T-IDM,10.3,0,0.0001539675716664135
T-IDM,10.4,0,0.00017810388553485268
T-IDM,10.5,0,0.0002057664950410043
T-IDM,10.600000000000001,0,0.00023742861423414752
T-IDM,10.700000000000001,0,0.0002736204717646018
T-IDM,10.8,0,0.0003149352325237942
T-IDM,10.9,0,0.000362035403455252
T-IDM,11.0,0,0.0004156597457214417
T-IDM,11.100000000000001,0,0.00047663071403825086
T-IDM,11.200000000000001,0,0.0005458624422036706
T-IDM,11.3,0,0.000624369291518434
T-IDM,11.4,0,0.0007132749759932722
T-IDM,11.5,0,0.00081382227488902
T-IDM,11.600000000000001,0,0.0009273833391176822
T-IDM,11.700000000000001,0,0.001055470593499308
T-IDM,11.8,0,0.0011997482314569652
T-IDM,11.9,0,0.0013620442928683474
T-IDM,12.0,0,0.0015443633089695652
T-IDM,12.100000000000001,0,0.0017488994906962319
T-IDM,12.200000000000001,0,0.0019780504286792677
T-IDM,12.3,0,0.0022344312639610564
T-IDM,12.4,0,0.00252088927872407
T-IDM,12.5,0,0.0028405188457529817
T-IDM,12.600000000000001,0,0.0031966766640163513
T-IDM,12.700000000000001,0,0.0035929971957315843
T-IDM,12.8,0,0.004033408207673617
T-IDM,12.9,0,0.004522146306204178
T-IDM,13.0,0,0.005063772341863171
T-IDM,13.100000000000001,0,0.005663186545170618
T-IDM,13.200000000000001,0,0.006325643241074985
T-IDM,13.3,0,0.007056764974862517
T-IDM,13.4,0,0.007862555867992782
T-IDM,13.5,0,0.008749414008097034
T-IDM,13.600000000000001,0,0.009724142663449342
T-IDM,13.700000000000001,0,0.010793960099142907
T-IDM,13.8,0,0.011966507759712641
T-IDM,13.9,0,0.013249856571716734
T-IDM,14.0,0,0.014652511109829902
T-IDM,14.100000000000001,0,0.016183411361621935
T-IDM,14.200000000000001,0,0.017851931819787836
T-IDM,14.3,0,0.019667877626197594
T-IDM,14.4,0,0.021641477490337735
T-IDM,14.5,0,0.02378337310553391
T-IDM,14.600000000000001,0,0.026104604790120334
T-IDM,14.700000000000001,0,0.02861659308791431
T-IDM,14.8,0,0.03133111607279204
T-IDM,14.9,0,0.034260282116557406
T-IDM,15.0,0,0.0374164978974445
T-IDM,15.100000000000001,0,0.04081243144885427
T-IDM,15.200000000000001,0,0.04446097007446603
T-IDM,15.3,0,0.048375172986599324
T-IDM,15.4,0,0.052568218559787994
T-IDM,15.5,0,0.05705334613095303
T-IDM,15.600000000000001,0,0.06184379232123405
T-IDM,15.700000000000001,0,0.06695272190220258
T-IDM,15.8,0,0.07239315328089546
T-IDM,15.9,0,0.0781778787333316
T-IDM,16.0,0,0.08431937957473146
T-IDM,16.1,0,0.09082973651611148
T-IDM,16.2,0,0.09772053552073601
T-IDM,16.3,0,0.10500276953957233
T-IDM,16.400000000000002,0,0.11268673657183648
T-IDM,16.5,0,0.12078193456405728
T-IDM,16.6,0,0.12929695372841898
T-IDM,16.7,0,0.13823936692729077
T-IDM,16.8,0,0.14761561883524799
T-IDM,16.900000000000002,0,0.1574309146515116
T-IDM,17.0,0,0.16768910919377333
T-IDM,17.1,0,0.17839259725774959
T-IDM,17.2,0,0.18954220617475848
T-IDM,17.3,0,0.20113709154109394
T-IDM,17.400000000000002,0,0.21317463712716034
T-IDM,17.5,0,0.22565036000024818
T-IDM,17.6,0,0.23855782191183117
T-IDM,17.7,0,0.25188854800737026
T-IDM,17.8,0,0.26563195391340244
T-IDM,17.900000000000002,0,0.27977528224235293
T-IDM,18.0,0,0.2943035495296975
T-IDM,18.1,0,0.3091995045805209
T-IDM,18.2,0,0.32444359915272436
T-IDM,18.3,0,0.3400139718423336
T-IDM,18.400000000000002,0,0.3558864459623887
T-IDM,18.5,0,0.3720345421211615
T-IDM,18.6,0,0.38842950610819393
T-IDM,18.7,0,0.40504035258859794
T-IDM,18.8,0,0.42183392498779426
T-IDM,18.900000000000002,0,0.43877497182134206
T-IDM,19.0,0,0.45582623958883417
T-IDM,19.1,0,0.4729485822080637
T-IDM,19.200000000000003,0,0.4901010868172566
T-IDM,19.3,0,0.5072412156206116
T-IDM,19.400000000000002,0,0.5243249632971221
T-IDM,19.5,0,0.5413070293364335
T-IDM,19.6,0,0.5581410045102508
T-IDM,19.700000000000003,0,0.5747795705349183
T-IDM,19.8,0,0.591174711832533
T-IDM,19.900000000000002,0,0.6072779381559474
T-IDM,20.0,0,0.6230405167089828
T-IDM,20.1,0,0.6384137122692408
T-IDM,20.200000000000003,0,0.6533490337082863
T-IDM,20.3,0,0.6677984852047398
T-IDM,20.400000000000002,0,0.6817148203611474
T-IDM,20.5,0,0.6950517973667782
T-IDM,20.6,0,0.7077644332970401
T-IDM,20.700000000000003,0,0.7198092556068012
T-IDM,20.8,0,0.731144548860371
T-IDM,20.900000000000002,0,0.7417305947458903
T-IDM,21.0,0,0.7515299034465226
T-IDM,21.1,0,0.7605074344854188
T-IDM,21.200000000000003,0,0.7686308052254827
T-IDM,21.3,0,0.7758704852884328
T-IDM,21.400000000000002,0,0.7821999752594486
T-IDM,21.5,0,0.7875959681632807
T-IDM,21.6,0,0.7920384923335799
T-IDM,21.700000000000003,0,0.795511034448344
T-IDM,21.8,0,0.7980006416688727
T-IDM,21.900000000000002,0,0.7994980019960423
T-IDM,22.0,0,0.7999975021438193
T-IDM,22.1,0,0.7994972624240066
T-IDM,22.200000000000003,0,0.7979991483357942
T-IDM,22.3,0,0.7955087587568066
T-IDM,22.400000000000002,0,0.7920353908364994
T-IDM,22.5,0,0.7875919818958064
T-IDM,22.6,0,0.7821950288366288
T-IDM,22.700000000000003,0,0.7758644857585733
T-IDM,22.8,0,0.7686236406666289
T-IDM,22.900000000000002,0,0.7604989723296125
T-IDM,23.0,0,0.7515199885138149
T-IDM,23.1,0,0.7417190469671073
T-IDM,23.200000000000003,0,0.7311311606647966
T-IDM,23.3,0,0.7197937889476638
T-IDM,23.400000000000002,0,0.7077466162846306
T-IDM,23.5,0,0.6950313204755076
T-IDM,23.6,0,0.6816913321733686
T-IDM,23.700000000000003,0,0.6677715876504688
T-IDM,23.8,0,0.6533182767560248
T-IDM,23.900000000000002,0,0.638378588019096
T-IDM,24.0,0,0.6230004528350062
T-IDM,24.1,0,0.6072322906402068
T-IDM,24.200000000000003,0,0.5911227569288027
T-IDM,24.3,0,0.5747204958950594
T-IDM,24.400000000000002,0,0.5580738994014034
T-IDM,24.5,0,0.5412308738719069
T-IDM,24.6,0,0.5242386165986108
T-IDM,24.700000000000003,0,0.5071434028238251
T-IDM,24.8,0,0.4899903848274114
T-IDM,24.900000000000002,0,0.4728234041059718
T-IDM,25.0,0,0.45568481758240154
T-IDM,25.1,0,0.4386153386314131
T-IDM,25.200000000000003,0,0.42165389355127836
T-IDM,25.3,0,0.40483749395583857
T-IDM,25.400000000000002,0,0.38820112540560103
T-IDM,25.5,0,0.37177765244428684
T-IDM,25.6,0,0.3555977400588617
T-IDM,25.700000000000003,0,0.3396897914385839
T-IDM,25.8,0,0.32407990177314794
T-IDM,25.900000000000002,0,0.3087918277027395
T-IDM,26.0,0,0.2938469719151158
T-IDM,26.1,0,0.27926438227708417
T-IDM,26.200000000000003,0,0.265060764791178
T-IDM,26.3,0,0.2512505095832349
T-IDM,26.400000000000002,0,0.23784572905337953
T-IDM,26.5,0,0.22485630726195893
T-IDM,26.6,0,0.21228995957322638
T-IDM,26.700000000000003,0,0.20015230154303332
T-IDM,26.8,0,0.18844692601223834
T-IDM,26.900000000000002,0,0.1771754873545106
T-IDM,27.0,0,0.16633779182551933
T-IDM,27.1,0,0.15593189296916776
T-IDM,27.200000000000003,0,0.1459541910552833
T-IDM,27.3,0,0.13639953555095907
T-IDM,27.400000000000002,0,0.12726132966394132
T-IDM,27.5,0,0.1185316360400428
T-IDM,27.6,0,0.11020128274676466
T-IDM,27.700000000000003,0,0.10225996873112919
T-IDM,27.8,0,0.09469636800012715
T-IDM,27.900000000000002,0,0.08749823183656424
T-IDM,28.0,0,0.08065248843000816
T-IDM,28.1,0,0.07414533937162027
T-IDM,28.200000000000003,0,0.06796235253171723
T-IDM,28.3,0,0.062088550909212614
T-IDM,28.400000000000002,0,0.056508497111952494
T-IDM,28.5,0,0.05120637319554966
T-IDM,28.6,0,0.04616605565510312
T-IDM,28.700000000000003,0,0.041371185428548785
T-IDM,28.8,0,0.036805232831763846
T-IDM,28.900000000000002,0,0.032451557403586406
T-IDM,29.0,0,0.028293462693209648
T-IDM,29.1,0,0.02431424607260979
T-IDM,29.200000000000003,0,0.020497243702632062
T-IDM,29.3,0,0.016825870822849254
T-IDM,29.400000000000002,0,0.0132836575722024
T-IDM,29.5,0,0.009854280579762786
T-IDM,29.6,0,0.006521590592562632
T-IDM,29.700000000000003,0,0.003269636430596634
T-IDM,29.8,0,8.268557760970907e-05
T-IDM,29.900000000000002,0,-0.0030547582694300246
T-IDM,30.0,0,-0.006157940359322822
T-IDM,30.1,0,-0.009241842415232071
T-IDM,30.200000000000003,0,-0.012321172191846586
T-IDM,30.3,0,-0.015410354721556274
T-IDM,30.400000000000002,0,-0.01852352491479259
T-IDM,30.5,0,-0.021674521187643236
T-IDM,30.6,0,-0.024876879800467933
T-IDM,30.700000000000003,0,-0.028143829604664106
T-IDM,30.8,0,-0.03148828691027816
T-IDM,30.900000000000002,0,-0.03492285020484864
T-IDM,31.0,0,-0.03845979447349279
T-IDM,31.1,0,-0.04211106489117533
T-IDM,31.200000000000003,0,-0.045888269680677496
T-IDM,31.3,0,-0.04980267195322696
T-IDM,31.400000000000002,0,-0.05386518037321508
T-IDM,31.5,0,-0.05808633851356326
T-IDM,31.6,0,-0.062476312793846134
T-IDM,31.700000000000003,0,-0.06704487891928146
T-IDM,31.8,0,-0.07180140676460667
T-IDM,31.900000000000002,0,-0.0767548436729939
T-IDM,32.0,0,-0.08191369616582911
T-IDM,32.1,0,-0.08728601008465198
T-IDM,32.2,0,-0.09287934921155383
T-IDM,32.300000000000004,0,-0.09870077243854247
T-IDM,32.4,0,-0.10475680958001732
T-IDM,32.5,0,-0.11105343594509343
T-IDM,32.6,0,-0.11759604580825034
T-IDM,32.7,0,-0.12438942493718486
T-IDM,32.800000000000004,0,-0.1314377223562193
T-IDM,32.9,0,-0.13874442154139466
T-IDM,33.0,0,-0.1463123112600453
T-IDM,33.1,0,-0.15414345628249038
T-IDM,33.2,0,-0.1622391682069324
T-IDM,33.300000000000004,0,-0.1705999766501236
T-IDM,33.4,0,-0.17922560106625518
T-IDM,33.5,0,-0.1881149234643118
T-IDM,33.6,0,-0.19726596230013627
T-IDM,33.7,0,-0.2066758478232078
T-IDM,33.800000000000004,0,-0.2163407991600561
T-IDM,33.9,0,-0.22625610341570201
T-IDM,34.0,0,-0.23641609707209632
T-IDM,34.1,0,-0.24681414995763973
T-IDM,34.2,0,-0.25744265205491956
T-IDM,34.300000000000004,0,-0.26829300340454054
T-IDM,34.4,0,-0.2793556073514214
T-IDM,34.5,0,-0.2906198673662974
T-IDM,34.6,0,-0.3020741876592705
T-IDM,34.7,0,-0.31370597778438203
T-IDM,34.800000000000004,0,-0.3255016614141262
T-IDM,34.9,0,-0.3374466894409913
T-IDM,35.0,0,-0.3495255575393159
T-IDM,35.1,0,-0.3617218282952894
T-IDM,35.2,0,-0.3740181579860202
T-IDM,35.300000000000004,0,-0.38639632806002133
T-IDM,35.4,0,-0.3988372813419492
T-IDM,35.5,0,-0.4113211629537421
T-IDM,35.6,0,-0.42382736591268966
T-IDM,35.7,0,-0.4363345813350268
T-IDM,35.800000000000004,0,-0.448820853140969
T-IDM,35.9,0,-0.4612636371245813
T-IDM,36.0,0,-0.4736398642192974
T-IDM,36.1,0,-0.4859260077576959
T-IDM,36.2,0,-0.4980981544926788
T-IDM,36.300000000000004,0,-0.5101320791163744
T-IDM,36.4,0,-0.5220033219836999
T-IDM,36.5,0,-0.5336872697192518
T-IDM,36.6,0,-0.5451592383597372
T-IDM,36.7,0,-0.5563945586595747
T-IDM,36.800000000000004,0,-0.5673686631647161
T-IDM,36.9,0,-0.5780571746396603
T-IDM,37.0,0,-0.5884359954150007
T-IDM,37.1,0,-0.5984813972079266
T-IDM,37.2,0,-0.6081701109561664
T-IDM,37.300000000000004,0,-0.6174794161968968
T-IDM,37.4,0,-0.626387229516352
T-IDM,37.5,0,-0.6348721915933737
T-IDM,37.6,0,-0.6429137523609327
T-IDM,37.7,0,-0.6504922538138622
T-IDM,37.800000000000004,0,-0.6575890099985777
T-IDM,37.9,0,-0.6641863837315363
T-IDM,38.0,0,-0.6702678596074474
T-IDM,38.1,0,-0.675818112875735
T-IDM,38.2,0,-0.6808230737844596
T-IDM,38.300000000000004,0,-0.6852699870145926
T-IDM,38.400000000000006,0,-0.6891474658540417
T-IDM,38.5,0,-0.6924455407900894
T-IDM,38.6,0,-0.6951557022305632
T-IDM,38.7,0,-0.6972709370980059
T-IDM,38.800000000000004,0,-0.6987857590769604
T-IDM,38.900000000000006,0,-0.6996962323321316
T-IDM,39.0,0,-0.6999999885542056
T-IDM,39.1,0,-0.6996962372302242
T-IDM,39.2,0,-0.6987857690763928
T-IDM,39.300000000000004,0,-0.697270952612632
T-IDM,39.400000000000006,0,-0.695155723899795
T-IDM,39.5,0,-0.692445569501885
T-IDM,39.6,0,-0.6891475027766365
T-IDM,39.7,0,-0.6852700336379094
T-IDM,39.800000000000004,0,-0.6808231319724722
T-IDM,39.900000000000006,0,-0.6758181849312788
T-IDM,40.0,0,-0.6702679483514054
T-IDM,40.1,0,-0.6641864925986507
T-IDM,40.2,0,-0.6575891431526468
T-IDM,40.300000000000004,0,-0.6504924162855001
T-IDM,40.400000000000006,0,-0.6429139502116996
T-IDM,40.5,0,-0.6348724321107202
T-IDM,40.6,0,-0.6263875214445545
T-IDM,40.7,0,-0.6174797700100179
T-IDM,40.800000000000004,0,-0.6081705391800387
T-IDM,40.900000000000006,0,-0.598481914799267
T-IDM,41.0,0,-0.5884366202070019
T-IDM,41.1,0,-0.5780579278648617
T-IDM,41.2,0,-0.5673695700675516
T-IDM,41.300000000000004,0,-0.5563956492128401
T-IDM,41.400000000000006,0,-0.5451605481012987
T-IDM,41.5,0,-0.5336888407276508
T-IDM,41.6,0,-0.5220052040139578
T-IDM,41.7,0,-0.5101343309202537
T-IDM,41.800000000000004,0,-0.49810084535098653
T-IDM,41.900000000000006,0,-0.4859292192559277
T-IDM,42.0,0,-0.47364369230209924
T-IDM,42.1,0,-0.4612681944690902
T-IDM,42.2,0,-0.4488262718942462
T-IDM,42.300000000000004,0,-0.43634101626652466
T-IDM,42.400000000000006,0,-0.42383499803894154
T-IDM,42.5,0,-0.4113302036994426
T-IDM,42.6,0,-0.39884797730922195
T-IDM,42.7,0,-0.38640896648605505
T-IDM,42.800000000000004,0,-0.37403307297844
T-IDM,42.900000000000006,0,-0.36173940794458836
T-IDM,43.0,0,-0.3495462520186372
T-IDM,43.1,0,-0.33747102021525244
T-IDM,43.2,0,-0.3255302316933335
T-IDM,43.300000000000004,0,-0.3137394843696626
T-IDM,43.400000000000006,0,-0.302113434344939
T-IDM,43.5,0,-0.29066578007706134
T-IDM,43.6,0,-0.27940925121068894
T-IDM,43.7,0,-0.268355601947631
T-IDM,43.800000000000004,0,-0.257515608819908
T-IDM,43.900000000000006,0,-0.24689907270645328
T-IDM,44.0,0,-0.2365148249153073
T-IDM,44.1,0,-0.22637073713620914
T-IDM,44.2,0,-0.21647373505330592
T-IDM,44.300000000000004,0,-0.20682981539484935
T-IDM,44.400000000000006,0,-0.1974440661856498
T-IDM,44.5,0,-0.1883206899593386
T-IDM,44.6,0,-0.17946302968047867
T-IDM,44.7,0,-0.17087359712187933
T-IDM,44.800000000000004,0,-0.1625541034394491
T-IDM,44.900000000000006,0,-0.15450549168594208
T-IDM,45.0,0,-0.14672797100576496
T-IDM,45.1,0,-0.1392210522554329
T-IDM,45.2,0,-0.1319835847984212
T-IDM,45.300000000000004,0,-0.1250137942287033
T-IDM,45.400000000000006,0,-0.11830932078424361
T-IDM,45.5,0,-0.111867258219986
T-IDM,45.6,0,-0.10568419291914033
T-IDM,45.7,0,-0.09975624303204889
T-IDM,45.800000000000004,0,-0.0940790974430179
T-IDM,45.900000000000006,0,-0.08864805437753098
T-IDM,46.0,0,-0.08345805947481111
T-IDM,46.1,0,-0.07850374316370612
T-IDM,46.2,0,-0.07377945719330548
T-IDM,46.300000000000004,0,-0.06927931018326738
T-IDM,46.400000000000006,0,-0.06499720207260218
T-IDM,46.5,0,-0.0609268573593571
T-IDM,46.6,0,-0.05706185703728295
T-IDM,46.7,0,-0.053395669149022496
T-IDM,46.800000000000004,0,-0.04992167788843105
T-IDM,46.900000000000006,0,-0.04663321119748076
T-IDM,47.0,0,-0.043523566815482084
T-IDM,47.1,0,-0.04058603675017736
T-IDM,47.2,0,-0.0378139301515521
T-IDM,47.300000000000004,0,-0.03520059457977531
T-IDM,47.400000000000006,0,-0.03273943566877158
T-IDM,47.5,0,-0.030423935196127516
T-IDM,47.6,0,-0.0282476675787251
T-IDM,47.7,0,-0.026204314821301367
T-IDM,47.800000000000004,0,-0.02428767995230885
T-IDM,47.900000000000006,0,-0.022491698987881392
T-IDM,48.0,0,-0.02081045147031091
T-IDM,48.1,0,-0.01923816963249081
T-IDM,48.2,0,-0.017769246243963366
T-IDM,48.300000000000004,0,-0.0163982411978143
T-IDM,48.400000000000006,0,-0.015119886900517798
T-IDM,48.5,0,-0.013929092529163967
T-IDM,48.6,0,-0.012820947222113688
T-IDM,48.7,0,-0.011790722270248466
T-IDM,48.800000000000004,0,-0.010833872376556641
T-IDM,48.900000000000006,0,-0.009946036051838192
T-IDM,49.0,0,-0.009123035213956854
T-IDM,49.1,0,-0.00836087405723518
T-IDM,49.2,0,-0.007655737257422857
T-IDM,49.300000000000004,0,-0.007003987576142734
T-IDM,49.400000000000006,0,-0.00640216292689999
T-IDM,49.5,0,-0.005846972962656238
T-IDM,49.6,0,-0.005335295242687721
T-IDM,49.7,0,-0.004864171033901243
T-IDM,49.800000000000004,0,-0.00443080079923952
T-IDM,49.900000000000006,0,-0.004032539422913928
T-IDM,50.0,0,-0.0036668912194830483
T-IDM,50.1,0,-0.0033315047707880296
T-IDM,50.2,0,-0.0030241676318656374
T-IDM,50.300000000000004,0,-0.002742800943991597
T-IDM,50.400000000000006,0,-0.0024854539900704964
T-IDM,50.5,0,-0.0022502987246895145
T-IDM,50.6,0,-0.002035624308330597
T-IDM,50.7,0,-0.0018398316723970964
T-IDM,50.800000000000004,0,-0.0016614281391085228
T-IDM,50.900000000000006,0,-0.00149902211762587
T-IDM,51.0,0,-0.0013513178953594718
T-IDM,51.1,0,-0.0012171105409848337
T-IDM,51.2,0,-0.0010952809334590086
T-IDM,51.300000000000004,0,-0.0009847909292020063
T-IDM,51.400000000000006,0,-0.0008846786775933424
T-IDM,51.5,0,-0.0007940540930935214
T-IDM,51.6,0,-0.0007120944905310012
T-IDM,51.7,0,-0.0006380403885302144
T-IDM,51.800000000000004,0,-0.0005711914845498711
T-IDM,51.900000000000006,0,-0.0005109028036685004
T-IDM,52.0,0,-0.0004565810220373834
T-IDM,52.1,0,-0.00040768096483212446
T-IDM,52.2,0,-0.0003637022775091481
T-IDM,52.300000000000004,0,-0.00032418626835095665
T-IDM,52.400000000000006,0,-0.0002887129194917293
T-IDM,52.5,0,-0.000256898062957589
T-IDM,52.6,0,-0.00022839071766256325
T-IDM,52.7,0,-0.00020287058286605486
T-IDM,52.800000000000004,0,-0.00018004568316065672
T-IDM,52.900000000000006,0,-0.00015965015971630692
T-IDM,53.0,0,-0.0001414422023362505
T-IDM,53.1,0,-0.00012520211656941171
T-IDM,53.2,0,-0.00011073052012200435
T-IDM,53.300000000000004,0,-9.78466626282426e-05
T-IDM,53.400000000000006,0,-8.638686286133179e-05
T-IDM,53.5,0,-7.620305747657596e-05
T-IDM,53.6,0,-6.716145542107199e-05
T-IDM,53.7,0,-5.914129219952713e-05
T-IDM,53.800000000000004,0,-5.203367835271422e-05
T-IDM,53.900000000000006,0,-4.574053657790955e-05
T-IDM,54.0,0,-4.017362211783393e-05
T-IDM,54.1,0,-3.525362119560782e-05
T-IDM,54.2,0,-3.090932246330169e-05
T-IDM,54.300000000000004,0,-2.707685662706183e-05
T-IDM,54.400000000000006,0,-2.3698999600085813e-05
T-IDM,54.5,0,-2.072453476742453e-05
T-IDM,54.6,0,-1.810767015619774e-05
T-IDM,54.7,0,-1.580750645935325e-05
T-IDM,54.800000000000004,0,-1.3787552186173002e-05
T-IDM,54.900000000000006,0,-1.2015282294441931e-05
T-IDM,55.0,0,-1.0461736966504986e-05
T-IDM,55.1,0,-9.101157345980937e-06
T-IDM,55.2,0,-7.910655229537156e-06
T-IDM,55.300000000000004,0,-6.869913988793996e-06
T-IDM,55.400000000000006,0,-5.960918040059937e-06
T-IDM,55.5,0,-5.1677085206591755e-06
T-IDM,55.6,0,-4.476162835942432e-06
T-IDM,55.7,0,-3.873796057263235e-06
T-IDM,55.800000000000004,0,-3.3495821742945964e-06
T-IDM,55.900000000000006,0,-2.8937934466455317e-06
T-IDM,56.0,0,-2.497856181449265e-06
T-IDM,56.1,0,-2.1542214110326086e-06
T-IDM,56.2,0,-1.8562490957663158e-06
T-IDM,56.300000000000004,0,-1.598104521605137e-06
T-IDM,56.400000000000006,0,-1.3746657554492003e-06
T-IDM,56.5,0,-1.1814410463273362e-06
T-IDM,56.6,0,-1.01449522027508e-06
T-IDM,56.7,0,-8.703841292145853e-07
T-IDM,56.800000000000004,0,-7.46096375792149e-07
T-IDM,56.900000000000006,0,-6.390015396817716e-07
T-IDM,57.0,0,-5.468042587608579e-07
T-IDM,57.1,0,-4.675035132351013e-07
T-IDM,57.2,0,-3.993566117799219e-07
T-IDM,57.300000000000004,0,-3.4084732192241063e-07
T-IDM,57.400000000000006,0,-2.906577467598481e-07
T-IDM,57.5,0,-2.476434968201602e-07
T-IDM,57.6,0,-2.1081182133286802e-07
T-IDM,57.7,0,-1.793023578500197e-07
T-IDM,57.800000000000004,0,-1.5237020356551056e-07
T-IDM,57.900000000000006,0,-1.2937105076105126e-07
T-IDM,58.0,0,-1.0974814124153909e-07
T-IDM,58.1,0,-9.302083725515331e-08
T-IDM,58.2,0,-7.87746223807062e-08
T-IDM,58.300000000000004,0,-6.665234231206796e-08
T-IDM,58.400000000000006,0,-5.6346573629184604e-08
T-IDM,58.5,0,-4.75929500254324e-08
T-IDM,58.6,0,-4.016435006803931e-08
T-IDM,58.7,0,-3.386584168652007e-08
T-IDM,58.800000000000004,0,-2.8530276807714472e-08
T-IDM,58.900000000000006,0,-2.4014477517653177e-08
T-IDM,59.0,0,-2.0195903616126998e-08
T-IDM,59.1,0,-1.6969789129461788e-08
T-IDM,59.2,0,-1.424664475280224e-08
T-IDM,59.300000000000004,0,-1.1950106681979378e-08
T-IDM,59.400000000000006,0,-1.0015069662472342e-08
T-IDM,59.5,0,-8.386082939182415e-09
T-IDM,59.6,0,-7.015964698098287e-09
T-IDM,59.7,0,-5.864601249072621e-09
T-IDM,59.800000000000004,0,-4.897932726066756e-09
T-IDM,59.900000000000006,0,-4.087050697876293e-09
T-IDM,60.0,0,-3.4074556509722242e-09
T-IDM,60.1,0,-2.838399737470354e-09
T-IDM,60.2,0,-2.3623254463700505e-09
T-IDM,60.300000000000004,0,-1.9643948689918034e-09
T-IDM,60.400000000000006,0,-1.6320793605473227e-09
T-IDM,60.5,0,-1.3548042687716588e-09
T-IDM,60.6,0,-1.12365938775838e-09
T-IDM,60.7,0,-9.311431625746991e-10
T-IDM,60.800000000000004,0,-7.709388682997087e-10
T-IDM,60.900000000000006,0,-6.377458561246385e-10
T-IDM,61.0,0,-5.271054703825939e-10
T-IDM,61.1,0,-4.352820326403162e-10
T-IDM,61.2,0,-3.5914382578994264e-10
T-IDM,61.300000000000004,0,-2.9606539442283974e-10
T-IDM,61.400000000000006,0,-2.438529378423482e-10
T-IDM,61.5,0,-2.006750321470463e-10
T-IDM,61.6,0,-1.6500045774137106e-10
T-IDM,61.7,0,-1.355484613441149e-10
T-IDM,61.800000000000004,0,-1.1125678156531649e-10
T-IDM,61.900000000000006,0,-9.124079269895446e-11
T-IDM,62.0,0,-7.475975394299894e-11
T-IDM,62.1,0,-6.120259854469623e-11
T-IDM,62.2,0,-5.006128844797786e-11
T-IDM,62.300000000000004,0,-4.091127436822717e-11
T-IDM,62.400000000000006,0,-3.340616672176111e-11
T-IDM,62.5,0,-2.7252866630078643e-11
T-IDM,62.6,0,-2.2215118633539532e-11
T-IDM,62.7,0,-1.809219440929155e-11
T-IDM,62.800000000000004,0,-1.4720669128109876e-11
T-IDM,62.900000000000006,0,-1.1967316027039487e-11
T-IDM,63.0,0,-9.72200098203757e-12
T-IDM,63.1,0,-7.890577080615913e-12
T-IDM,63.2,0,-6.398437335519702e-12
T-IDM,63.300000000000004,0,-5.183409257369931e-12
T-IDM,63.400000000000006,0,-4.195754854663392e-12
T-IDM,63.5,0,-3.3928415632544784e-12
T-IDM,63.6,0,-2.7426949600339867e-12
T-IDM,63.7,0,-2.213340621892712e-12
T-IDM,63.800000000000004,0,-1.7852386235972517e-12
T-IDM,63.900000000000006,0,-1.4388490399142029e-12
T-IDM,64.0,0,-1.1581846592889633e-12
T-IDM,64.10000000000001,0,-9.325873406851315e-13
T-IDM,64.2,0,-7.496225862269057e-13
T-IDM,64.3,0,-6.021849685566849e-13
T-IDM,64.4,0,-4.831690603168681e-13
T-IDM,64.5,0,-3.872457909892546e-13
T-IDM,64.60000000000001,0,-3.1086244689504383e-13
T-IDM,64.7,0,-2.4868995751603507e-13
T-IDM,64.8,0,-1.9895196601282805e-13
T-IDM,64.9,0,-1.580957587066223e-13
T-IDM,65.0,0,-1.2612133559741778e-13
T-IDM,0.0,1,0.0
T-IDM,0.1,1,-7.17871011239879e-05
T-IDM,0.2,1,-0.00013745602766590537
T-IDM,0.30000000000000004,1,-0.0001974163972651155
T-IDM,0.4,1,-0.00025205243465720173
T-IDM,0.5,1,-0.00030172450035870213
T-IDM,0.6000000000000001,1,-0.0003467705282407252
T-IDM,0.7000000000000001,1,-0.00038750737741821695
T-IDM,0.8,1,-0.0004242321035654584
T-IDM,0.9,1,-0.00045722315446461437
T-IDM,1.0,1,-0.0004867414942850701
T-IDM,1.1,1,-0.0005130316608497054
T-IDM,1.2000000000000002,1,-0.0005363227598547127
T-IDM,1.3,1,-0.0005568293998212681
T-IDM,1.4000000000000001,1,-0.0005747525712642698
T-IDM,1.5,1,-0.0005902804734265743
T-IDM,1.6,1,-0.0006035892916784746
T-IDM,1.7000000000000002,1,-0.000614843928499198
T-IDM,1.8,1,-0.0006241986908275265
T-IDM,1.9000000000000001,1,-0.0006317979363448245
T-IDM,2.0,1,-0.0006377766811382912
T-IDM,2.1,1,-0.0006422611710359405
T-IDM,2.2,1,-0.0006453694187715797
T-IDM,2.3000000000000003,1,-0.000647211709001283
T-IDM,2.4000000000000004,1,-0.0006478910730809417
T-IDM,2.5,1,-0.0006475037354096713
T-IDM,2.6,1,-0.0006461395330052966
T-IDM,2.7,1,-0.0006438823099212954
T-IDM,2.8000000000000003,1,-0.0006408102879884581
T-IDM,2.9000000000000004,1,-0.0006369964152845853
T-IDM,3.0,1,-0.0006325086936573854
T-IDM,3.1,1,-0.0006274104865511276
T-IDM,3.2,1,-0.0006217608082863535
T-IDM,3.3000000000000003,1,-0.0006156145959224091
T-IDM,3.4000000000000004,1,-0.0006090229647117695
T-IDM,3.5,1,-0.0006020334481284806
T-IDM,3.6,1,-0.000594690223399752
T-IDM,3.7,1,-0.0005870343233826958
T-IDM,3.8000000000000003,1,-0.0005791038356068867
T-IDM,3.9000000000000004,1,-0.0005709340892483539
T-IDM,4.0,1,-0.0005625578307366652
T-IDM,4.1000000000000005,1,-0.0005540053886932128
T-IDM,4.2,1,-0.000545304828808213
T-IDM,4.3,1,-0.0005364820992710406
T-IDM,4.4,1,-0.0005275611673098979
T-IDM,4.5,1,-0.0005185641473488545
T-IDM,4.6000000000000005,1,-0.000509511421302733
T-IDM,4.7,1,-0.0005004217514557041
T-IDM,4.800000000000001,1,-0.0004913123863587998
T-IDM,4.9,1,-0.00048219916015845854
T-IDM,5.0,1,-0.0004730965857344671
T-IDM,5.1000000000000005,1,-0.0004640179419901358
T-IDM,5.2,1,-0.0004549753556553071
T-IDM,5.300000000000001,1,-0.0004459798778722046
T-IDM,5.4,1,-0.0004370415558856422
T-IDM,5.5,1,-0.00042816950007029675
T-IDM,5.6000000000000005,1,-0.00041937194656149757
T-IDM,5.7,1,-0.00041065631569914274
T-IDM,5.800000000000001,1,-0.00040202926648191806
T-IDM,5.9,1,-0.0003934967472165596
T-IDM,6.0,1,-0.0003850640425238083
T-IDM,6.1000000000000005,1,-0.00037673581682895474
T-IDM,6.2,1,-0.00036851615445243624
T-IDM,6.300000000000001,1,-0.0003604085963875292
T-IDM,6.4,1,-0.00035241617383974244
T-IDM,6.5,1,-0.0003445414385598866
T-IDM,6.6000000000000005,1,-0.00033678648997259586
T-IDM,6.7,1,-0.00032915299910207807
T-IDM,6.800000000000001,1,-0.0003216422292169341
T-IDM,6.9,1,-0.0003142550531265442
T-IDM,7.0,1,-0.00030699196698336095
T-IDM,7.1000000000000005,1,-0.0002998531004312355
T-IDM,7.2,1,-0.00029283822287418104
T-IDM,7.300000000000001,1,-0.0002859467455937903
T-IDM,7.4,1,-0.0002791777193724698
T-IDM,7.5,1,-0.0002725298272476806
T-IDM,7.6000000000000005,1,-0.00026600137189980444
T-IDM,7.7,1,-0.0002595902571442821
T-IDM,7.800000000000001,1,-0.0002532939628689945
T-IDM,7.9,1,-0.0002471095126921341
T-IDM,8.0,1,-0.0002410334334808084
T-IDM,8.1,1,-0.0002350617057675919
T-IDM,8.200000000000001,1,-0.00022918970394769644
T-IDM,8.3,1,-0.0002234121250186405
T-IDM,8.4,1,-0.00021772290443955455
T-IDM,8.5,1,-0.00021211511750962586
T-IDM,8.6,1,-0.00020658086450175972
T-IDM,8.700000000000001,1,-0.00020111113751930532
T-IDM,8.8,1,-0.00019569566686961082
T-IDM,8.9,1,-0.00019032274445329733
T-IDM,9.0,1,-0.00018497902142122769
T-IDM,9.1,1,-0.00017964927704916533
T-IDM,9.200000000000001,1,-0.00017431615545504542
T-IDM,9.3,1,-0.0001689598664640357
T-IDM,9.4,1,-0.00016355784654109584
T-IDM,9.5,1,-0.00015808437535724806
T-IDM,9.600000000000001,1,-0.0001525101431063547
T-IDM,9.700000000000001,1,-0.00014680176330195138
T-IDM,9.8,1,-0.00014092122530406925
T-IDM,9.9,1,-0.00013482528036945496
T-IDM,10.0,1,-0.00012846475451944173
T-IDM,10.100000000000001,1,-0.00012178378103477883
T-IDM,10.200000000000001,1,-0.0001147189448396091
T-IDM,10.3,1,-0.00010719833056427319
T-IDM,10.4,1,-9.914046547798705e-05
T-IDM,10.5,1,-9.045314803479698e-05
T-IDM,10.600000000000001,1,-8.103215220245374e-05
T-IDM,10.700000000000001,1,-7.075979725357229e-05
T-IDM,10.8,1,-5.950337224902569e-05
T-IDM,10.9,1,-4.711340395857633e-05
T-IDM,11.0,1,-3.342175658893609e-05
T-IDM,11.100000000000001,1,-1.8239551318188774e-05
T-IDM,11.200000000000001,1,-1.354893383265221e-06
T-IDM,11.3,1,1.7469605769093732e-05
T-IDM,11.4,1,3.8499523823176673e-05
T-IDM,11.5,1,6.203155301598429e-05
T-IDM,11.600000000000001,1,8.839666807780588e-05
T-IDM,11.700000000000001,1,0.00011796354883841786
T-IDM,11.8,1,0.00015114226923707008
T-IDM,11.9,1,0.00018838826382783225
T-IDM,12.0,1,0.00023020658204764288
T-IDM,12.100000000000001,1,0.0002771564394787873
T-IDM,12.200000000000001,1,0.0003298560740390144
T-IDM,12.3,1,0.0003889879134888474
T-IDM,12.4,1,0.00045530405880711555
T-IDM,12.5,1,0.0005296320858665382
T-IDM,12.600000000000001,1,0.0006128811653951516
T-IDM,12.700000000000001,1,0.0007060484984346971
T-IDM,12.8,1,0.0008102260613718215
T-IDM,12.9,1,0.0009266076511913468
T-IDM,13.0,1,0.0010564962176875525
T-IDM,13.100000000000001,1,0.0012013114652660306
T-IDM,13.200000000000001,1,0.001362597702318169
T-IDM,13.3,1,0.0015420319112529057
T-IDM,13.4,1,0.0017414320070194833
T-IDM,13.5,1,0.001962765246283027
T-IDM,13.600000000000001,1,0.002208156743540357
T-IDM,13.700000000000001,1,0.002479898044224882
T-IDM,13.8,1,0.002780455698392359
T-IDM,13.9,1,0.0031124797719197517
T-IDM,14.0,1,0.003478812225351291
T-IDM,14.100000000000001,1,0.0038824950835731897
T-IDM,14.200000000000001,1,0.0043267783126221815
T-IDM,14.3,1,0.004815127313003487
T-IDM,14.4,1,0.005351229932191615
T-IDM,14.5,1,0.005939002892452194
T-IDM,14.600000000000001,1,0.006582597523946632
T-IDM,14.700000000000001,1,0.00728640468735442
T-IDM,14.8,1,0.008055058765039647
T-IDM,14.9,1,0.00889344059529762
T-IDM,15.0,1,0.009806679220478287
T-IDM,15.100000000000001,1,0.010800152317013811
T-IDM,15.200000000000001,1,0.011879485173599491
T-IDM,15.3,1,0.013050548083263891
T-IDM,15.4,1,0.0143194520157639
T-IDM,15.5,1,0.01569254243893603
T-IDM,15.600000000000001,1,0.01717639116133185
T-IDM,15.700000000000001,1,0.018777786073824743
T-IDM,15.8,1,0.020503718674977023
T-IDM,15.9,1,0.022361369273845355
T-IDM,16.0,1,0.024358089774734637
T-IDM,16.1,1,0.026501383961093694
T-IDM,16.2,1,0.028798885210429503
T-IDM,16.3,1,0.03125833158872027
T-IDM,16.400000000000002,1,0.03388753829131019
T-IDM,16.5,1,0.036694367417688056
T-IDM,16.6,1,0.03968669508963707
T-IDM,16.7,1,0.04287237594607518
T-IDM,16.8,1,0.046259205073193144
T-IDM,16.900000000000002,1,0.04985487745508088
T-IDM,17.0,1,0.05366694505774028
T-IDM,17.1,1,0.057702771687973
T-IDM,17.2,1,0.061969485797712665
T-IDM,17.3,1,0.06647393143382985
T-IDM,17.400000000000002,1,0.07122261756275705
T-IDM,17.5,1,0.07622166602825509
T-IDM,17.6,1,0.08147675842880098
T-IDM,17.7,1,0.08699308222813684
T-IDM,17.8,1,0.09277527643798322
T-IDM,17.900000000000002,1,0.09882737723550505
T-IDM,18.0,1,0.10515276389938677
T-IDM,18.1,1,0.11175410546693598
T-IDM,18.2,1,0.11863330853018539
T-IDM,18.3,1,0.12579146660113238
T-IDM,18.400000000000002,1,0.13322881148473797
T-IDM,18.5,1,0.14094466710289666
T-IDM,18.6,1,0.14893740621294604
T-IDM,18.7,1,0.15720441046035916
T-IDM,18.8,1,0.1657420341968372
T-IDM,18.900000000000002,1,0.17454557248210456
T-IDM,19.0,1,0.18360923367015758
T-IDM,19.1,1,0.1929261169587786
T-IDM,19.200000000000003,1,0.2024881952547286
T-IDM,19.3,1,0.21228630367641088
T-IDM,19.400000000000002,1,0.22231013398125476
T-IDM,19.5,1,0.23254823516671408
T-IDM,19.6,1,0.24298802045217371
T-IDM,19.700000000000003,1,0.2536157808043509
T-IDM,19.8,1,0.264416705121592
T-IDM,19.900000000000002,1,0.2753749071431635
T-IDM,20.0,1,0.2864734590986586
T-IDM,20.1,1,0.2976944320606716
T-IDM,20.200000000000003,1,0.3090189429112087
T-IDM,20.3,1,0.32042720777964107
T-IDM,20.400000000000002,1,0.33189860175779806
T-IDM,20.5,1,0.34341172464648295
T-IDM,20.6,1,0.354944472437964
T-IDM,20.700000000000003,1,0.36647411419103726
T-IDM,20.8,1,0.37797737390986086
T-IDM,20.900000000000002,1,0.389430516994965
T-IDM,21.0,1,0.40080944079532976
T-IDM,21.1,1,0.4120897687543579
T-IDM,21.200000000000003,1,0.4232469476102878
T-IDM,21.3,1,0.43425634708337313
T-IDM,21.400000000000002,1,0.44509336145818956
T-IDM,21.5,1,0.455733512449914
T-IDM,21.6,1,0.46615255272848266
T-IDM,21.700000000000003,1,0.4763265694642982
T-IDM,21.8,1,0.4862320872536756
T-IDM,21.900000000000002,1,0.4958461697815224
T-IDM,22.0,1,0.5051465195829117
T-IDM,22.1,1,0.5141115752741428
T-IDM,22.200000000000003,1,0.5227206056375326
T-IDM,22.3,1,0.5309537999625942
T-IDM,22.400000000000002,1,0.5387923540691517
T-IDM,22.5,1,0.5462185514653335
T-IDM,22.6,1,0.5532158391250377
T-IDM,22.700000000000003,1,0.5597688974052009
T-IDM,22.8,1,0.5658637036628189
T-IDM,22.900000000000002,1,0.5714875891748736
T-IDM,23.0,1,0.5766292890108282
T-IDM,23.1,1,0.5812789845568886
T-IDM,23.200000000000003,1,0.5854283384433145
T-IDM,23.3,1,0.589070521680398
T-IDM,23.400000000000002,1,0.5922002328648297
T-IDM,23.5,1,0.5948137093755683
T-IDM,23.6,1,0.5969087305365317
T-IDM,23.700000000000003,1,0.5984846127818884
T-IDM,23.8,1,0.5995421969179677
T-IDM,23.900000000000002,1,0.6000838276331333
T-IDM,24.0,1,0.600113325463024
T-IDM,24.1,1,0.5996359514725338
T-IDM,24.200000000000003,1,0.5986583649675001
T-IDM,24.3,1,0.5971885745975474
T-IDM,24.400000000000002,1,0.5952358832565139
T-IDM,24.5,1,0.5928108272278898
T-IDM,24.6,1,0.5899251100592391
T-IDM,24.700000000000003,1,0.5865915316814085
T-IDM,24.8,1,0.5828239133149893
T-IDM,24.900000000000002,1,0.5786370187279388
T-IDM,25.0,1,0.5740464724241185
T-IDM,25.1,1,0.5690686753528542
T-IDM,25.200000000000003,1,0.563720718734297
T-IDM,25.3,1,0.5580202965944903
T-IDM,25.400000000000002,1,0.5519856175977651
T-IDM,25.5,1,0.5456353167524917
T-IDM,25.6,1,0.5389883675496812
T-IDM,25.700000000000003,1,0.53206399507269
T-IDM,25.8,1,0.5248815905907218
T-IDM,25.900000000000002,1,0.5174606281193821
T-IDM,26.0,1,0.5098205833986444
T-IDM,26.1,1,0.501980855702719
T-IDM,26.200000000000003,1,0.4939606928580016
T-IDM,26.3,1,0.4857791198049899
T-IDM,26.400000000000002,1,0.47745487099835415
T-IDM,26.5,1,0.4690063268967499
T-IDM,26.6,1,0.4604514547508831
T-IDM,26.700000000000003,1,0.45180775385540883
T-IDM,26.8,1,0.443092205387833
T-IDM,26.900000000000002,1,0.43432122691608477
T-IDM,27.0,1,0.42551063161636726
T-IDM,27.1,1,0.4166755922045091
T-IDM,27.200000000000003,1,0.4078306095476929
T-IDM,27.3,1,0.3989894858894303
T-IDM,27.400000000000002,1,0.3901653025891676
T-IDM,27.5,1,0.3813704022491695
T-IDM,27.6,1,0.3726163750754523
T-IDM,27.700000000000003,1,0.3639140492966533
T-IDM,27.8,1,0.35527348544484916
T-IDM,27.900000000000002,1,0.3467039742855711
T-IDM,28.0,1,0.33821403817045415
T-IDM,28.1,1,0.329811435575202
T-IDM,28.200000000000003,1,0.32150316857771166
T-IDM,28.3,1,0.3132954930260734
T-IDM,28.400000000000002,1,0.30519393114384386
T-IDM,28.5,1,0.2972032863200269
T-IDM,28.6,1,0.28932765983374864
T-IDM,28.700000000000003,1,0.2815704692681962
T-IDM,28.8,1,0.2739344683750442
T-IDM,28.900000000000002,1,0.2664217681589278
T-IDM,29.0,1,0.25903385896157616
T-IDM,29.1,1,0.2517716333364337
T-IDM,29.200000000000003,1,0.24463540951720653
T-IDM,29.3,1,0.2376249552971057
T-IDM,29.400000000000002,1,0.2307395121498761
T-IDM,29.5,1,0.22397781943842254
T-IDM,29.6,1,0.21733813857204431
T-IDM,29.700000000000003,1,0.21081827698867883
T-IDM,29.8,1,0.20441561185403678
T-IDM,29.900000000000002,1,0.1981271133848228
T-IDM,30.0,1,0.19194936771841675
T-IDM,30.1,1,0.1858785992661094
T-IDM,30.200000000000003,1,0.17991069250130742
T-IDM,30.3,1,0.17404121314781662
T-IDM,30.400000000000002,1,0.16826542874636274
T-IDM,30.5,1,0.16257832858982013
T-IDM,30.6,1,0.15697464302905217
T-IDM,30.700000000000003,1,0.15144886216195097
T-IDM,30.8,1,0.14599525392789658
T-IDM,30.900000000000002,1,0.14060788163866356
T-IDM,31.0,1,0.13528062098451876
T-IDM,31.1,1,0.13000717656111682
T-IDM,31.200000000000003,1,0.12478109796853154
T-IDM,31.3,1,0.11959579553855804
T-IDM,31.400000000000002,1,0.11444455575028023
T-IDM,31.5,1,0.1093205563966464
T-IDM,31.6,1,0.1042168815667246
T-IDM,31.700000000000003,1,0.09912653650919978
T-IDM,31.8,1,0.09404246244273473
T-IDM,31.900000000000002,1,0.08895755137792527
T-IDM,32.0,1,0.08386466101393175
T-IDM,32.1,1,0.07875662977036413
T-IDM,32.2,1,0.0736262920117472
T-IDM,32.300000000000004,1,0.06846649351793666
T-IDM,32.4,1,0.06327010724922744
T-IDM,32.5,1,0.058030049449646626
T-IDM,32.6,1,0.052739296126087964
T-IDM,32.7,1,0.04739089993461931
T-IDM,32.800000000000004,1,0.041978007498439496
T-IDM,32.9,1,0.03649387717478447
T-IDM,33.0,1,0.030931897280417786
T-IDM,33.1,1,0.02528560477747277
T-IDM,33.2,1,0.01954870441323031
T-IDM,33.300000000000004,1,0.013715088299070644
T-IDM,33.4,1,0.007778855905296922
T-IDM,33.5,1,0.0017343344399805005
T-IDM,33.6,1,-0.004423900428657035
T-IDM,33.7,1,-0.010701003555382727
T-IDM,33.800000000000004,1,-0.017101839064139313
T-IDM,33.9,1,-0.023630958923144263
T-IDM,34.0,1,-0.030292581422836307
T-IDM,34.1,1,-0.03709056963845647
T-IDM,34.2,1,-0.04402840996648116
T-IDM,34.300000000000004,1,-0.05110919083121068
T-IDM,34.4,1,-0.0583355816643909
T-IDM,34.5,1,-0.06570981226678363
T-IDM,34.6,1,-0.07323365266605464
T-IDM,34.7,1,-0.08090839359013735
T-IDM,34.800000000000004,1,-0.08873482767928564
T-IDM,34.9,1,-0.09671323156332612
T-IDM,35.0,1,-0.10484334893306269
T-IDM,35.1,1,-0.11312437473636727
T-IDM,35.2,1,-0.12155494063010863
T-IDM,35.300000000000004,1,-0.13013310181876214
T-IDM,35.4,1,-0.13885632540915438
T-IDM,35.5,1,-0.14772148040844613
T-IDM,35.6,1,-0.1567248294889314
T-IDM,35.7,1,-0.1658620226387626
T-IDM,35.800000000000004,1,-0.17512809281197583
T-IDM,35.9,1,-0.18451745368453665
T-IDM,36.0,1,-0.19402389961524769
T-IDM,36.1,1,-0.20364060790146077
T-IDM,36.2,1,-0.21336014340965548
T-IDM,36.300000000000004,1,-0.22317446565000054
T-IDM,36.4,1,-0.23307493835210202
T-IDM,36.5,1,-0.24305234158646272
T-IDM,36.6,1,-0.253096886462556
T-IDM,36.7,1,-0.26319823242011786
T-IDM,36.800000000000004,1,-0.2733455071153781
T-IDM,36.9,1,-0.28352732888844834
T-IDM,37.0,1,-0.293731831782182
T-IDM,37.1,1,-0.30394669306667765
T-IDM,37.2,1,-0.3141591632071954
T-IDM,37.300000000000004,1,-0.32435609819684075
T-IDM,37.4,1,-0.3345239941590581
T-IDM,37.5,1,-0.34464902410890197
T-IDM,37.6,1,-0.35471707674625286
T-IDM,37.7,1,-0.3647137971390517
T-IDM,37.800000000000004,1,-0.3746246291399409
T-IDM,37.9,1,-0.38443485936602073
T-IDM,38.0,1,-0.39412966255850357
T-IDM,38.1,1,-0.40369414812730575
T-IDM,38.2,1,-0.41311340767487614
T-IDM,38.300000000000004,1,-0.4223725632842399
T-IDM,38.400000000000006,1,-0.43145681634820043
T-IDM,38.5,1,-0.4403514967100435
T-IDM,38.6,1,-0.4490421118810932
T-IDM,38.7,1,-0.4575143960969452
T-IDM,38.800000000000004,1,-0.465754358972406
T-IDM,38.900000000000006,1,-0.4737483335149886
T-IDM,39.0,1,-0.48148302325824766
T-IDM,39.1,1,-0.488945548279462
T-IDM,39.2,1,-0.4961234898709286
T-IDM,39.300000000000004,1,-0.5030049336405806
T-IDM,39.400000000000006,1,-0.509578510825607
T-IDM,39.5,1,-0.515833437612276
T-IDM,39.6,1,-0.5217595522660918
T-IDM,39.7,1,-0.5273473498886503
T-IDM,39.800000000000004,1,-0.5325880146311484
T-IDM,39.900000000000006,1,-0.5374734492090578
T-IDM,40.0,1,-0.5419963015782283
T-IDM,40.1,1,-0.5461499886491374
T-IDM,40.2,1,-0.5499287169333691
T-IDM,40.300000000000004,1,-0.5533275000342677
T-IDM,40.400000000000006,1,-0.5563421729120748
T-IDM,40.5,1,-0.5589694028725578
T-IDM,40.6,1,-0.5612066972470036
T-IDM,40.7,1,-0.5630524077503143
T-IDM,40.800000000000004,1,-0.5645057315227291
T-IDM,40.900000000000006,1,-0.5655667088792153
T-IDM,41.0,1,-0.5662362178087079
T-IDM,41.1,1,-0.5665159652829459
T-IDM,41.2,1,-0.5664084754516843
T-IDM,41.300000000000004,1,-0.5659170748172162
T-IDM,41.400000000000006,1,-0.5650458744965601
T-IDM,41.5,1,-0.5637997496939864
T-IDM,41.6,1,-0.5621843165200264
T-IDM,41.7,1,-0.5602059063052582
T-IDM,41.800000000000004,1,-0.5578715375683085
T-IDM,41.900000000000006,1,-0.5551888858073379
T-IDM,42.0,1,-0.5521662512928458
T-IDM,42.1,1,-0.5488125250469356
T-IDM,42.2,1,-0.5451371532001321
T-IDM,42.300000000000004,1,-0.541150099921504
T-IDM,42.400000000000006,1,-0.5368618091211594
T-IDM,42.5,1,-0.5322831651262216
T-IDM,42.6,1,-0.5274254525321069
T-IDM,42.7,1,-0.5223003154304351
T-IDM,42.800000000000004,1,-0.5169197162131773
T-IDM,42.900000000000006,1,-0.5112958941497734
T-IDM,43.0,1,-0.5054413239299276
T-IDM,43.1,1,-0.4993686743598058
T-IDM,43.2,1,-0.4930907673932907
T-IDM,43.300000000000004,1,-0.48662053767306723
T-IDM,43.400000000000006,1,-0.4799709927485285
T-IDM,43.5,1,-0.47315517412899766
T-IDM,43.6,1,-0.46618611932154863
T-IDM,43.7,1,-0.45907682499297486
T-IDM,43.800000000000004,1,-0.45184021138511454
T-IDM,43.900000000000006,1,-0.44448908810207577
T-IDM,44.0,1,-0.4370361213768348
T-IDM,44.1,1,-0.42949380291337746
T-IDM,44.2,1,-0.4218744203890843
T-IDM,44.300000000000004,1,-0.41419002969046836
T-IDM,44.400000000000006,1,-0.4064524289438012
T-IDM,44.5,1,-0.3986731343906431
T-IDM,44.6,1,-0.3908633581468486
T-IDM,44.7,1,-0.38303398787249776
T-IDM,44.800000000000004,1,-0.3751955683692021
T-IDM,44.900000000000006,1,-0.3673582851106634
T-IDM,45.0,1,-0.35953194970215385
T-IDM,45.1,1,-0.3517259872547651
T-IDM,45.2,1,-0.3439494256509974
T-IDM,45.300000000000004,1,-0.3362108866694644
T-IDM,45.400000000000006,1,-0.3285185789282643
T-IDM,45.5,1,-0.3208802925989449
T-IDM,45.6,1,-0.31330339583596434
T-IDM,45.7,1,-0.30579483286015297
T-IDM,45.800000000000004,1,-0.298361123629002
T-IDM,45.900000000000006,1,-0.291008365021467
T-IDM,46.0,1,-0.2837422334606252
T-IDM,46.1,1,-0.2765679888937651
T-IDM,46.2,1,-0.269490480046386
T-IDM,46.300000000000004,1,-0.2625141508642024
T-IDM,46.400000000000006,1,-0.25564304805539884
T-IDM,46.5,1,-0.24888082964421798
T-IDM,46.6,1,-0.2422307744463854
T-IDM,46.7,1,-0.23569579237683413
T-IDM,46.800000000000004,1,-0.22927843550070293
T-IDM,46.900000000000006,1,-0.2229809097396327
T-IDM,47.0,1,-0.21680508714682212
T-IDM,47.1,1,-0.21075251866629507
T-IDM,47.2,1,-0.20482444729410076
T-IDM,47.300000000000004,1,-0.1990218215619084
T-IDM,47.400000000000006,1,-0.19334530926640525
T-IDM,47.5,1,-0.18779531137126249
T-IDM,47.6,1,-0.18237197601190225
T-IDM,47.7,1,-0.17707521253707625
T-IDM,47.800000000000004,1,-0.17190470552515436
T-IDM,47.900000000000006,1,-0.16685992871703093
T-IDM,48.0,1,-0.16194015881170643
T-IDM,48.1,1,-0.15714448907474576
T-IDM,48.2,1,-0.15247184271403214
T-IDM,48.300000000000004,1,-0.14792098598143966
T-IDM,48.400000000000006,1,-0.1434905409631746
T-IDM,48.5,1,-0.1391789980256739
T-IDM,48.6,1,-0.13498472788791815
T-IDM,48.7,1,-0.13090599329498254
T-IDM,48.800000000000004,1,-0.12694096027136048
T-IDM,48.900000000000006,1,-0.1230877089362803
T-IDM,49.0,1,-0.11934424386671516
T-IDM,49.1,1,-0.11570850399706067
T-IDM,49.2,1,-0.11217837204761238
T-IDM,49.300000000000004,1,-0.10875168347692288
T-IDM,49.400000000000006,1,-0.10542623495583925
T-IDM,49.5,1,-0.10219979236360643
T-IDM,49.6,1,-0.09907009830872582
T-IDM,49.7,1,-0.09603487917949138
T-IDM,49.800000000000004,1,-0.09309185173096779
T-IDM,49.900000000000006,1,-0.09023872921705944
T-IDM,50.0,1,-0.08747322707776917
T-IDM,50.1,1,-0.08479306819321586
T-IDM,50.2,1,-0.0821959877171281
T-IDM,50.300000000000004,1,-0.07967973750358937
T-IDM,50.400000000000006,1,-0.07724209014164529
T-IDM,50.5,1,-0.074880842613128
T-IDM,50.6,1,-0.07259381958956013
T-IDM,50.7,1,-0.0703788763844706
T-IDM,50.800000000000004,1,-0.06823390157771314
T-IDM,50.900000000000006,1,-0.06615681932854933
T-IDM,51.0,1,-0.06414559139433251
T-IDM,51.1,1,-0.06219821887157728
T-IDM,51.2,1,-0.06031274367606443
T-IDM,51.300000000000004,1,-0.05848724977842146
T-IDM,51.400000000000006,1,-0.056719864211318693
T-IDM,51.5,1,-0.05500875786408699
T-IDM,51.6,1,-0.05335214608015448
T-IDM,51.7,1,-0.05174828907218476
T-IDM,51.800000000000004,1,-0.05019549216940611
T-IDM,51.900000000000006,1,-0.04869210591098039
T-IDM,52.0,1,-0.047236525998785694
T-IDM,52.1,1,-0.045827193122335075
T-IDM,52.2,1,-0.04446259266803487
T-IDM,52.300000000000004,1,-0.04314125432430238
T-IDM,52.400000000000006,1,-0.04186175159351713
T-IDM,52.5,1,-0.04062270122113887
T-IDM,52.6,1,-0.03942276255171251
T-IDM,52.7,1,-0.03826063682089753
T-IDM,52.800000000000004,1,-0.03713506639206976
T-IDM,52.900000000000006,1,-0.03604483394544644
T-IDM,53.0,1,-0.034988761627140263
T-IDM,53.1,1,-0.033965710164997276
T-IDM,53.2,1,-0.032974577957540774
T-IDM,53.300000000000004,1,-0.03201430014186002
T-IDM,53.400000000000006,1,-0.03108384764574268
T-IDM,53.5,1,-0.030182226228957276
T-IDM,53.6,1,-0.029308475518091015
T-IDM,53.7,1,-0.028461668038961108
T-IDM,53.800000000000004,1,-0.027640908250202045
T-IDM,53.900000000000006,1,-0.02684533158129021
T-IDM,54.0,1,-0.026074103477858657
T-IDM,54.1,1,-0.025326418456886657
T-IDM,54.2,1,-0.02460149917401111
T-IDM,54.300000000000004,1,-0.023898595504917353
T-IDM,54.400000000000006,1,-0.023216983642521782
T-IDM,54.5,1,-0.022555965211383366
T-IDM,54.6,1,-0.021914866400612354
T-IDM,54.7,1,-0.02129303711625674
T-IDM,54.800000000000004,1,-0.020689850154017364
T-IDM,54.900000000000006,1,-0.020104700392966635
T-IDM,55.0,1,-0.019537004010755865
T-IDM,55.1,1,-0.01898619772066823
T-IDM,55.2,1,-0.018451738030773157
T-IDM,55.300000000000004,1,-0.017933100525283407
T-IDM,55.400000000000006,1,-0.017429779168129045
T-IDM,55.5,1,-0.016941285628675473
T-IDM,55.6,1,-0.0164671486294381
T-IDM,55.7,1,-0.01600691331555204
T-IDM,55.800000000000004,1,-0.015560140645721532
T-IDM,55.900000000000006,1,-0.015126406804297332
T-IDM,56.0,1,-0.014705302634114403
T-IDM,56.1,1,-0.014296433089626248
T-IDM,56.2,1,-0.013899416709934442
T-IDM,56.300000000000004,1,-0.013513885111182233
T-IDM,56.400000000000006,1,-0.013139482497837918
T-IDM,56.5,1,-0.012775865192343971
T-IDM,56.6,1,-0.01242270118258837
T-IDM,56.7,1,-0.012079669686682948
T-IDM,56.800000000000004,1,-0.011746460734487485
T-IDM,56.900000000000006,1,-0.011422774765344812
T-IDM,57.0,1,-0.011108322241483393
T-IDM,57.1,1,-0.010802823276547358
T-IDM,57.2,1,-0.010506007278721086
T-IDM,57.300000000000004,1,-0.010217612607920756
T-IDM,57.400000000000006,1,-0.009937386246550162
T-IDM,57.5,1,-0.009665083483280767
T-IDM,57.6,1,-0.009400467609406604
T-IDM,57.7,1,-0.009143309627237528
T-IDM,57.800000000000004,1,-0.008893387970113409
T-IDM,57.900000000000006,1,-0.008650488233527653
T-IDM,58.0,1,-0.008414402916974595
T-IDM,58.1,1,-0.008184931176016264
T-IDM,58.2,1,-0.007961878584232807
T-IDM,58.300000000000004,1,-0.00774505690458227
T-IDM,58.400000000000006,1,-0.0075342838698357895
T-IDM,58.5,1,-0.007329382971672516
T-IDM,58.6,1,-0.007130183258096778
T-IDM,58.7,1,-0.0069365191388257585
T-IDM,58.800000000000004,1,-0.006748230198301286
T-IDM,58.900000000000006,1,-0.006565161016034438
T-IDM,59.0,1,-0.006387160993931218
T-IDM,59.1,1,-0.006214084190341751
T-IDM,59.2,1,-0.006045789160532777
T-IDM,59.300000000000004,1,-0.0058821388033134525
T-IDM,59.400000000000006,1,-0.005723000213558649
T-IDM,59.5,1,-0.005568244540366862
T-IDM,59.6,1,-0.005417746850636007
T-IDM,59.7,1,-0.0052713859978119615
T-IDM,59.800000000000004,1,-0.0051290444955949255
T-IDM,59.900000000000006,1,-0.004990608396401086
T-IDM,60.0,1,-0.0048559671743753086
T-IDM,60.1,1,-0.004725013612759454
T-IDM,60.2,1,-0.004597643695447573
T-IDM,60.300000000000004,1,-0.004473756502537896
T-IDM,60.400000000000006,1,-0.004353254109728866
T-IDM,60.5,1,-0.004236041491388676
T-IDM,60.6,1,-0.0041220264271579765
T-IDM,60.7,1,-0.004011119411927666
T-IDM,60.800000000000004,1,-0.0039032335690674103
T-IDM,60.900000000000006,1,-0.0037982845667574594
T-IDM,61.0,1,-0.0036961905373207316
T-IDM,61.1,1,-0.0035968719993917375
T-IDM,61.2,1,-0.0035002517828619517
T-IDM,61.300000000000004,1,-0.0034062549564506384
T-IDM,61.400000000000006,1,-0.0033148087578034335
T-IDM,61.5,1,-0.0032258425260369705
T-IDM,61.6,1,-0.00313928763660698
T-IDM,61.7,1,-0.003055077438427034
T-IDM,61.800000000000004,1,-0.0029731471931420117
T-IDM,61.900000000000006,1,-0.0028934340164727956
T-IDM,62.0,1,-0.002815876821554042
T-IDM,62.1,1,-0.002740416264190415
T-IDM,62.2,1,-0.00266699468994247
T-IDM,62.300000000000004,1,-0.0025955560830031033
T-IDM,62.400000000000006,1,-0.002526046016757988
T-IDM,62.5,1,-0.0024584116059997996
T-IDM,62.6,1,-0.0023926014607091872
T-IDM,62.7,1,-0.0023285656413687406
T-IDM,62.800000000000004,1,-0.0022662556157246883
T-IDM,62.900000000000006,1,-0.0022056242169679052
T-IDM,63.0,1,-0.0021466256032631748
T-IDM,63.1,1,-0.002089215218594731
T-IDM,63.2,1,-0.0020333497548641333
T-IDM,63.300000000000004,1,-0.0019789871151996152
T-IDM,63.400000000000006,1,-0.001926086378446712
T-IDM,63.5,1,-0.0018746077647726622
T-IDM,63.6,1,-0.0018245126023757052
T-IDM,63.7,1,-0.0017757632952264402
T-IDM,63.800000000000004,1,-0.001728323291834144
T-IDM,63.900000000000006,1,-0.0016821570549812037
T-IDM,64.0,1,-0.0016372300324078992
T-IDM,64.10000000000001,1,-0.0015935086284013522
T-IDM,64.2,1,-0.0015509601762655478
T-IDM,64.3,1,-0.0015095529116422313
T-IDM,64.4,1,-0.0014692559466453758
T-IDM,64.5,1,-0.001430039244791459
T-IDM,64.60000000000001,1,-0.0013918735966953477
T-IDM,64.7,1,-0.0013547305964944911
T-IDM,64.8,1,-0.001318582619004971
T-IDM,64.9,1,-0.001283402797554345
T-IDM,65.0,1,-0.001249165002484176
T-IDM,0.0,2,0.0
T-IDM,0.1,2,-7.178710112576425e-05
T-IDM,0.2,2,-0.0001402165313866277
T-IDM,0.30000000000000004,2,-0.00020533922248056058
T-IDM,0.4,2,-0.00026721321107281426
T-IDM,0.5,2,-0.00032590261570497603
T-IDM,0.6000000000000001,2,-0.00038147670910504416
T-IDM,0.7000000000000001,2,-0.00043400907823709645
T-IDM,0.8,2,-0.0004835768649780192
T-IDM,0.9,2,-0.0005302600808771984
T-IDM,1.0,2,-0.0005741409899151506
T-IDM,1.1,2,-0.0006153035536495821
T-IDM,1.2000000000000002,2,-0.0006538329335690207
T-IDM,1.3,2,-0.0006898150458543029
T-IDM,1.4000000000000001,2,-0.0007233361641301173
T-IDM,1.5,2,-0.0007544825661067733
T-IDM,1.6,2,-0.0007833402203516471
T-IDM,1.7000000000000002,2,-0.0008099945097157502
T-IDM,1.8,2,-0.0008345299881735713
T-IDM,1.9000000000000001,2,-0.0008570301681647408
T-IDM,2.0,2,-0.0008775773356610728
T-IDM,2.1,2,-0.0008962523904862962
T-IDM,2.2,2,-0.0009131347095472364
T-IDM,2.3000000000000003,2,-0.0009283020308679113
T-IDM,2.4000000000000004,2,-0.0009418303564512343
T-IDM,2.5,2,-0.0009537938721795314
T-IDM,2.6,2,-0.0009642648830965328
T-IDM,2.7,2,-0.0009733137625502764
T-IDM,2.8000000000000003,2,-0.0009810089138024836
T-IDM,2.9000000000000004,2,-0.000987416742825431
T-IDM,3.0,2,-0.0009926016411245797
T-IDM,3.1,2,-0.0009966259774927266
T-IDM,3.2,2,-0.0009995500977311167
T-IDM,3.3000000000000003,2,-0.0010014323314369022
T-IDM,3.4000000000000004,2,-0.0010023290050291678
T-IDM,3.5,2,-0.0010022944602692263
T-IDM,3.6,2,-0.0010013810775948428
T-IDM,3.7,2,-0.0009996393036324491
T-IDM,3.8000000000000003,2,-0.0009971176823508898
T-IDM,3.9000000000000004,2,-0.0009938628893042534
T-IDM,4.0,2,-0.0009899197685232508
T-IDM,4.1000000000000005,2,-0.0009853313716305934
T-IDM,4.2,2,-0.0009801389987753595
T-IDM,4.3,2,-0.0009743822410701597
T-IDM,4.4,2,-0.000968099024195368
T-IDM,4.5,2,-0.0009613256529021896
T-IDM,4.6000000000000005,2,-0.0009540968561552177
T-IDM,4.7,2,-0.0009464458326871039
T-IDM,4.800000000000001,2,-0.0009384042967699457
T-IDM,4.9,2,-0.0009300025240150944
T-IDM,5.0,2,-0.0009212693970397368
T-IDM,5.1000000000000005,2,-0.0009122324508616941
T-IDM,5.2,2,-0.0009029179178945412
T-IDM,5.300000000000001,2,-0.0008933507724240286
T-IDM,5.4,2,-0.0008835547744787675
T-IDM,5.5,2,-0.0008735525129992538
T-IDM,5.6000000000000005,2,-0.0008633654482324005
T-IDM,5.7,2,-0.0008530139532876291
T-IDM,5.800000000000001,2,-0.0008425173547941256
T-IDM,5.9,2,-0.0008318939726112973
T-IDM,6.0,2,-0.0008211611585462464
T-IDM,6.1000000000000005,2,-0.0008103353340374042
T-IDM,6.2,2,-0.0007994320267741273
T-IDM,6.300000000000001,2,-0.0007884659062291632
T-IDM,6.4,2,-0.0007774508180506956
T-IDM,6.5,2,-0.0007663998173210729
T-IDM,6.6000000000000005,2,-0.0007553252006218258
T-IDM,6.7,2,-0.0007442385369049731
T-IDM,6.800000000000001,2,-0.0007331506971244295
T-IDM,6.9,2,-0.0007220718826097539
T-IDM,7.0,2,-0.0007110116521324983
T-IDM,7.1000000000000005,2,-0.0006999789476331841
T-IDM,7.2,2,-0.0006889821185680489
T-IDM,7.300000000000001,2,-0.0006780289448009569
T-IDM,7.4,2,-0.0006671266579978408
T-IDM,7.5,2,-0.0006562819614330806
T-IDM,7.6000000000000005,2,-0.0006455010481207779
T-IDM,7.7,2,-0.0006347896171732259
T-IDM,7.800000000000001,2,-0.0006241528882444669
T-IDM,7.9,2,-0.000613595613943474
T-IDM,8.0,2,-0.0006031220900197809
T-IDM,8.1,2,-0.0005927361631492545
T-IDM,8.200000000000001,2,-0.0005824412360873055
T-IDM,8.3,2,-0.0005722402699319673
T-IDM,8.4,2,-0.0005621357832001905
T-IDM,8.5,2,-0.0005521298473851743
T-IDM,8.6,2,-0.0005422240786021604
T-IDM,8.700000000000001,2,-0.0005324196248857049
T-IDM,8.8,2,-0.0005227171486410498
T-IDM,8.9,2,-0.0005131168036935918
T-IDM,9.0,2,-0.0005036182062863048
T-IDM,9.1,2,-0.0004942203993287819
T-IDM,9.200000000000001,2,-0.00048492180908077387
T-IDM,9.3,2,-0.00047572019339270355
T-IDM,9.4,2,-0.0004666125804799748
T-IDM,9.5,2,-0.0004575951971368397
T-IDM,9.600000000000001,2,-0.0004486633851357169
T-IDM,9.700000000000001,2,-0.0004398115044512707
T-IDM,9.8,2,-0.0004310328217851378
T-IDM,9.9,2,-0.00042231938271797276
T-IDM,10.0,2,-0.0004136618656591651
T-IDM,10.100000000000001,2,-0.00040504941556029905
T-IDM,10.200000000000001,2,-0.00039646945519322685
T-IDM,10.3,2,-0.00038790747157868566
T-IDM,10.4,2,-0.0003793467749400037
T-IDM,10.5,2,-0.0003707682273290658
T-IDM,10.600000000000001,2,-0.0003621499378496651
T-IDM,10.700000000000001,2,-0.0003534669211351371
T-IDM,10.8,2,-0.0003446907155009171
T-IDM,10.9,2,-0.00033578895693509025
T-IDM,11.0,2,-0.0003267249047933518
T-IDM,11.100000000000001,2,-0.0003174569148356454
T-IDM,11.200000000000001,2,-0.00030793785492555514
T-IDM,11.3,2,-0.00029811445848437756
T-IDM,11.4,2,-0.000287926610468503
T-IDM,11.5,2,-0.0002773065604380065
T-IDM,11.600000000000001,2,-0.0002661780569805927
T-IDM,11.700000000000001,2,-0.0002544553975649677
T-IDM,11.8,2,-0.0002420423876312583
T-IDM,11.9,2,-0.0002288312026017536
T-IDM,12.0,2,-0.000214701146280305
T-IDM,12.100000000000001,2,-0.00019951729903233684
T-IDM,12.200000000000001,2,-0.00018312904902550997
T-IDM,12.3,2,-0.00016536849983772584
T-IDM,12.4,2,-0.00014604874773027632
T-IDM,12.5,2,-0.00012496202202783024
T-IDM,12.600000000000001,2,-0.00010187768221392446
T-IDM,12.700000000000001,2,-7.654006563129201e-05
T-IDM,12.8,2,-4.866618003696033e-05
T-IDM,12.9,2,-1.7943235736339602e-05
T-IDM,13.0,2,1.5973987396833422e-05
T-IDM,13.100000000000001,2,5.346594199551191e-05
T-IDM,13.200000000000001,2,9.495128750103277e-05
T-IDM,13.3,2,0.00014089003887640672
T-IDM,13.4,2,0.00019178689073839905
T-IDM,13.5,2,0.0002481947166774745
T-IDM,13.600000000000001,2,0.00031071824203543486
T-IDM,13.700000000000001,2,0.00038001788684383087
T-IDM,13.8,2,0.0004568137738054645
T-IDM,13.9,2,0.0005418898942437522
T-IDM,14.0,2,0.0006360984228166444
T-IDM,14.100000000000001,2,0.0007403641694612162
T-IDM,14.200000000000001,2,0.0008556891545712375
T-IDM,14.3,2,0.0009831572907543773
T-IDM,14.4,2,0.0011239391516983943
T-IDM,14.5,2,0.001279296805762442
T-IDM,14.600000000000001,2,0.0014505886888080965
T-IDM,14.700000000000001,2,0.0016392744876085885
T-IDM,14.8,2,0.0018469200019080034
T-IDM,14.9,2,0.002075201949866212
T-IDM,15.0,2,0.0023259126782466666
T-IDM,15.100000000000001,2,0.0026009647353539833
T-IDM,15.200000000000001,2,0.0029023952613940196
T-IDM,15.3,2,0.003232370147657093
T-IDM,15.4,2,0.0035931879128199284
T-IDM,15.5,2,0.0039872832416829596
T-IDM,15.600000000000001,2,0.004417230128908045
T-IDM,15.700000000000001,2,0.004885744567872052
T-IDM,15.8,2,0.005395686722559745
T-IDM,15.9,2,0.005950062518705224
T-IDM,16.0,2,0.006552024589018046
T-IDM,16.1,2,0.007204872506514803
T-IDM,16.2,2,0.007912052239710476
T-IDM,16.3,2,0.008677154763729433
T-IDM,16.400000000000002,2,0.009503913762399563
T-IDM,16.5,2,0.010396202358080586
T-IDM,16.6,2,0.011358028808439613
T-IDM,16.7,2,0.012393531112614653
T-IDM,16.8,2,0.013506970473272872
T-IDM,16.900000000000002,2,0.01470272356599267
T-IDM,17.0,2,0.01598527357315227
T-IDM,17.1,2,0.01735919994614399
T-IDM,17.2,2,0.018829166867238456
T-IDM,17.3,2,0.020399910390748843
T-IDM,17.400000000000002,2,0.0220762242522774
T-IDM,17.5,2,0.02386294434475289
T-IDM,17.6,2,0.02576493187056883
T-IDM,17.7,2,0.027787055190398036
T-IDM,17.8,2,0.02993417040105051
T-IDM,17.900000000000002,2,0.03221110068704469
T-IDM,18.0,2,0.03462261450312809
T-IDM,18.1,2,0.037173402657884935
T-IDM,18.2,2,0.03986805438147556
T-IDM,18.3,2,0.04271103247347341
T-IDM,18.400000000000002,2,0.04570664763949317
T-IDM,18.5,2,0.048859032137677616
T-IDM,18.6,2,0.052172112868003495
T-IDM,18.7,2,0.055649584048618195
T-IDM,18.8,2,0.0592948796338586
T-IDM,18.900000000000002,2,0.06311114563808395
T-IDM,19.0,2,0.06710121253786916
T-IDM,19.1,2,0.07126756793223343
T-IDM,19.200000000000003,2,0.07561232964642706
T-IDM,19.3,2,0.08013721946910302
T-IDM,19.400000000000002,2,0.08484353771547859
T-IDM,19.5,2,0.08973213881025188
T-IDM,19.6,2,0.094803408083445
T-IDM,19.700000000000003,2,0.10005723997004878
T-IDM,19.8,2,0.10549301780029552
T-IDM,19.900000000000002,2,0.11110959536154574
T-IDM,20.0,2,0.11690528040524129
T-IDM,20.1,2,0.12287782026316307
T-IDM,20.200000000000003,2,0.1290243897263359
T-IDM,20.3,2,0.13534158132761753
T-IDM,20.400000000000002,2,0.14182539815513806
T-IDM,20.5,2,0.14847124930868105
T-IDM,20.6,2,0.1552739480948393
T-IDM,20.700000000000003,2,0.16222771303944405
T-IDM,20.8,2,0.16932617177762666
T-IDM,20.900000000000002,2,0.17656236786304014
T-IDM,21.0,2,0.18392877051833523
T-IDM,21.1,2,0.1914172873293225
T-IDM,21.200000000000003,2,0.199019279865297
T-IDM,21.3,2,0.2067255821881293
T-IDM,21.400000000000002,2,0.2145265221929602
T-IDM,21.5,2,0.2224119457039606
T-IDM,21.6,2,0.23037124322967628
T-IDM,21.700000000000003,2,0.23839337926419013
T-IDM,21.8,2,0.24646692400285808
T-IDM,21.900000000000002,2,0.2545800873247419
T-IDM,22.0,2,0.2627207548782984
T-IDM,22.1,2,0.2708765260924366
T-IDM,22.200000000000003,2,0.27903475392183097
T-IDM,22.3,2,0.2871825861234747
T-IDM,22.400000000000002,2,0.295307007850937
T-IDM,22.5,2,0.3033948853437032
T-IDM,22.6,2,0.31143301048144245
T-IDM,22.700000000000003,2,0.3194081459669924
T-IDM,22.8,2,0.32730707089746147
T-IDM,22.900000000000002,2,0.3351166264799712
T-IDM,23.0,2,0.34282376164740924
T-IDM,23.1,2,0.35041557832994563
T-IDM,23.200000000000003,2,0.3578793761401595
T-IDM,23.3,2,0.3652026962332613
T-IDM,23.400000000000002,2,0.372373364109162
T-IDM,23.5,2,0.37937953113000056
T-IDM,23.6,2,0.3862097145350294
T-IDM,23.700000000000003,2,0.39285283574462504
T-IDM,23.8,2,0.3992982567563814
T-IDM,23.900000000000002,2,0.4055358144488128
T-IDM,24.0,2,0.4115558526220049
T-IDM,24.1,2,0.4173492516194717
T-IDM,24.200000000000003,2,0.42290745539151686
T-IDM,24.3,2,0.42822249587731775
T-IDM,24.400000000000002,2,0.4332870146006442
T-IDM,24.5,2,0.43809428139255857
T-IDM,24.6,2,0.44263821017329796
T-IDM,24.700000000000003,2,0.4469133717448379
T-IDM,24.8,2,0.4509150035650791
T-IDM,24.900000000000002,2,0.45463901649409877
T-IDM,25.0,2,0.45808199852228526
T-IDM,25.1,2,0.46124121550924535
T-IDM,25.200000000000003,2,0.4641146089809993
T-IDM,25.3,2,0.4667007910509362
T-IDM,25.400000000000002,2,0.4689990365472827
T-IDM,25.5,2,0.47100927244606616
T-IDM,25.6,2,0.47273206472382867
T-IDM,25.700000000000003,2,0.47416860275838424
T-IDM,25.8,2,0.4753206814186779
T-IDM,25.900000000000002,2,0.476190680996158
T-IDM,26.0,2,0.47678154513997484
T-IDM,26.1,2,0.47709675696668974
T-IDM,26.200000000000003,2,0.47714031352196784
T-IDM,26.3,2,0.4769166987769218
T-IDM,26.400000000000002,2,0.4764308553453791
T-IDM,26.5,2,0.4756881551103138
T-IDM,26.6,2,0.47469436894816397
T-IDM,26.700000000000003,2,0.47345563573865235
T-IDM,26.8,2,0.4719784308452031
T-IDM,26.900000000000002,2,0.4702695342471621
T-IDM,27.0,2,0.46833599849981233
T-IDM,27.1,2,0.46618511669183604
T-IDM,27.200000000000003,2,0.46382439056240266
T-IDM,27.3,2,0.46126149893167323
T-IDM,27.400000000000002,2,0.4585042665892818
T-IDM,27.5,2,0.4555606337754057
T-IDM,27.6,2,0.45243862637852317
T-IDM,27.700000000000003,2,0.44914632696300494
T-IDM,27.8,2,0.44569184672839945
T-IDM,27.900000000000002,2,0.4420832984907914
T-IDM,28.0,2,0.4383287707650769
T-IDM,28.1,2,0.43443630301547387
T-IDM,28.200000000000003,2,0.43041386213024424
T-IDM,28.3,2,0.4262693201654528
T-IDM,28.400000000000002,2,0.4220104333918524
T-IDM,28.5,2,0.41764482266858494
T-IDM,28.6,2,0.41317995515755257
T-IDM,28.700000000000003,2,0.40862312738296325
T-IDM,28.8,2,0.4039814496318712
T-IDM,28.900000000000002,2,0.3992618316834733
T-IDM,29.0,2,0.3944709698475233
T-IDM,29.1,2,0.3896153352855851
T-IDM,29.200000000000003,2,0.3847011635828803
T-IDM,29.3,2,0.37973444553327695
T-IDM,29.400000000000002,2,0.3747209190954841
T-IDM,29.5,2,0.36966606247472633
T-IDM,29.6,2,0.3645750882811516
T-IDM,29.700000000000003,2,0.3594529387138099
T-IDM,29.8,2,0.3543042817173525
T-IDM,29.900000000000002,2,0.34913350805749843
T-IDM,30.0,2,0.34394472926084596
T-IDM,30.1,2,0.33874177636464253
T-IDM,30.200000000000003,2,0.3335281994227248
T-IDM,30.3,2,0.3283072677149068
T-IDM,30.400000000000002,2,0.3230819706085679
T-IDM,30.5,2,0.31785501902305136
T-IDM,30.6,2,0.3126288474497425
T-IDM,30.700000000000003,2,0.30740561648313935
T-IDM,30.8,2,0.302187215821041
T-IDM,30.900000000000002,2,0.29697526769489535
T-IDM,31.0,2,0.2917711306945172
T-IDM,31.1,2,0.2865759039545779
T-IDM,31.200000000000003,2,0.281390431673616
T-IDM,31.3,2,0.27621530793970805
T-IDM,31.400000000000002,2,0.2710508818402335
T-IDM,31.5,2,0.26589726283658344
T-IDM,31.6,2,0.2607543263878558
T-IDM,31.700000000000003,2,0.25562171981083637
T-IDM,31.8,2,0.2504988683665559
T-IDM,31.900000000000002,2,0.245384981566648
T-IDM,32.0,2,0.24027905969549934
T-IDM,32.1,2,0.23517990054665994
T-IDM,32.2,2,0.23008610637440619
T-IDM,32.300000000000004,2,0.22499609106337815
T-IDM,32.4,2,0.21990808752113722
T-IDM,32.5,2,0.2148201553000817
T-IDM,32.6,2,0.20973018845652724
T-IDM,32.7,2,0.20463592365579508
T-IDM,32.800000000000004,2,0.19953494853304576
T-IDM,32.9,2,0.19442471032000874
T-IDM,33.0,2,0.18930252474808817
T-IDM,33.1,2,0.18416558523823845
T-IDM,33.2,2,0.17901097238766717
T-IDM,33.300000000000004,2,0.17383566376285664
T-IDM,33.4,2,0.1686365440074571
T-IDM,33.5,2,0.16341041527249267
T-IDM,33.6,2,0.15815400797488266
T-IDM,33.7,2,0.15286399188860145
T-IDM,33.800000000000004,2,0.14753698757091627
T-IDM,33.9,2,0.1421695781239496
T-IDM,34.0,2,0.13675832128946475
T-IDM,34.1,2,0.1312997618722136
T-IDM,34.2,2,0.12579044448438736
T-IDM,34.300000000000004,2,0.12022692660080381
T-IDM,34.4,2,0.11460579191136233
T-IDM,34.5,2,0.10892366395407116
T-IDM,34.6,2,0.10317722000860563
T-IDM,34.7,2,0.09736320522695507
T-IDM,34.800000000000004,2,0.0914784469741825
T-IDM,34.9,2,0.08551986934880595
T-IDM,35.0,2,0.0794845078487505
T-IDM,35.1,2,0.07336952414528497
T-IDM,35.2,2,0.06717222092380659
T-IDM,35.300000000000004,2,0.06089005674699166
T-IDM,35.4,2,0.05452066089238272
T-IDM,35.5,2,0.04806184811338632
T-IDM,35.6,2,0.04151163326951668
T-IDM,35.7,2,0.03486824576894243
T-IDM,35.800000000000004,2,0.028130143763716475
T-IDM,35.9,2,0.021296028035747483
T-IDM,36.0,2,0.014364855509452212
T-IDM,36.1,2,0.007335852325308423
T-IDM,36.2,2,0.0002085264070874615
T-IDM,36.300000000000004,2,-0.007017320545427808
T-IDM,36.4,2,-0.01434158170712685
T-IDM,36.5,2,-0.021763834490641898
T-IDM,36.6,2,-0.029283330690583753
T-IDM,36.7,2,-0.036898987476963185
T-IDM,36.800000000000004,2,-0.044609379304528574
T-IDM,36.9,2,-0.052412730803073515
T-IDM,37.0,2,-0.06030691071145711
T-IDM,37.1,2,-0.0682894269152925
T-IDM,37.2,2,-0.07635742264497658
T-IDM,37.300000000000004,2,-0.08450767388685243
T-IDM,37.4,2,-0.09273658805599183
T-IDM,37.5,2,-0.10104020397421998
T-IDM,37.6,2,-0.10941419319166279
T-IDM,37.7,2,-0.11785386268433307
T-IDM,37.800000000000004,2,-0.1263541589540349
T-IDM,37.9,2,-0.13490967355028438
T-IDM,38.0,2,-0.1435146500269333
T-IDM,38.1,2,-0.15216299233893515
T-IDM,38.2,2,-0.16084827467713758
T-IDM,38.300000000000004,2,-0.16956375273123925
T-IDM,38.400000000000006,2,-0.17830237636309754
T-IDM,38.5,2,-0.18705680366463007
T-IDM,38.6,2,-0.19581941636640998
T-IDM,38.7,2,-0.2045823365551218
T-IDM,38.800000000000004,2,-0.2133374446500671
T-IDM,38.900000000000006,2,-0.22207639858113204
T-IDM,39.0,2,-0.23079065410309774
T-IDM,39.1,2,-0.2394714861738816
T-IDM,39.2,2,-0.24811001131739374
T-IDM,39.300000000000004,2,-0.25669721088515907
T-IDM,39.400000000000006,2,-0.2652239551248492
T-IDM,39.5,2,-0.2736810279582649
T-IDM,39.6,2,-0.2820591523664273
T-IDM,39.7,2,-0.29034901627504794
T-IDM,39.800000000000004,2,-0.29854129882993163
T-IDM,39.900000000000006,2,-0.3066266969488982
T-IDM,40.0,2,-0.31459595203447854
T-IDM,40.1,2,-0.32243987673007446
T-IDM,40.2,2,-0.33014938160147445
T-IDM,40.300000000000004,2,-0.3377155016255138
T-IDM,40.400000000000006,2,-0.3451294223683874
T-IDM,40.5,2,-0.3523825057375767
T-IDM,40.6,2,-0.3594663151934583
T-IDM,40.7,2,-0.3663726403096472
T-IDM,40.800000000000004,2,-0.3730935205746082
T-IDM,40.900000000000006,2,-0.3796212683314337
T-IDM,41.0,2,-0.3859484907574142
T-IDM,41.1,2,-0.392068110790607
T-IDM,41.2,2,-0.3979733869164992
T-IDM,41.300000000000004,2,-0.40365793173438824
T-IDM,41.400000000000006,2,-0.4091157292299794
T-IDM,41.5,2,-0.4143411506880117
T-IDM,41.6,2,-0.4193289691862834
T-IDM,41.7,2,-0.4240743726203853
T-IDM,41.800000000000004,2,-0.42857297521641335
T-IDM,41.900000000000006,2,-0.43282082749725603
T-IDM,42.0,2,-0.4368144246762373
T-IDM,42.1,2,-0.44055071346026153
T-IDM,42.2,2,-0.44402709725287615
T-IDM,42.300000000000004,2,-0.44724143975581043
T-IDM,42.400000000000006,2,-0.4501920669756334
T-IDM,42.5,2,-0.45287776764996934
T-IDM,42.6,2,-0.4552977921153225
T-IDM,42.7,2,-0.4574518496458886
T-IDM,42.800000000000004,2,-0.45934010429964367
T-IDM,42.900000000000006,2,-0.46096316931468095
T-IDM,43.0,2,-0.46232210010492736
T-IDM,43.1,2,-0.46341838591016504
T-IDM,43.2,2,-0.4642539401606207
T-IDM,43.300000000000004,2,-0.46483108962122444
T-IDM,43.400000000000006,2,-0.4651525623849899
T-IDM,43.5,2,-0.46522147478885856
T-IDM,43.6,2,-0.4650413173286765
T-IDM,43.7,2,-0.46461593965277537
T-IDM,43.800000000000004,2,-0.46394953471598477
T-IDM,43.900000000000006,2,-0.46304662217768033
T-IDM,44.0,2,-0.461912031128735
T-IDM,44.1,2,-0.4605508822330666
T-IDM,44.2,2,-0.4589685693697394
T-IDM,44.300000000000004,2,-0.4571707408614145
T-IDM,44.400000000000006,2,-0.45516328037432885
T-IDM,44.5,2,-0.45295228757387385
T-IDM,44.6,2,-0.4505440586184104
T-IDM,44.7,2,-0.44794506657205524
T-IDM,44.800000000000004,2,-0.44516194181494484
T-IDM,44.900000000000006,2,-0.44220145252690557
T-IDM,45.0,2,-0.4390704853175862
T-IDM,45.1,2,-0.4357760260729062
T-IDM,45.2,2,-0.4323251410842843
T-IDM,45.300000000000004,2,-0.42872495852344095
T-IDM,45.400000000000006,2,-0.4249826503217484
T-IDM,45.5,2,-0.42110541450905714
T-IDM,45.6,2,-0.41710045806284946
T-IDM,45.7,2,-0.41297498031426727
T-IDM,45.800000000000004,2,-0.4087361569532728
T-IDM,45.900000000000006,2,-0.4043911246708376
T-IDM,46.0,2,-0.39994696647164574
T-IDM,46.1,2,-0.3954106976864207
T-IDM,46.2,2,-0.39078925270866804
T-IDM,46.300000000000004,2,-0.38608947247629644
T-IDM,46.400000000000006,2,-0.3813180927143538
T-IDM,46.5,2,-0.37648173295107235
T-IDM,46.6,2,-0.3715868863153222
T-IDM,46.7,2,-0.36663991011980457
T-IDM,46.800000000000004,2,-0.3616470172305455
T-IDM,46.900000000000006,2,-0.35661426821976505
T-IDM,47.0,2,-0.35154756429581724
T-IDM,47.1,2,-0.346452641000738
T-IDM,47.2,2,-0.34133506266299385
T-IDM,47.300000000000004,2,-0.3362002175902621
T-IDM,47.400000000000006,2,-0.3310533139845724
T-IDM,47.5,2,-0.3258993765597644
T-IDM,47.6,2,-0.3207432438392104
T-IDM,47.7,2,-0.31558956610983024
T-IDM,47.800000000000004,2,-0.31044280400679014
T-IDM,47.900000000000006,2,-0.30530722770187957
T-IDM,48.0,2,-0.300186916667327
T-IDM,48.1,2,-0.29508575998585584
T-IDM,48.2,2,-0.29000745717696574
T-IDM,48.300000000000004,2,-0.28495551950885023
T-IDM,48.400000000000006,2,-0.27993327176497473
T-IDM,48.5,2,-0.2749438544341274
T-IDM,48.6,2,-0.26999022629269476
T-IDM,48.7,2,-0.26507516734807446
T-IDM,48.800000000000004,2,-0.26020128211237825
T-IDM,48.900000000000006,2,-0.2553710031760321
T-IDM,49.0,2,-0.25058659505140035
T-IDM,49.1,2,-0.2458501582572339
T-IDM,49.2,2,-0.24116363361554072
T-IDM,49.300000000000004,2,-0.23652880673330046
T-IDM,49.400000000000006,2,-0.23194731264245405
T-IDM,49.5,2,-0.2274206405725625
T-IDM,49.6,2,-0.22295013883167947
T-IDM,49.7,2,-0.2185370197720662
T-IDM,49.800000000000004,2,-0.21418236481860298
T-IDM,49.900000000000006,2,-0.20988712953890065
T-IDM,50.0,2,-0.2056521487354388
T-IDM,50.1,2,-0.2014781415411946
T-IDM,50.2,2,-0.1973657165015652
T-IDM,50.300000000000004,2,-0.19331537662657183
T-IDM,50.400000000000006,2,-0.18932752439859968
T-IDM,50.5,2,-0.18540246672213634
T-IDM,50.6,2,-0.18154041980317714
T-IDM,50.7,2,-0.17774151394710458
T-IDM,50.800000000000004,2,-0.17400579826503026
T-IDM,50.900000000000006,2,-0.17033324527963956
T-IDM,51.0,2,-0.1667237554226837
T-IDM,51.1,2,-0.16317716141724325
T-IDM,51.2,2,-0.1596932325388707
T-IDM,51.300000000000004,2,-0.15627167875065062
T-IDM,51.400000000000006,2,-0.15291215470809227
T-IDM,51.5,2,-0.14961426363057484
T-IDM,51.6,2,-0.1463775610368625
T-IDM,51.7,2,-0.1432015583429216
T-IDM,51.800000000000004,2,-0.14008572632094385
T-IDM,51.900000000000006,2,-0.13702949841911227
T-IDM,52.0,2,-0.13403227394221418
T-IDM,52.1,2,-0.1310934210937429
T-IDM,52.2,2,-0.1282122798805947
T-IDM,52.300000000000004,2,-0.12538816488190996
T-IDM,52.400000000000006,2,-0.12262036788401609
T-IDM,52.5,2,-0.11990816038374597
T-IDM,52.6,2,-0.11725079596273424
T-IDM,52.7,2,-0.11464751253557814
T-IDM,52.800000000000004,2,-0.1120975344749322
T-IDM,52.900000000000006,2,-0.1096000746168766
T-IDM,53.0,2,-0.10715433614999981
T-IDM,53.1,2,-0.10475951439182296
T-IDM,53.2,2,-0.10241479845627133
T-IDM,53.300000000000004,2,-0.10011937281597838
T-IDM,53.400000000000006,2,-0.09787241876332331
T-IDM,53.5,2,-0.09567311577402826
T-IDM,53.6,2,-0.09352064277728367
T-IDM,53.7,2,-0.0914141793362635
T-IDM,53.800000000000004,2,-0.08935290674294905
T-IDM,53.900000000000006,2,-0.08733600903108396
T-IDM,54.0,2,-0.08536267391108154
T-IDM,54.1,2,-0.08343209363062876
T-IDM,54.2,2,-0.08154346576463745
T-IDM,54.300000000000004,2,-0.07969599393817006
T-IDM,54.400000000000006,2,-0.07788888848582509
T-IDM,54.5,2,-0.07612136705099637
T-IDM,54.6,2,-0.07439265512832804
T-IDM,54.7,2,-0.07270198655257154
T-IDM,54.800000000000004,2,-0.07104860393695844
T-IDM,54.900000000000006,2,-0.06943175906406296
T-IDM,55.0,2,-0.06785071323206182
T-IDM,55.1,2,-0.06630473755915567
T-IDM,55.2,2,-0.064793113248788
T-IDM,55.300000000000004,2,-0.06331513181824633
T-IDM,55.400000000000006,2,-0.06187009529305243
T-IDM,55.5,2,-0.06045731636947771
T-IDM,55.6,2,-0.05907611854738448
T-IDM,55.7,2,-0.0577258362355213
T-IDM,55.800000000000004,2,-0.05640581483125651
T-IDM,55.900000000000006,2,-0.055115410776663154
T-IDM,56.0,2,-0.05385399159274051
T-IDM,56.1,2,-0.05262093589349526
T-IDM,56.2,2,-0.051415633381473924
T-IDM,56.300000000000004,2,-0.05023748482627077
T-IDM,56.400000000000006,2,-0.04908590202745167
T-IDM,56.5,2,-0.04796030776322624
T-IDM,56.6,2,-0.04686013572615799
T-IDM,56.7,2,-0.045784830447063385
T-IDM,56.800000000000004,2,-0.0447338472082528
T-IDM,56.900000000000006,2,-0.04370665194713652
T-IDM,57.0,2,-0.042702721151178125
T-IDM,57.1,2,-0.04172154174511178
T-IDM,57.2,2,-0.040762610971260216
T-IDM,57.300000000000004,2,-0.03982543626376156
T-IDM,57.400000000000006,2,-0.03890953511742801
T-IDM,57.5,2,-0.03801443495193979
T-IDM,57.6,2,-0.037139672971990834
T-IDM,57.7,2,-0.03628479602398649
T-IDM,57.800000000000004,2,-0.035449360449840484
T-IDM,57.900000000000006,2,-0.034632931938366696
T-IDM,58.0,2,-0.03383508537473112
T-IDM,58.1,2,-0.033055404688402845
T-IDM,58.2,2,-0.032293482699982334
T-IDM,58.300000000000004,2,-0.0315489209672819
T-IDM,58.400000000000006,2,-0.03082132963097628
T-IDM,58.5,2,-0.030110327260137737
T-IDM,58.6,2,-0.02941554069791863
T-IDM,58.7,2,-0.028736604907651397
T-IDM,58.800000000000004,2,-0.028073162819570285
T-IDM,58.900000000000006,2,-0.027424865178380387
T-IDM,59.0,2,-0.026791370391849867
T-IDM,59.1,2,-0.02617234438060123
T-IDM,59.2,2,-0.02556746042924196
T-IDM,59.300000000000004,2,-0.02497639903897131
T-IDM,59.400000000000006,2,-0.02439884778180179
T-IDM,59.5,2,-0.023834501156457577
T-IDM,59.6,2,-0.02328306044609363
T-IDM,59.7,2,-0.022744233577878248
T-IDM,59.800000000000004,2,-0.02221773498452606
T-IDM,59.900000000000006,2,-0.02170328546784539
T-IDM,60.0,2,-0.02120061206432844
T-IDM,60.1,2,-0.020709447912851786
T-IDM,60.2,2,-0.020229532124515615
T-IDM,60.300000000000004,2,-0.019760609654632333
T-IDM,60.400000000000006,2,-0.01930243117690189
T-IDM,60.5,2,-0.01885475295979866
T-IDM,60.6,2,-0.018417336745136126
T-IDM,60.7,2,-0.01798994962886802
T-IDM,60.800000000000004,2,-0.017572363944093894
T-IDM,60.900000000000006,2,-0.017164357146256748
T-IDM,61.0,2,-0.016765711700557517
T-IDM,61.1,2,-0.01637621497155095
T-IDM,61.2,2,-0.015995659114912186
T-IDM,61.300000000000004,2,-0.01562384097135805
T-IDM,61.400000000000006,2,-0.01526056196271064
T-IDM,61.5,2,-0.014905627990069448
T-IDM,61.6,2,-0.014558849334077806
T-IDM,61.7,2,-0.01422004055726589
T-IDM,61.800000000000004,2,-0.01388902040842055
T-IDM,61.900000000000006,2,-0.013565611728973082
T-IDM,62.0,2,-0.013249641361376518
T-IDM,62.1,2,-0.012940940059429806
T-IDM,62.2,2,-0.012639342400532882
T-IDM,62.300000000000004,2,-0.012344686699828245
T-IDM,62.400000000000006,2,-0.012056814926211246
T-IDM,62.5,2,-0.011775572620162933
T-IDM,62.6,2,-0.011500808813385888
T-IDM,62.7,2,-0.011232375950203988
T-IDM,62.800000000000004,2,-0.010970129810690565
T-IDM,62.900000000000006,2,-0.010713929435500091
T-IDM,63.0,2,-0.01046363705237141
T-IDM,63.1,2,-0.010219118004249239
T-IDM,63.2,2,-0.00998024067902925
T-IDM,63.300000000000004,2,-0.00974687644086103
T-IDM,63.400000000000006,2,-0.009518899562984018
T-IDM,63.5,2,-0.00929618716209113
T-IDM,63.6,2,-0.009078619134138322
T-IDM,63.7,2,-0.008866078091624985
T-IDM,63.800000000000004,2,-0.008658449302268778
T-IDM,63.900000000000006,2,-0.0084556206290749
T-IDM,64.0,2,-0.008257482471757172
T-IDM,64.10000000000001,2,-0.008063927709480723
T-IDM,64.2,2,-0.00787485164489965
T-IDM,64.3,2,-0.007690151949464763
T-IDM,64.4,2,-0.007509728609964128
T-IDM,64.5,2,-0.00733348387628574
T-IDM,64.60000000000001,2,-0.007161322210356147
T-IDM,64.7,2,-0.006993150236235479
T-IDM,64.8,2,-0.0068288766913546795
T-IDM,64.9,2,-0.0066684123788434135
T-IDM,65.0,2,-0.006511670120959323
T-IDM,0.0,3,0.0
T-IDM,0.1,3,-7.178710112576425e-05
T-IDM,0.2,3,-0.00014021653138840406
T-IDM,0.30000000000000004,3,-0.0002054453740232276
T-IDM,0.4,3,-0.0002676192782100628
T-IDM,0.5,3,-0.0003268735419474922
T-IDM,0.6000000000000001,3,-0.0003833340921062245
T-IDM,0.7000000000000001,3,-0.00043711837079918325
T-IDM,0.8,3,-0.0004883361364953487
T-IDM,0.9,3,-0.0005370901875387801
T-IDM,1.0,3,-0.0005834770151267321
T-IDM,1.1,3,-0.0006275873921861574
T-IDM,1.2000000000000002,3,-0.0006695069040247859
T-IDM,1.3,3,-0.0007093164261640084
T-IDM,1.4000000000000001,3,-0.0007470925542492068
T-IDM,1.5,3,-0.0007829079905530278
T-IDM,1.6,3,-0.0008168318911465633
T-IDM,1.7000000000000002,3,-0.0008489301775203018
T-IDM,1.8,3,-0.0008792658160263755
T-IDM,1.9000000000000001,3,-0.0009078990682862553
T-IDM,2.0,3,-0.0009348877153811941
T-IDM,2.1,3,-0.0009602872584135724
T-IDM,2.2,3,-0.0009841510977786072
T-IDM,2.3000000000000003,3,-0.0010065306932940388
T-IDM,2.4000000000000004,3,-0.0010274757071080387
T-IDM,2.5,3,-0.0010470341311741294
T-IDM,2.6,3,-0.001065252400865191
T-IDM,2.7,3,-0.0010821754961831687
T-IDM,2.8000000000000003,3,-0.0010978470318878664
T-IDM,2.9000000000000004,3,-0.0011123093377225501
T-IDM,3.0,3,-0.0011256035297986244
T-IDM,3.1,3,-0.0011377695741394689
T-IDM,3.2,3,-0.0011488463432360874
T-IDM,3.3000000000000003,3,-0.0011588716664068244
T-IDM,3.4000000000000004,3,-0.001167882374673468
T-IDM,3.5,3,-0.001175914340807438
T-IDM,3.6,3,-0.0011830025150931789
T-IDM,3.7,3,-0.0011891809573469914
T-IDM,3.8000000000000003,3,-0.0011944828656407225
T-IDM,3.9000000000000004,3,-0.0011989406021548632
T-IDM,4.0,3,-0.001202585716509219
T-IDM,4.1000000000000005,3,-0.0012054489669193202
T-IDM,4.2,3,-0.0012075603394663403
T-IDM,4.3,3,-0.0012089490657345436
T-IDM,4.4,3,-0.0012096436390471865
T-IDM,4.5,3,-0.0012096718295069309
T-IDM,4.6000000000000005,3,-0.0012090606980272867
T-IDM,4.7,3,-0.0012078366094883108
T-IDM,4.800000000000001,3,-0.001206025245185316
T-IDM,4.9,3,-0.0012036516146682885
T-IDM,5.0,3,-0.0012007400670803747
T-IDM,5.1000000000000005,3,-0.0011973143021002386
T-IDM,5.2,3,-0.0011933973805415832
T-IDM,5.300000000000001,3,-0.001189011734703982
T-IDM,5.4,3,-0.0011841791785016653
T-IDM,5.5,3,-0.0011789209174484228
T-IDM,5.6000000000000005,3,-0.0011732575585075011
T-IDM,5.7,3,-0.0011672091198668966
T-IDM,5.800000000000001,3,-0.0011607950406435918
T-IDM,5.9,3,-0.0011540341905522666
T-IDM,6.0,3,-0.001146944879540257
T-IDM,6.1000000000000005,3,-0.001139544867422515
T-IDM,6.2,3,-0.00113185137348637
T-IDM,6.300000000000001,3,-0.0011238810861140536
T-IDM,6.4,3,-0.0011156501723839085
T-IDM,6.5,3,-0.0011071742876733737
T-IDM,6.6000000000000005,3,-0.0010984685852495346
T-IDM,6.7,3,-0.0010895477258401343
T-IDM,6.800000000000001,3,-0.0010804258871726091
T-IDM,6.9,3,-0.0010711167734793747
T-IDM,7.0,3,-0.001061633624942715
T-IDM,7.1000000000000005,3,-0.001051989227068617
T-IDM,7.2,3,-0.0010421959199806707
T-IDM,7.300000000000001,3,-0.00103226560760028
T-IDM,7.4,3,-0.0010222097666918728
T-IDM,7.5,3,-0.0010120394557553425
T-IDM,7.6000000000000005,3,-0.0010017653237355262
T-IDM,7.7,3,-0.0009913976185114137
T-IDM,7.800000000000001,3,-0.0009809461951384435
T-IDM,7.9,3,-0.0009704205237870411
T-IDM,8.0,3,-0.0009598296973649667
T-IDM,8.1,3,-0.000949182438741758
T-IDM,8.200000000000001,3,-0.000938487107530861
T-IDM,8.3,3,-0.0009277517063832619
T-IDM,8.4,3,-0.0009169838866842639
T-IDM,8.5,3,-0.0009061909536178803
T-IDM,8.6,3,-0.0008953798704798288
T-IDM,8.700000000000001,3,-0.0008845572621343223
T-IDM,8.8,3,-0.0008737294175276134
T-IDM,8.9,3,-0.0008629022911037509
T-IDM,9.0,3,-0.0008520815029786633
T-IDM,9.1,3,-0.000841272337721577
T-IDM,9.200000000000001,3,-0.000830479741546597
T-IDM,9.3,3,-0.0008197083177066133
T-IDM,9.4,3,-0.0008089623198568319
T-IDM,9.5,3,-0.0007982456431232521
T-IDM,9.600000000000001,3,-0.0007875618125829931
T-IDM,9.700000000000001,3,-0.000776913968815407
T-IDM,9.8,3,-0.0007663048501687086
T-IDM,9.9,3,-0.0007557367713211249
T-IDM,10.0,3,-0.0007452115976693818
T-IDM,10.100000000000001,3,-0.0007347307150524784
T-IDM,10.200000000000001,3,-0.0007242949942263266
T-IDM,10.3,3,-0.000713904749467531
T-IDM,10.4,3,-0.0007035596906206365
T-IDM,10.5,3,-0.0006932588678072449
T-IDM,10.600000000000001,3,-0.0006830006079674433
T-IDM,10.700000000000001,3,-0.0006727824423009565
T-IDM,10.8,3,-0.0006626010236132629
T-IDM,10.9,3,-0.0006524520324209249
T-IDM,11.0,3,-0.0006423300706526192
T-IDM,11.100000000000001,3,-0.0006322285415993889
T-IDM,11.200000000000001,3,-0.0006221395146948083
T-IDM,11.3,3,-0.000612053573586735
T-IDM,11.4,3,-0.0006019596458290977
T-IDM,11.5,3,-0.0005918448123853892
T-IDM,11.600000000000001,3,-0.0005816940950289506
T-IDM,11.700000000000001,3,-0.0005714902195581573
T-IDM,11.8,3,-0.0005612133526327057
T-IDM,11.9,3,-0.0005508408098666706
T-IDM,12.0,3,-0.0005403467326825506
T-IDM,12.100000000000001,3,-0.0005297017313061758
T-IDM,12.200000000000001,3,-0.0005188724910958342
T-IDM,12.3,3,-0.0005078213393030495
T-IDM,12.4,3,-0.0004965057692007946
T-IDM,12.5,3,-0.000484877918403015
T-IDM,12.600000000000001,3,-0.00047288399807854375
T-IDM,12.700000000000001,3,-0.0004604636696381448
T-IDM,12.8,3,-0.0004475493654219065
T-IDM,12.9,3,-0.0004340655497969692
T-IDM,13.0,3,-0.00041992791706313426
T-IDM,13.100000000000001,3,-0.0004050425224999543
T-IDM,13.200000000000001,3,-0.00038930484292620804
T-IDM,13.3,3,-0.00037259876313378015
T-IDM,13.4,3,-0.00035479548467876043
T-IDM,13.5,3,-0.00033575235356231303
T-IDM,13.600000000000001,3,-0.0003153116035452541
T-IDM,13.700000000000001,3,-0.00029329901199126596
T-IDM,13.8,3,-0.0002695224654356565
T-IDM,13.9,3,-0.00024377043235190854
T-IDM,14.0,3,-0.00021581034099327212
T-IDM,14.100000000000001,3,-0.00018538686060587395
T-IDM,14.200000000000001,3,-0.00015222008484805372
T-IDM,14.3,3,-0.00011600361679775517
T-IDM,14.4,3,-7.640255563501341e-05
T-IDM,14.5,3,-3.305138579889899e-05
T-IDM,14.600000000000001,3,1.4448229741503837e-05
T-IDM,14.700000000000001,3,6.652974956189439e-05
T-IDM,14.8,3,0.0001236641436683783
T-IDM,14.9,3,0.0001863623685878224
T-IDM,15.0,3,0.00025517792188267663
T-IDM,15.100000000000001,3,0.0003307094690949697
T-IDM,15.200000000000001,3,0.0004136035347706013
T-IDM,15.3,3,0.0005045572478721283
T-IDM,15.4,3,0.0006043211303712326
T-IDM,15.5,3,0.0007137019163572234
T-IDM,15.600000000000001,3,0.0008335653873761117
T-IDM,15.700000000000001,3,0.0009648392081444968
T-IDM,15.8,3,0.0011085157451251604
T-IDM,15.9,3,0.0012656548488152453
T-IDM,16.0,3,0.001437386578935218
T-IDM,16.1,3,0.0016249138501009952
T-IDM,16.2,3,0.0018295149739309124
T-IDM,16.3,3,0.0020525460720506317
T-IDM,16.400000000000002,3,0.00229544333296694
T-IDM,16.5,3,0.0025597250844278108
T-IDM,16.6,3,0.002846993651685281
T-IDM,16.7,3,0.0031589369709550397
T-IDM,16.8,3,0.003497329926489101
T-IDM,16.900000000000002,3,0.003864035378947861
T-IDM,17.0,3,0.0042610048522853106
T-IDM,17.1,3,0.004690278846117835
T-IDM,17.2,3,0.0051539867405896445
T-IDM,17.3,3,0.00565434626105521
T-IDM,17.400000000000002,3,0.006193662470565187
T-IDM,17.5,3,0.006774326259117558
T-IDM,17.6,3,0.0073988122999519845
T-IDM,17.7,3,0.008069676444858231
T-IDM,17.8,3,0.008789552532540768
T-IDM,17.900000000000002,3,0.009561148586509916
T-IDM,18.0,3,0.01038724238179256
T-IDM,18.1,3,0.01127067636297241
T-IDM,18.2,3,0.012214351899601184
T-IDM,18.3,3,0.013221222868958549
T-IDM,18.400000000000002,3,0.014294288560426693
T-IDM,18.5,3,0.015436585900268085
T-IDM,18.6,3,0.01665118100051366
T-IDM,18.7,3,0.017941160040738424
T-IDM,18.8,3,0.019309619496867825
T-IDM,18.900000000000002,3,0.020759655736632965
T-IDM,19.0,3,0.02229435400695401
T-IDM,19.1,3,0.023916776844194132
T-IDM,19.200000000000003,3,0.02562995194396933
T-IDM,19.3,3,0.027436859532883773
T-IDM,19.400000000000002,3,0.029340419290113218
T-IDM,19.5,3,0.031343476872232046
T-IDM,19.6,3,0.03344879009983792
T-IDM,19.700000000000003,3,0.03565901486948775
T-IDM,19.8,3,0.037976690859029105
T-IDM,19.900000000000002,3,0.040404227098637335
T-IDM,20.0,3,0.04294388748356681
T-IDM,20.1,3,0.0455977763079396
T-IDM,20.200000000000003,3,0.04836782390153971
T-IDM,20.3,3,0.05125577245375901
T-IDM,20.400000000000002,3,0.05426316211032045
T-IDM,20.5,3,0.057391317429289046
T-IDM,20.6,3,0.06064133428304963
T-IDM,20.700000000000003,3,0.06401406729250247
T-IDM,20.8,3,0.06751011787851446
T-IDM,20.900000000000002,3,0.07112982301385173
T-IDM,21.0,3,0.07487324475626878
T-IDM,21.1,3,0.07874016064027067
T-IDM,21.200000000000003,3,0.08273005500120334
T-IDM,21.3,3,0.08684211130092123
T-IDM,21.400000000000002,3,0.09107520551926562
T-IDM,21.5,3,0.09542790067000695
T-IDM,21.6,3,0.09989844249390067
T-IDM,21.700000000000003,3,0.1044847563750011
T-IDM,21.8,3,0.10918444551948703
T-IDM,21.900000000000002,3,0.11399479042907679
T-IDM,22.0,3,0.11891274969359955
T-IDM,22.1,3,0.12393496211957711
T-IDM,22.200000000000003,3,0.12905775020382748
T-IDM,22.3,3,0.13427712495312605
T-IDM,22.400000000000002,3,0.1395887920429768
T-IDM,22.5,3,0.14498815930054754
T-IDM,22.6,3,0.15047034548897464
T-IDM,22.700000000000003,3,0.15603019036244348
T-IDM,22.8,3,0.16166226595391286
T-IDM,22.900000000000002,3,0.1673608890500713
T-IDM,23.0,3,0.17312013480101918
T-IDM,23.1,3,0.17893385140557783
T-IDM,23.200000000000003,3,0.184795675806793
T-IDM,23.3,3,0.19069905032634793
T-IDM,23.400000000000002,3,0.19663724016121442
T-IDM,23.5,3,0.2026033516609811
T-IDM,23.6,3,0.20859035129990922
T-IDM,23.700000000000003,3,0.21459108525397852
T-IDM,23.8,3,0.22059829948993404
T-IDM,23.900000000000002,3,0.22660466027072879
T-IDM,24.0,3,0.23260277497971416
T-IDM,24.1,3,0.2385852131645354
T-IDM,24.200000000000003,3,0.24454452770092594
T-IDM,24.3,3,0.2504732759764199
T-IDM,24.400000000000002,3,0.2563640409945407
T-IDM,24.5,3,0.26220945230107695
T-IDM,24.6,3,0.2680022066358134
T-IDM,24.700000000000003,3,0.2737350882153855
T-IDM,24.8,3,0.2794009885558246
T-IDM,24.900000000000002,3,0.28499292574679735
T-IDM,25.0,3,0.2905040630935325
T-IDM,25.1,3,0.29592772704686077
T-IDM,25.200000000000003,3,0.30125742434674585
T-IDM,25.3,3,0.30648685830998623
T-IDM,25.400000000000002,3,0.3116099441985156
T-IDM,25.5,3,0.316620823610716
T-IDM,25.6,3,0.32151387784454677
T-IDM,25.700000000000003,3,0.3262837401877583
T-IDM,25.8,3,0.3309253070972442
T-IDM,25.900000000000002,3,0.3354337482364045
T-IDM,26.0,3,0.33980451534632117
T-IDM,26.1,3,0.34403334993347023
T-IDM,26.200000000000003,3,0.3481162897635759
T-IDM,26.3,3,0.3520496741580619
T-IDM,26.400000000000002,3,0.3558301480961443
T-IDM,26.5,3,0.35945466513215685
T-IDM,26.6,3,0.36292048914386044
T-IDM,26.700000000000003,3,0.3662251949334969
T-IDM,26.8,3,0.36936666770895066
T-IDM,26.900000000000002,3,0.3723431014776608
T-IDM,27.0,3,0.3751529963908222
T-IDM,27.1,3,0.3777951550798999
T-IDM,27.200000000000003,3,0.380268678031495
T-IDM,27.3,3,0.38257295805020064
T-IDM,27.400000000000002,3,0.3847076738622288
T-IDM,27.5,3,0.3866727829151735
T-IDM,27.6,3,0.38846851343152444
T-IDM,27.700000000000003,3,0.39009535577515564
T-IDM,27.8,3,0.3915540531913013
T-IDM,27.900000000000002,3,0.39284559198127056
T-IDM,28.0,3,0.393971191173458
T-IDM,28.1,3,0.3949322917521325
T-IDM,28.200000000000003,3,0.39573054550494824
T-IDM,28.3,3,0.3963678035492464
T-IDM,28.400000000000002,3,0.3968461045959657
T-IDM,28.5,3,0.397167663008398
T-IDM,28.6,3,0.39733485671118096
T-IDM,28.700000000000003,3,0.39735021500275636
T-IDM,28.8,3,0.3972164063222028
T-IDM,28.900000000000002,3,0.39693622601875234
T-IDM,29.0,3,0.3965125841696011
T-IDM,29.1,3,0.3959484934887616
T-IDM,29.200000000000003,3,0.39524705736674726
T-IDM,29.3,3,0.3944114580778457
T-IDM,29.400000000000002,3,0.39344494518868345
T-IDM,29.5,3,0.3923508241987008
T-IDM,29.6,3,0.3911324454400944
T-IDM,29.700000000000003,3,0.389793193261772
T-IDM,29.8,3,0.3883364755188943
T-IDM,29.900000000000002,3,0.3867657133867155
T-IDM,30.0,3,0.3850843315146797
T-IDM,30.1,3,0.3832957485340369
T-IDM,30.200000000000003,3,0.3814033679297957
T-IDM,30.3,3,0.3794105692853975
T-IDM,30.400000000000002,3,0.37732069990633654
T-IDM,30.5,3,0.3751370668268734
T-IDM,30.6,3,0.37286292920213704
T-IDM,30.700000000000003,3,0.37050149108619834
T-IDM,30.8,3,0.3680558945951802
T-IDM,30.900000000000002,3,0.3655292134531205
T-IDM,31.0,3,0.3629244469171429
T-IDM,31.1,3,0.36024451407748614
T-IDM,31.200000000000003,3,0.35749224852710704
T-IDM,31.3,3,0.35467039339493667
T-IDM,31.400000000000002,3,0.35178159673631093
T-IDM,31.5,3,0.3488284072737873
T-IDM,31.6,3,0.34581327048130284
T-IDM,31.700000000000003,3,0.34273852500456314
T-IDM,31.8,3,0.33960639941055426
T-IDM,31.900000000000002,3,0.3364190092592434
T-IDM,32.0,3,0.3331783544907463
T-IDM,32.1,3,0.32988631712159666
T-IDM,32.2,3,0.32654465924410836
T-IDM,32.300000000000004,3,0.3231550213233696
T-IDM,32.4,3,0.3197189207868405
T-IDM,32.5,3,0.3162377509021681
T-IDM,32.6,3,0.31271277993938895
T-IDM,32.7,3,0.3091451506143059
T-IDM,32.800000000000004,3,0.30553587981048835
T-IDM,32.9,3,0.3018858585779043
T-IDM,33.0,3,0.2981958524068755
T-IDM,33.1,3,0.29446650177657574
T-IDM,33.2,3,0.29069832297790477
T-IDM,33.300000000000004,3,0.28689170921103724
T-IDM,33.4,3,0.2830469319584594
T-IDM,33.5,3,0.27916414263469314
T-IDM,33.6,3,0.2752433745142753
T-IDM,33.7,3,0.271284544939828
T-IDM,33.800000000000004,3,0.2672874578122748
T-IDM,33.9,3,0.2632518063653446
T-IDM,34.0,3,0.25917717622661307
T-IDM,34.1,3,0.255063048767191
T-IDM,34.2,3,0.25090880474207644
T-IDM,34.300000000000004,3,0.24671372822293236
T-IDM,34.4,3,0.2424770108246843
T-IDM,34.5,3,0.23819775622690997
T-IDM,34.6,3,0.23387498499043957
T-IDM,34.7,3,0.22950763966890975
T-IDM,34.800000000000004,3,0.22509459021430622
T-IDM,34.9,3,0.22063463967464259
T-IDM,35.0,3,0.21612653018097738
T-IDM,35.1,3,0.21156894921994507
T-IDM,35.2,3,0.20696053618682164
T-IDM,35.300000000000004,3,0.20229988921292197
T-IDM,35.4,3,0.19758557225983253
T-IDM,35.5,3,0.1928161224715872
T-IDM,35.6,3,0.18799005777444044
T-IDM,35.7,3,0.1831058847123881
T-IDM,35.800000000000004,3,0.17816210650502207
T-IDM,35.9,3,0.17315723131265415
T-IDM,36.0,3,0.1680897806920676
T-IDM,36.1,3,0.1629582982244937
T-IDM,36.2,3,0.1577613582958115
T-IDM,36.300000000000004,3,0.15249757500722438
T-IDM,36.4,3,0.14716561119301197
T-IDM,36.5,3,0.1417641875203195
T-IDM,36.6,3,0.1362920916443091
T-IDM,36.7,3,0.13074818739045924
T-IDM,36.800000000000004,3,0.12513142393429
T-IDM,36.9,3,0.11944084494742135
T-IDM,37.0,3,0.11367559767749036
T-IDM,37.1,3,0.10783494192831711
T-IDM,37.2,3,0.10191825890559514
T-IDM,37.300000000000004,3,0.09592505989246725
T-IDM,37.4,3,0.0898549947185554
T-IDM,37.5,3,0.08370785998541486
T-IDM,37.6,3,0.07748360701093127
T-IDM,37.7,3,0.07118234945498436
T-IDM,37.800000000000004,3,0.06480437058862343
T-IDM,37.9,3,0.05835013016923263
T-IDM,38.0,3,0.051820270884521236
T-IDM,38.1,3,0.04521562432887727
T-IDM,38.2,3,0.03853721647642594
T-IDM,38.300000000000004,3,0.031786272616315614
T-IDM,38.400000000000006,3,0.024964221717066692
T-IDM,38.5,3,0.018072700188453084
T-IDM,38.6,3,0.011113555011188936
T-IDM,38.7,3,0.004088846206796504
T-IDM,38.800000000000004,3,-0.0029991513776508327
T-IDM,38.900000000000006,3,-0.010147946992741907
T-IDM,39.0,3,-0.017354833637934775
T-IDM,39.1,3,-0.024616888457886787
T-IDM,39.2,3,-0.031930973897944526
T-IDM,39.300000000000004,3,-0.03929373962949079
T-IDM,39.400000000000006,3,-0.046701625252458356
T-IDM,39.5,3,-0.054150863778787084
T-IDM,39.6,3,-0.06163748589687401
T-IDM,39.7,3,-0.06915732501337857
T-IDM,39.800000000000004,3,-0.07670602306496832
T-IDM,39.900000000000006,3,-0.08427903708870765
T-IDM,40.0,3,-0.0918716465360081
T-IDM,40.1,3,-0.09947896131127187
T-IDM,40.2,3,-0.1070959305125534
T-IDM,40.300000000000004,3,-0.11471735184796117
T-IDM,40.400000000000006,3,-0.12233788169789683
T-IDM,40.5,3,-0.12995204578982822
T-IDM,40.6,3,-0.13755425044902658
T-IDM,40.7,3,-0.14513879438554866
T-IDM,40.800000000000004,3,-0.15269988097493403
T-IDM,40.900000000000006,3,-0.16023163098733662
T-IDM,41.0,3,-0.16772809571746095
T-IDM,41.1,3,-0.17518327046547988
T-IDM,41.2,3,-0.1825911083172329
T-IDM,41.300000000000004,3,-0.18994553417043925
T-IDM,41.400000000000006,3,-0.19724045895235243
T-IDM,41.5,3,-0.20446979397331155
T-IDM,41.6,3,-0.2116274653600172
T-IDM,41.7,3,-0.21870742851195857
T-IDM,41.800000000000004,3,-0.2257036825244665
T-IDM,41.900000000000006,3,-0.2326102845221314
T-IDM,42.0,3,-0.23942136384693669
T-IDM,42.1,3,-0.24613113604638848
T-IDM,42.2,3,-0.25273391660812905
T-IDM,42.300000000000004,3,-0.25922413438903646
T-IDM,42.400000000000006,3,-0.26559634468857496
T-IDM,42.5,3,-0.2718452419182036
T-IDM,42.6,3,-0.2779656718209189
T-IDM,42.7,3,-0.283952643197507
T-IDM,42.800000000000004,3,-0.2898013390987835
T-IDM,42.900000000000006,3,-0.2955071274459673
T-IDM,43.0,3,-0.30106557104441656
T-IDM,43.1,3,-0.30647243695908166
T-IDM,43.2,3,-0.31172370522337367
T-IDM,43.300000000000004,3,-0.31681557685651995
T-IDM,43.400000000000006,3,-0.32174448116794885
T-IDM,43.5,3,-0.3265070823307479
T-IDM,43.6,3,-0.33110028520977863
T-IDM,43.7,3,-0.3355212404335788
T-IDM,43.800000000000004,3,-0.33976734870269
T-IDM,43.900000000000006,3,-0.34383626433054104
T-IDM,44.0,3,-0.3477258980164404
T-IDM,44.1,3,-0.35143441885356985
T-IDM,44.2,3,-0.3549602555781277
T-IDM,44.300000000000004,3,-0.3583020970689361
T-IDM,44.400000000000006,3,-0.361458892109793
T-IDM,44.5,3,-0.3644298484297668
T-IDM,44.6,3,-0.36721443103933993
T-IDM,44.7,3,-0.36981235988287153
T-IDM,44.800000000000004,3,-0.37222360683023226
T-IDM,44.900000000000006,3,-0.3744483920326953
T-IDM,45.0,3,-0.3764871796701357
T-IDM,45.1,3,-0.3783406731184922
T-IDM,45.2,3,-0.3800098095680138
T-IDM,45.300000000000004,3,-0.3814957541242787
T-IDM,45.400000000000006,3,-0.3827998934252026
T-IDM,45.5,3,-0.3839238288082818
T-IDM,45.6,3,-0.3848693690631535
T-IDM,45.7,3,-0.3856385228051966
T-IDM,45.800000000000004,3,-0.38623349050634914
T-IDM,45.900000000000006,3,-0.38665665621954837
T-IDM,46.0,3,-0.38691057903332826
T-IDM,46.1,3,-0.3869979842929592
T-IDM,46.2,3,-0.38692175462427514
T-IDM,46.300000000000004,3,-0.38668492079589534
T-IDM,46.400000000000006,3,-0.38629065245496363
T-IDM,46.5,3,-0.3857422487708284
T-IDM,46.6,3,-0.38504312902019855
T-IDM,46.7,3,-0.3841968231463291
T-IDM,46.800000000000004,3,-0.38320696232374196
T-IDM,46.900000000000006,3,-0.38207726955872445
T-IDM,47.0,3,-0.3808115503546219
T-IDM,47.1,3,-0.37941368346951876
T-IDM,47.2,3,-0.3778876117925041
T-IDM,47.300000000000004,3,-0.376237333363175
T-IDM,47.400000000000006,3,-0.3744668925575372
T-IDM,47.5,3,-0.3725803714618028
T-IDM,47.6,3,-0.3705818814540365
T-IDM,47.7,3,-0.36847555501190676
T-IDM,47.800000000000004,3,-0.36626553776319426
T-IDM,47.900000000000006,3,-0.3639559807940387
T-IDM,48.0,3,-0.3615510332282721
T-IDM,48.1,3,-0.3590548350895695
T-IDM,48.2,3,-0.3564715104565277
T-IDM,48.300000000000004,3,-0.3538051609192596
T-IDM,48.400000000000006,3,-0.35105985934449535
T-IDM,48.5,3,-0.3482396439547575
T-IDM,48.6,3,-0.34534851272569966
T-IDM,48.7,3,-0.34239041810432624
T-IDM,48.800000000000004,3,-0.3393692620495017
T-IDM,48.900000000000006,3,-0.3362888913948545
T-IDM,49.0,3,-0.33315309353302425
T-IDM,49.1,3,-0.32996559241904855
T-IDM,49.2,3,-0.3267300448896222
T-IDM,49.300000000000004,3,-0.3234500372939948
T-IDM,49.400000000000006,3,-0.32012908243132543
T-IDM,49.5,3,-0.31677061678848517
T-IDM,49.6,3,-0.31337799807154987
T-IDM,49.7,3,-0.3099545030234747
T-IDM,49.800000000000004,3,-0.3065033255198788
T-IDM,49.900000000000006,3,-0.3030275749342568
T-IDM,50.0,3,-0.2995302747634945
T-IDM,50.1,3,-0.2960143615041204
T-IDM,50.2,3,-0.2924826837693839
T-IDM,50.300000000000004,3,-0.2889380016369625
T-IDM,50.400000000000006,3,-0.28538298621687375
T-IDM,50.5,3,-0.28182021942897784
T-IDM,50.6,3,-0.27825219397940515
T-IDM,50.7,3,-0.2746813135250825
T-IDM,50.800000000000004,3,-0.2711098930156144
T-IDM,50.900000000000006,3,-0.26754015920175434
T-IDM,51.0,3,-0.26397425129978025
T-IDM,51.1,3,-0.26041422180122886
T-IDM,51.2,3,-0.25686203741758185
T-IDM,51.300000000000004,3,-0.25331958014966993
T-IDM,51.400000000000006,3,-0.2497886484717906
T-IDM,51.5,3,-0.24627095862077653
T-IDM,51.6,3,-0.24276814598050578
T-IDM,51.7,3,-0.23928176655263655
T-IDM,51.800000000000004,3,-0.23581329850465949
T-IDM,51.900000000000006,3,-0.23236414378667014
T-IDM,52.0,3,-0.22893562980859627
T-IDM,52.1,3,-0.22552901116995372
T-IDM,52.2,3,-0.22214547143457253
T-IDM,52.300000000000004,3,-0.21878612494306537
T-IDM,52.400000000000006,3,-0.21545201865616548
T-IDM,52.5,3,-0.21214413402245924
T-IDM,52.6,3,-0.20886338886434608
T-IDM,52.7,3,-0.2056106392764505
T-IDM,52.800000000000004,3,-0.202386681531058
T-IDM,52.900000000000006,3,-0.19919225398546736
T-IDM,53.0,3,-0.19602803898656163
T-IDM,53.1,3,-0.19289466476814
T-IDM,53.2,3,-0.1897927073369594
T-IDM,53.300000000000004,3,-0.18672269234373218
T-IDM,53.400000000000006,3,-0.18368509693559076
T-IDM,53.5,3,-0.18068035158690954
T-IDM,53.6,3,-0.17770884190557545
T-IDM,53.7,3,-0.1747709104121391
T-IDM,53.800000000000004,3,-0.17186685828950665
T-IDM,53.900000000000006,3,-0.16899694710110857
T-IDM,54.0,3,-0.16616140047570127
T-IDM,54.1,3,-0.16336040575718158
T-IDM,54.2,3,-0.16059411561806414
T-IDM,54.300000000000004,3,-0.15786264963539764
T-IDM,54.400000000000006,3,-0.15516609582814667
T-IDM,54.5,3,-0.15250451215521998
T-IDM,54.6,3,-0.14987792797352384
T-IDM,54.7,3,-0.1472863454555231
T-IDM,54.800000000000004,3,-0.14472974096601376
T-IDM,54.900000000000006,3,-0.14220806639788108
T-IDM,55.0,3,-0.13972125046677597
T-IDM,55.1,3,-0.13726919996478415
T-IDM,55.2,3,-0.13485180097319827
T-IDM,55.300000000000004,3,-0.13246892003467536
T-IDM,55.400000000000006,3,-0.13012040528511015
T-IDM,55.5,3,-0.1278060875456397
T-IDM,55.6,3,-0.12552578137529657
T-IDM,55.7,3,-0.12327928608484129
T-IDM,55.800000000000004,3,-0.12106638671240688
T-IDM,55.900000000000006,3,-0.11888685496163909
T-IDM,56.0,3,-0.11674045010301981
T-IDM,56.1,3,-0.11462691983915363
T-IDM,56.2,3,-0.11254600113478652
T-IDM,56.300000000000004,3,-0.11049742101238813
T-IDM,56.400000000000006,3,-0.10848089731412713
T-IDM,56.5,3,-0.10649613943110658
T-IDM,56.6,3,-0.1045428490007172
T-IDM,56.7,3,-0.10262072057302163
T-IDM,56.800000000000004,3,-0.10072944224704017
T-IDM,56.900000000000006,3,-0.09886869627781714
T-IDM,57.0,3,-0.09703815965521834
T-IDM,57.1,3,-0.09523750465528735
T-IDM,57.2,3,-0.09346639936510748
T-IDM,57.300000000000004,3,-0.09172450818202016
T-IDM,57.400000000000006,3,-0.09001149228809169
T-IDM,57.5,3,-0.08832701010067545
T-IDM,57.6,3,-0.08667071769994372
T-IDM,57.7,3,-0.08504226923421498
T-IDM,57.800000000000004,3,-0.08344131730390636
T-IDM,57.900000000000006,3,-0.08186751332491582
T-IDM,58.0,3,-0.08032050787223888
T-IDM,58.1,3,-0.07879995100457116
T-IDM,58.2,3,-0.07730549257068908
T-IDM,58.300000000000004,3,-0.07583678249830506
T-IDM,58.400000000000006,3,-0.0743934710661538
T-IDM,58.5,3,-0.07297520915998312
T-IDM,58.6,3,-0.07158164851314908
T-IDM,58.7,3,-0.07021244193245835
T-IDM,58.800000000000004,3,-0.06886724350991358
T-IDM,58.900000000000006,3,-0.06754570882096544
T-IDM,59.0,3,-0.0662474951098968
T-IDM,59.1,3,-0.06497226146288426
T-IDM,59.2,3,-0.06371966896934467
T-IDM,59.300000000000004,3,-0.062489380872063904
T-IDM,59.400000000000006,3,-0.06128106270664979
T-IDM,59.5,3,-0.06009438243083842
T-IDM,59.6,3,-0.05892901054408384
T-IDM,59.7,3,-0.057784620197956826
T-IDM,59.800000000000004,3,-0.05666088729776675
T-IDM,59.900000000000006,3,-0.055557490595846915
T-IDM,60.0,3,-0.0544741117769334
T-IDM,60.1,3,-0.053410435536010326
T-IDM,60.2,3,-0.0523661496490373
T-IDM,60.300000000000004,3,-0.05134094503689468
T-IDM,60.400000000000006,3,-0.050334515822932246
T-IDM,60.5,3,-0.04934655938441601
T-IDM,60.6,3,-0.048376776398246335
T-IDM,60.7,3,-0.04742487088121905
T-IDM,60.800000000000004,3,-0.04649055022514226
T-IDM,60.900000000000006,3,-0.045573525227093015
T-IDM,61.0,3,-0.04467351011507148
T-IDM,61.1,3,-0.043790222569331405
T-IDM,61.2,3,-0.042923383739612575
T-IDM,61.300000000000004,3,-0.04207271825852921
T-IDM,61.400000000000006,3,-0.04123795425132748
T-IDM,61.5,3,-0.04041882334223246
T-IDM,61.6,3,-0.03961506065758691
T-IDM,61.7,3,-0.03882640482597033
T-IDM,61.800000000000004,3,-0.038052597975500646
T-IDM,61.900000000000006,3,-0.037293385728482065
T-IDM,62.0,3,-0.036548517193558894
T-IDM,62.1,3,-0.035817744955565445
T-IDM,62.2,3,-0.03510082506318746
T-IDM,62.300000000000004,3,-0.034397517014609136
T-IDM,62.400000000000006,3,-0.03370758374126659
T-IDM,62.5,3,-0.033030791589844455
T-IDM,62.6,3,-0.03236691030263117
T-IDM,62.7,3,-0.03171571299637144
T-IDM,62.800000000000004,3,-0.031076976139695844
T-IDM,62.900000000000006,3,-0.03045047952926616
T-IDM,63.0,3,-0.0298360062647145
T-IDM,63.1,3,-0.029233342722481126
T-IDM,63.2,3,-0.028642278528625553
T-IDM,63.300000000000004,3,-0.028062606530728118
T-IDM,63.400000000000006,3,-0.027494122768926488
T-IDM,63.5,3,-0.026936626446195433
T-IDM,63.6,3,-0.0263899198979054
T-IDM,63.7,3,-0.025853808560768243
T-IDM,63.800000000000004,3,-0.025328100941214515
T-IDM,63.900000000000006,3,-0.024812608583246742
T-IDM,64.0,3,-0.02430714603585926
T-IDM,64.10000000000001,3,-0.02381153082005838
T-IDM,64.2,3,-0.023325583395539695
T-IDM,64.3,3,-0.022849127127061664
T-IDM,64.4,3,-0.022381988250584683
T-IDM,64.5,3,-0.021923995839179256
T-IDM,64.60000000000001,3,-0.021474981768783152
T-IDM,64.7,3,-0.021034780683828913
T-IDM,64.8,3,-0.020603229962757652
T-IDM,64.9,3,-0.020180169683493787
T-IDM,65.0,3,-0.019765442588878912
T-IDM,0.0,4,0.0
T-IDM,0.1,4,-7.178710112576425e-05
T-IDM,0.2,4,-0.00014021653138840406
T-IDM,0.30000000000000004,4,-0.0002054453740232276
T-IDM,0.4,4,-0.0002676233600791278
T-IDM,0.5,4,-0.0003268930558686378
T-IDM,0.6000000000000001,4,-0.00038339006968080014
T-IDM,0.7000000000000001,4,-0.00043724327355754156
T-IDM,0.8,4,-0.0004885750364351793
T-IDM,0.9,4,-0.0005375014654678267
T-IDM,1.0,4,-0.0005841326527207258
T-IDM,1.1,4,-0.0006285729248300953
T-IDM,1.2000000000000002,4,-0.0006709210935458287
T-IDM,1.3,4,-0.0007112707053611445
T-IDM,1.4000000000000001,4,-0.0007497102887370488
T-IDM,1.5,4,-0.0007863235976230953
T-IDM,1.6,4,-0.0008211898502175075
T-IDM,1.7000000000000002,4,-0.0008543839620820393
T-IDM,1.8,4,-0.0008859767729028079
T-IDM,1.9000000000000001,4,-0.0009160352663073468
T-IDM,2.0,4,-0.0009446227823275422
T-IDM,2.1,4,-0.000971799222142522
T-IDM,2.2,4,-0.000997621244893665
T-IDM,2.3000000000000003,4,-0.0010221424564171855
T-IDM,2.4000000000000004,4,-0.0010454135898179118
T-IDM,2.5,4,-0.0010674826778771518
T-IDM,2.6,4,-0.0010883952173355027
T-IDM,2.7,4,-0.001108194325148304
T-IDM,2.8000000000000003,4,-0.0011269208868309732
T-IDM,2.9000000000000004,4,-0.0011446136970718612
T-IDM,3.0,4,-0.0011613095927867079
T-IDM,3.1,4,-0.0011770435788331923
T-IDM,3.2,4,-0.0011918489466182791
T-IDM,3.3000000000000003,4,-0.0012057573858168524
T-IDM,3.4000000000000004,4,-0.0012187990894894085
T-IDM,3.5,4,-0.0012310028528208505
T-IDM,3.6,4,-0.0012423961657699323
T-IDM,3.7,4,-0.0012530052998709351
T-IDM,3.8000000000000003,4,-0.001262855389475348
T-IDM,3.9000000000000004,4,-0.0012719705076769117
T-IDM,4.0,4,-0.0012803737371953616
T-IDM,4.1000000000000005,4,-0.0012880872364586793
T-IDM,4.2,4,-0.0012951323011520799
T-IDM,4.3,4,-0.0013015294214664408
T-IDM,4.4,4,-0.0013072983352806489
T-IDM,4.5,4,-0.0013124580775230044
T-IDM,4.6000000000000005,4,-0.0013170270259266204
T-IDM,4.7,4,-0.0013210229433848752
T-IDM,4.800000000000001,4,-0.0013244630171271865
T-IDM,4.9,4,-0.0013273638949087285
T-IDM,5.0,4,-0.0013297417184023885
T-IDM,5.1000000000000005,4,-0.0013316121539688197
T-IDM,5.2,4,-0.001332990420994662
T-IDM,5.300000000000001,4,-0.0013338913179410383
T-IDM,5.4,4,-0.0013343292462781875
T-IDM,5.5,4,-0.0013343182324447866
T-IDM,5.6000000000000005,4,-0.0013338719479705219
T-IDM,5.7,4,-0.0013330037279022378
T-IDM,5.800000000000001,4,-0.0013317265876580109
T-IDM,5.9,4,-0.0013300532384157293
T-IDM,6.0,4,-0.0013279961011676278
T-IDM,6.1000000000000005,4,-0.0013255673195260442
T-IDM,6.2,4,-0.0013227787713958605
T-IDM,6.300000000000001,4,-0.0013196420795882347
T-IDM,6.4,4,-0.0013161686214751
T-IDM,6.5,4,-0.0013123695377590394
T-IDM,6.6000000000000005,4,-0.0013082557404384687
T-IDM,6.7,4,-0.001303837920030304
T-IDM,6.800000000000001,4,-0.0012991265521140605
T-IDM,6.9,4,-0.0012941319032737653
T-IDM,7.0,4,-0.0012888640364714377
T-IDM,7.1000000000000005,4,-0.0012833328159178592
T-IDM,7.2,4,-0.0012775479114814914
T-IDM,7.300000000000001,4,-0.0012715188026799495
T-IDM,7.4,4,-0.0012652547822913363
T-IDM,7.5,4,-0.0012587649596245143
T-IDM,7.6000000000000005,4,-0.0012520582634785171
T-IDM,7.7,4,-0.0012451434448124132
T-IDM,7.800000000000001,4,-0.0012380290791647042
T-IDM,7.9,4,-0.001230723568831138
T-IDM,8.0,4,-0.0012232351448240308
T-IDM,8.1,4,-0.0012155718686273076
T-IDM,8.200000000000001,4,-0.0012077416337579194
T-IDM,8.3,4,-0.0011997521671460731
T-IDM,8.4,4,-0.0011916110303289429
T-IDM,8.5,4,-0.0011833256204685227
T-IDM,8.6,4,-0.0011749031711936198
T-IDM,8.700000000000001,4,-0.0011663507532393425
T-IDM,8.8,4,-0.0011576752748965191
T-IDM,8.9,4,-0.0011488834822426242
T-IDM,9.0,4,-0.0011399819591400018
T-IDM,9.1,4,-0.001130977126967636
T-IDM,9.200000000000001,4,-0.001121875244063375
T-IDM,9.3,4,-0.0011126824048339756
T-IDM,9.4,4,-0.001103404538495667
T-IDM,9.5,4,-0.001094047407384835
T-IDM,9.600000000000001,4,-0.0010846166047766559
T-IDM,9.700000000000001,4,-0.0010751175521548362
T-IDM,9.8,4,-0.001065555495845416
T-IDM,9.9,4,-0.0010559355029204909
T-IDM,10.0,4,-0.001046262456275926
T-IDM,10.100000000000001,4,-0.0010365410487587212
T-IDM,10.200000000000001,4,-0.0010267757762196794
T-IDM,10.3,4,-0.0010169709293474938
T-IDM,10.4,4,-0.0010071305840995137
T-IDM,10.5,4,-0.0009972585905693165
T-IDM,10.600000000000001,4,-0.0009873585600583823
T-IDM,10.700000000000001,4,-0.0009774338501440383
T-IDM,10.8,4,-0.0009674875474683375
T-IDM,10.9,4,-0.0009575224479743127
T-IDM,11.0,4,-0.0009475410342698609
T-IDM,11.100000000000001,4,-0.0009375454497710933
T-IDM,11.200000000000001,4,-0.0009275374692432337
T-IDM,11.3,4,-0.0009175184653091861
T-IDM,11.4,4,-0.0009074893704728026
T-IDM,11.5,4,-0.0008974506341399291
T-IDM,11.600000000000001,4,-0.0008874021740830074
T-IDM,11.700000000000001,4,-0.000877343321745272
T-IDM,11.8,4,-0.0008672727607166308
T-IDM,11.9,4,-0.0008571884576777933
T-IDM,12.0,4,-0.0008470875850310478
T-IDM,12.100000000000001,4,-0.0008369664343614858
T-IDM,12.200000000000001,4,-0.0008268203198529278
T-IDM,12.3,4,-0.0008166434706620151
T-IDM,12.4,4,-0.0008064289112184042
T-IDM,12.5,4,-0.0007961683283319587
T-IDM,12.600000000000001,4,-0.0007858519239061224
T-IDM,12.700000000000001,4,-0.0007754682520069167
T-IDM,12.8,4,-0.0007650040389250989
T-IDM,12.9,4,-0.0007544439848228279
T-IDM,13.0,4,-0.000743770545460265
T-IDM,13.100000000000001,4,-0.000732963692424704
T-IDM,13.200000000000001,4,-0.0007220006502191012
T-IDM,13.3,4,-0.0007108556084975959
T-IDM,13.4,4,-0.0006994994076521266
T-IDM,13.5,4,-0.0006878991959098357
T-IDM,13.600000000000001,4,-0.0006760180560387852
T-IDM,13.700000000000001,4,-0.0006638145997346356
T-IDM,13.8,4,-0.0006512425276721245
T-IDM,13.9,4,-0.0006382501532531393
T-IDM,14.0,4,-0.0006247798879996935
T-IDM,14.100000000000001,4,-0.0006107676865987344
T-IDM,14.200000000000001,4,-0.0005961424495826151
T-IDM,14.3,4,-0.0005808253817036757
T-IDM,14.4,4,-0.0005647293040862422
T-IDM,14.5,4,-0.000547757918356595
T-IDM,14.600000000000001,4,-0.0005298050210118532
T-IDM,14.700000000000001,4,-0.0005107536664699097
T-IDM,14.8,4,-0.0004904752773811083
T-IDM,14.9,4,-0.0004688287009617653
T-IDM,15.0,4,-0.0004456592103760926
T-IDM,15.100000000000001,4,-0.00042079745040979333
T-IDM,15.200000000000001,4,-0.00039405832701078225
T-IDM,15.3,4,-0.00036523984058689507
T-IDM,15.4,4,-0.00033412186333059424
T-IDM,15.5,4,-0.0003004648612687788
T-IDM,15.600000000000001,4,-0.0002640085621639088
T-IDM,15.700000000000001,4,-0.00022447057091667943
T-IDM,15.8,4,-0.00018154493463029553
T-IDM,15.9,4,-0.0001349006601092384
T-IDM,16.0,4,-8.418018714095865e-05
T-IDM,16.1,4,-2.8997821585718953e-05
T-IDM,16.2,4,3.1061867002080135e-05
T-IDM,16.3,4,9.644567781030844e-05
T-IDM,16.400000000000002,4,0.00016763343507086859
T-IDM,16.5,4,0.00024513966127592823
T-IDM,16.6,4,0.0003295152595548245
T-IDM,16.7,4,0.0004213491966744698
T-IDM,16.8,4,0.0005212701772681072
T-IDM,16.900000000000002,4,0.000629948299120997
T-IDM,17.0,4,0.0007480966785120557
T-IDM,17.1,4,0.0008764730338182147
T-IDM,17.2,4,0.001015881214827985
T-IDM,17.3,4,0.0011671726644522096
T-IDM,17.400000000000002,4,0.00133124779886451
T-IDM,17.5,4,0.0015090572914182587
T-IDM,17.6,4,0.0017016032451540042
T-IDM,17.7,4,0.0019099402381979047
T-IDM,17.8,4,0.002135176225916524
T-IDM,17.900000000000002,4,0.002378473283430438
T-IDM,18.0,4,0.0026410481718244228
T-IDM,18.1,4,0.002924172711340489
T-IDM,18.2,4,0.0032291739448684353
T-IDM,18.3,4,0.0035574340752173583
T-IDM,18.400000000000002,4,0.003910390159978405
T-IDM,18.5,4,0.004289533548268665
T-IDM,18.6,4,0.004696409044248284
T-IDM,18.7,4,0.005132613783141338
T-IDM,18.8,4,0.005599795806396912
T-IDM,18.900000000000002,4,0.006099652323793947
T-IDM,19.0,4,0.006633927651561677
T-IDM,19.1,4,0.007204410817053031
T-IDM,19.200000000000003,4,0.007812932822115926
T-IDM,19.3,4,0.008461363559087332
T-IDM,19.400000000000002,4,0.009151608375240983
T-IDM,19.5,4,0.009885604283580207
T-IDM,19.6,4,0.010665315820022059
T-IDM,19.700000000000003,4,0.011492730549337082
T-IDM,19.8,4,0.012369854224539623
T-IDM,19.900000000000002,4,0.013298705606917594
T-IDM,20.0,4,0.014281310956381077
T-IDM,20.1,4,0.015319698204342203
T-IDM,20.200000000000003,4,0.016415890823946455
T-IDM,20.3,4,0.01757190141494469
T-IDM,20.400000000000002,4,0.018789725023117043
T-IDM,20.5,4,0.020071332216545557
T-IDM,20.6,4,0.0214186619434642
T-IDM,20.700000000000003,4,0.022833614198704666
T-IDM,20.8,4,0.024318042527891492
T-IDM,20.900000000000002,4,0.025873746400600695
T-IDM,21.0,4,0.027502463485520323
T-IDM,21.1,4,0.029205861862326543
T-IDM,21.200000000000003,4,0.030985532206447175
T-IDM,21.3,4,0.0328429799841512
T-IDM,21.400000000000002,4,0.03477961769636195
T-IDM,21.5,4,0.03679675721038933
T-IDM,21.6,4,0.038895602219268355
T-IDM,21.700000000000003,4,0.041077240868606424
T-IDM,21.8,4,0.0433426385908362
T-IDM,21.900000000000002,4,0.04569263118643008
T-IDM,22.0,4,0.048127918191068986
T-IDM,22.1,4,0.05064905656689689
T-IDM,22.200000000000003,4,0.053256454754865956
T-IDM,22.3,4,0.05595036712378132
T-IDM,22.400000000000002,4,0.058730888850041296
T-IDM,22.5,4,0.06159795126016654
T-IDM,22.6,4,0.06455131766611721
T-IDM,22.700000000000003,4,0.06759057972108629
T-IDM,22.8,4,0.07071515432091857
T-IDM,22.900000000000002,4,0.07392428107362292
T-IDM,23.0,4,0.0772170203566045
T-IDM,23.1,4,0.08059225197822784
T-IDM,23.200000000000003,4,0.0840486744572253
T-IDM,23.3,4,0.08758480493025012
T-IDM,23.400000000000002,4,0.09119897969461377
T-IDM,23.5,4,0.0948893553898813
T-IDM,23.6,4,0.09865391081867791
T-IDM,23.700000000000003,4,0.10249044940367291
T-IDM,23.8,4,0.1063966022743692
T-IDM,23.900000000000002,4,0.1103698319740225
T-IDM,24.0,4,0.11440743677377796
T-IDM,24.1,4,0.11850655557794632
T-IDM,24.200000000000003,4,0.12266417340127767
T-IDM,24.3,4,0.12687712739620416
T-IDM,24.400000000000002,4,0.13114211340515958
T-IDM,24.5,4,0.13545569301054528
T-IDM,24.6,4,0.1398143010523949
T-IDM,24.700000000000003,4,0.14421425358153073
T-IDM,24.8,4,0.14865175621400617
T-IDM,24.900000000000002,4,0.15312291285071922
T-IDM,25.0,4,0.15762373472449553
T-IDM,25.1,4,0.16215014973557196
T-IDM,25.200000000000003,4,0.16669801203523704
T-IDM,25.3,4,0.17126311181652554
T-IDM,25.400000000000002,4,0.17584118527019932
T-IDM,25.5,4,0.1804279246638476
T-IDM,25.6,4,0.18501898850180964
T-IDM,25.700000000000003,4,0.1896100117237296
T-IDM,25.8,4,0.19419661589985893
T-IDM,25.900000000000002,4,0.19877441938186102
T-IDM,26.0,4,0.20333904736864916
T-IDM,26.1,4,0.20788614184781729
T-IDM,26.200000000000003,4,0.21241137137449329
T-IDM,26.3,4,0.2169104406508673
T-IDM,26.400000000000002,4,0.2213790998712657
T-IDM,26.5,4,0.22581315379944655
T-IDM,26.6,4,0.23020847054673865
T-IDM,26.700000000000003,4,0.23456099002171804
T-IDM,26.8,4,0.23886673202432895
T-IDM,26.900000000000002,4,0.2431218039596601
T-IDM,27.0,4,0.24732240814897644
T-IDM,27.1,4,0.25146484871805264
T-IDM,27.200000000000003,4,0.25554553804535374
T-IDM,27.3,4,0.2595610027551576
T-IDM,27.400000000000002,4,0.2635078892432148
T-IDM,27.5,4,0.2673829687250997
T-IDM,27.6,4,0.271183141799904
T-IDM,27.700000000000003,4,0.2749054425243731
T-IDM,27.8,4,0.2785470419950151
T-IDM,27.900000000000002,4,0.28210525143802734
T-IDM,28.0,4,0.28557752480913656
T-IDM,28.1,4,0.28896146090762187
T-IDM,28.200000000000003,4,0.29225480501081336
T-IDM,28.3,4,0.2954554500372861
T-IDM,28.400000000000002,4,0.298561437248793
T-IDM,28.5,4,0.3015709565026228
T-IDM,28.6,4,0.30448234606761915
T-IDM,28.700000000000003,4,0.30729409201846636
T-IDM,28.8,4,0.3100048272241196
T-IDM,28.900000000000002,4,0.3126133299473164
T-IDM,29.0,4,0.31511852207307456
T-IDM,29.1,4,0.3175194669849013
T-IDM,29.200000000000003,4,0.31981536710806147
T-IDM,29.3,4,0.3220055611397967
T-IDM,29.400000000000002,4,0.32408952098676913
T-IDM,29.5,4,0.32606684843023714
T-IDM,29.6,4,0.3279372715396356
T-IDM,29.700000000000003,4,0.3297006408551848
T-IDM,29.8,4,0.3313569253601063
T-IDM,29.900000000000002,4,0.3329062082627825
T-IDM,30.0,4,0.33434868260890127
T-IDM,30.1,4,0.33568464674326925
T-IDM,30.200000000000003,4,0.33691449964045006
T-IDM,30.3,4,0.33803873612291824
T-IDM,30.400000000000002,4,0.33905794198478034
T-IDM,30.5,4,0.3399727890384838
T-IDM,30.6,4,0.34078403010123637
T-IDM,30.700000000000003,4,0.34149249393716197
T-IDM,30.8,4,0.34209908017042245
T-IDM,30.900000000000002,4,0.3426047541838262
T-IDM,31.0,4,0.34301054201661785
T-IDM,31.1,4,0.343317525274383
T-IDM,31.200000000000003,4,0.3435268360632371
T-IDM,31.3,4,0.3436396519596645
T-IDM,31.400000000000002,4,0.34365719102665615
T-IDM,31.5,4,0.34358070688604947
T-IDM,31.6,4,0.34341148385623654
T-IDM,31.700000000000003,4,0.3431508321637935
T-IDM,31.8,4,0.3428000832368632
T-IDM,31.900000000000002,4,0.3423605850875582
T-IDM,32.0,4,0.3418336977900722
T-IDM,32.1,4,0.34122078906063
T-IDM,32.2,4,0.3405232299449441
T-IDM,32.300000000000004,4,0.3397423906183601
T-IDM,32.4,4,0.33887963630350093
T-IDM,32.5,4,0.3379363233098278
T-IDM,32.6,4,0.3369137951992016
T-IDM,32.7,4,0.33581337908128894
T-IDM,32.800000000000004,4,0.3346363820423406
T-IDM,32.9,4,0.3333840877107441
T-IDM,33.0,4,0.3320577529625037
T-IDM,33.1,4,0.3306586047697131
T-IDM,33.2,4,0.3291878371949739
T-IDM,33.300000000000004,4,0.3276466085345948
T-IDM,33.4,4,0.3260360386134238
T-IDM,33.5,4,0.32435720623404407
T-IDM,33.6,4,0.32261114678315117
T-IDM,33.7,4,0.320798849997848
T-IDM,33.800000000000004,4,0.3189212578946794
T-IDM,33.9,4,0.3169792628641872
T-IDM,34.0,4,0.3149737059338573
T-IDM,34.1,4,0.31290537520232675
T-IDM,34.2,4,0.3107750044477715
T-IDM,34.300000000000004,4,0.3085832719133883
T-IDM,34.4,4,0.3063307992729367
T-IDM,34.5,4,0.3040181507792976
T-IDM,34.6,4,0.30164583259898414
T-IDM,34.7,4,0.299214292335515
T-IDM,34.800000000000004,4,0.2967239187445241
T-IDM,34.9,4,0.29417504164338304
T-IDM,35.0,4,0.29156793201801
T-IDM,35.1,4,0.2889028023294298
T-IDM,35.2,4,0.2861798070224424
T-IDM,35.300000000000004,4,0.28339904323859955
T-IDM,35.4,4,0.28056055173541417
T-IDM,35.5,4,0.2776643180134801
T-IDM,35.6,4,0.2747102736528557
T-IDM,35.7,4,0.2716982978596949
T-IDM,35.800000000000004,4,0.2686282192237375
T-IDM,35.9,4,0.2654998176868322
T-IDM,36.0,4,0.2623128267221482
T-IDM,36.1,4,0.259066935723272
T-IDM,36.2,4,0.25576179260176346
T-IDM,36.300000000000004,4,0.25239700659118647
T-IDM,36.4,4,0.24897215125496075
T-IDM,36.5,4,0.24548676769473055
T-IDM,36.6,4,0.24194036795518592
T-IDM,36.7,4,0.23833243862059206
T-IDM,36.800000000000004,4,0.2346624445974399
T-IDM,36.9,4,0.23092983307686765
T-IDM,37.0,4,0.22713403766965357
T-IDM,37.1,4,0.22327448270576866
T-IDM,37.2,4,0.21935058768955784
T-IDM,37.300000000000004,4,0.21536177190080963
T-IDM,37.4,4,0.2113074591310422
T-IDM,37.5,4,0.20718708254349494
T-IDM,37.6,4,0.2030000896444193
T-IDM,37.7,4,0.19874594735241047
T-IDM,37.800000000000004,4,0.1944241471516701
T-IDM,37.9,4,0.19003421031428047
T-IDM,38.0,4,0.18557569317576572
T-IDM,38.1,4,0.18104819244746828
T-IDM,38.2,4,0.17645135054857164
T-IDM,38.300000000000004,4,0.17178486093990308
T-IDM,38.400000000000006,4,0.16704847344107776
T-IDM,38.5,4,0.16224199951200013
T-IDM,38.6,4,0.15736531747924154
T-IDM,38.7,4,0.1524183776874466
T-IDM,38.800000000000004,4,0.14740120755557484
T-IDM,38.900000000000006,4,0.14231391651758152
T-IDM,39.0,4,0.13715670082697784
T-IDM,39.1,4,0.1319298482046758
T-IDM,39.2,4,0.12663374230960933
T-IDM,39.300000000000004,4,0.12126886701171635
T-IDM,39.400000000000006,4,0.11583581044721925
T-IDM,39.5,4,0.11033526883644384
T-IDM,39.6,4,0.10476805004495127
T-IDM,39.7,4,0.09913507686931311
T-IDM,39.800000000000004,4,0.09343739002963147
T-IDM,39.900000000000006,4,0.08767615085162817
T-IDM,40.0,4,0.0818526436221294
T-IDM,40.1,4,0.07596827760278835
T-IDM,40.2,4,0.07002458868796602
T-IDM,40.300000000000004,4,0.06402324069397913
T-IDM,40.400000000000006,4,0.057966026268214677
T-IDM,40.5,4,0.05185486740799483
T-IDM,40.6,4,0.045691815580598316
T-IDM,40.7,4,0.03947905143737529
T-IDM,40.800000000000004,4,0.03321888411649354
T-IDM,40.900000000000006,4,0.026913750130550085
T-IDM,41.0,4,0.020566211836982262
T-IDM,41.1,4,0.014178955490967482
T-IDM,41.2,4,0.007754788882268215
T-IDM,41.300000000000004,4,0.0012966385592676488
T-IDM,41.400000000000006,4,-0.005192453354757376
T-IDM,41.5,4,-0.011709332746315582
T-IDM,41.6,4,-0.018250737488727964
T-IDM,41.7,4,-0.02481330180119734
T-IDM,41.800000000000004,4,-0.03139356097789303
T-IDM,41.900000000000006,4,-0.037987956473379825
T-IDM,42.0,4,-0.04459284132914476
T-IDM,42.1,4,-0.05120448592445648
T-IDM,42.2,4,-0.05781908403336722
T-IDM,42.300000000000004,4,-0.06443275916828561
T-IDM,42.400000000000006,4,-0.07104157118933685
T-IDM,42.5,4,-0.07764152315755624
T-IDM,42.6,4,-0.08422856840893367
T-IDM,42.7,4,-0.09079861782540277
T-IDM,42.800000000000004,4,-0.09734754727804962
T-IDM,42.900000000000006,4,-0.1038712052171693
T-IDM,43.0,4,-0.11036542038321961
T-IDM,43.1,4,-0.11682600961233369
T-IDM,43.2,4,-0.1232487857097091
T-IDM,43.300000000000004,4,-0.12962956536411774
T-IDM,43.400000000000006,4,-0.13596417707667285
T-IDM,43.5,4,-0.14224846907713662
T-IDM,43.6,4,-0.1484783172012989
T-IDM,43.7,4,-0.15464963270326137
T-IDM,43.800000000000004,4,-0.1607583699769961
T-IDM,43.900000000000006,4,-0.16680053416210505
T-IDM,44.0,4,-0.17277218860943044
T-IDM,44.1,4,-0.1786694621829774
T-IDM,44.2,4,-0.18448855637551986
T-IDM,44.300000000000004,4,-0.19022575221625004
T-IDM,44.400000000000006,4,-0.19587741694993888
T-IDM,44.5,4,-0.2014400104682661
T-IDM,44.6,4,-0.2069100914751445
T-IDM,44.7,4,-0.21228432336923575
T-IDM,44.800000000000004,4,-0.21755947982817325
T-IDM,44.900000000000006,4,-0.22273245008038778
T-IDM,45.0,4,-0.2278002438519291
T-IDM,45.1,4,-0.23275999597704633
T-IDM,45.2,4,-0.23760897066286546
T-IDM,45.300000000000004,4,-0.242344565399927
T-IDM,45.400000000000006,4,-0.24696431451187095
T-IDM,45.5,4,-0.2514658923390538
T-IDM,45.6,4,-0.2558471160523421
T-IDM,45.7,4,-0.26010594809481447
T-IDM,45.800000000000004,4,-0.2642404982505031
T-IDM,45.900000000000006,4,-0.26824902534072415
T-IDM,46.0,4,-0.27212993854992895
T-IDM,46.1,4,-0.27588179838428495
T-IDM,46.2,4,-0.2795033172674799
T-IDM,46.300000000000004,4,-0.28299335977946427
T-IDM,46.400000000000006,4,-0.28635094254499727
T-IDM,46.5,4,-0.2895752337799049
T-IDM,46.6,4,-0.29266555250407045
T-IDM,46.7,4,-0.29562136743104794
T-IDM,46.800000000000004,4,-0.2984422955450938
T-IDM,46.900000000000006,4,-0.3011281003772748
T-IDM,47.0,4,-0.30367868999294245
T-IDM,47.1,4,-0.3060941147036136
T-IDM,47.2,4,-0.3083745645168303
T-IDM,47.300000000000004,4,-0.3105203663380962
T-IDM,47.400000000000006,4,-0.31253198093939005
T-IDM,47.5,4,-0.3144099997091505
T-IDM,47.6,4,-0.31615514119888566
T-IDM,47.7,4,-0.31776824748174093
T-IDM,47.800000000000004,4,-0.31925028033857394
T-IDM,47.900000000000006,4,-0.32060231728706157
T-IDM,48.0,4,-0.3218255474694409
T-IDM,48.1,4,-0.322921267414376
T-IDM,48.2,4,-0.3238908766883739
T-IDM,48.300000000000004,4,-0.3247358734519352
T-IDM,48.400000000000006,4,-0.32545784993544835
T-IDM,48.5,4,-0.3260584878495312
T-IDM,48.6,4,-0.3265395537441833
T-IDM,48.7,4,-0.32690289433077346
T-IDM,48.800000000000004,4,-0.3271504317804439
T-IDM,48.900000000000006,4,-0.32728415901207875
T-IDM,49.0,4,-0.32730613498252303
T-IDM,49.1,4,-0.32721847999117415
T-IDM,49.2,4,-0.32702337101062184
T-IDM,49.300000000000004,4,-0.32672303705435546
T-IDM,49.400000000000006,4,-0.3263197545920793
T-IDM,49.5,4,-0.3258158430225322
T-IDM,49.6,4,-0.32521366021310705
T-IDM,49.7,4,-0.3245155981150152
T-IDM,49.800000000000004,4,-0.32372407846205853
T-IDM,49.900000000000006,4,-0.32284154856050407
T-IDM,50.0,4,-0.32187047717694384
T-IDM,50.1,4,-0.32081335053039517
T-IDM,50.2,4,-0.31967266839430053
T-IDM,50.300000000000004,4,-0.3184509403134932
T-IDM,50.400000000000006,4,-0.31715068194064067
T-IDM,50.5,4,-0.31577441149605256
T-IDM,50.6,4,-0.3143246463542191
T-IDM,50.7,4,-0.3128038997599063
T-IDM,50.800000000000004,4,-0.311214677676114
T-IDM,50.900000000000006,4,-0.30955947576567056
T-IDM,51.0,4,-0.30784077650778663
T-IDM,51.1,4,-0.306061046450413
T-IDM,51.2,4,-0.3042227335988077
T-IDM,51.300000000000004,4,-0.3023282649402983
T-IDM,51.400000000000006,4,-0.30038004410482877
T-IDM,51.5,4,-0.29838044916050244
T-IDM,51.6,4,-0.2963318305429876
T-IDM,51.7,4,-0.29423650911732935
T-IDM,51.800000000000004,4,-0.29209677437040327
T-IDM,51.900000000000006,4,-0.2899148827319422
T-IDM,52.0,4,-0.2876930560218671
T-IDM,52.1,4,-0.2854334800213536
T-IDM,52.2,4,-0.2831383031649004
T-IDM,52.300000000000004,4,-0.2808096353504421
T-IDM,52.400000000000006,4,-0.27844954686440637
T-IDM,52.5,4,-0.27606006741844347
T-IDM,52.6,4,-0.2736431852944392
T-IDM,52.7,4,-0.2712008465942972
T-IDM,52.800000000000004,4,-0.26873495459092034
T-IDM,52.900000000000006,4,-0.26624736917669267
T-IDM,53.0,4,-0.2637399064057302
T-IDM,53.1,4,-0.2612143381261607
T-IDM,53.2,4,-0.2586723916985978
T-IDM,53.300000000000004,4,-0.25611574979701146
T-IDM,53.400000000000006,4,-0.25354605028818256
T-IDM,53.5,4,-0.2509648861859155
T-IDM,53.6,4,-0.24837380567626965
T-IDM,53.7,4,-0.24577431221003287
T-IDM,53.800000000000004,4,-0.24316786465874074
T-IDM,53.900000000000006,4,-0.24055587753059804
T-IDM,54.0,4,-0.23793972124271612
T-IDM,54.1,4,-0.23532072244613111
T-IDM,54.2,4,-0.23270016440017827
T-IDM,54.300000000000004,4,-0.23007928739283123
T-IDM,54.400000000000006,4,-0.22745928920375036
T-IDM,54.5,4,-0.2248413256068318
T-IDM,54.6,4,-0.22222651090916656
T-IDM,54.7,4,-0.21961591852342188
T-IDM,54.800000000000004,4,-0.21701058157072062
T-IDM,54.900000000000006,4,-0.21441149351123912
T-IDM,55.0,4,-0.2118196087998303
T-IDM,55.1,4,-0.20923584356406622
T-IDM,55.2,4,-0.2066610763022272
T-IDM,55.300000000000004,4,-0.2040961485988646
T-IDM,55.400000000000006,4,-0.20154186585563494
T-IDM,55.5,4,-0.19899899803527
T-IDM,55.6,4,-0.19646828041658715
T-IDM,55.7,4,-0.19395041435859817
T-IDM,55.800000000000004,4,-0.19144606807184594
T-IDM,55.900000000000006,4,-0.1889558773952018
T-IDM,56.0,4,-0.18648044657646068
T-IDM,56.1,4,-0.18402034905517617
T-IDM,56.2,4,-0.1815761282462507
T-IDM,56.300000000000004,4,-0.1791482983228896
T-IDM,56.400000000000006,4,-0.17673734499763505
T-IDM,56.5,4,-0.17434372630027362
T-IDM,56.6,4,-0.1719678733514769
T-IDM,56.7,4,-0.16961019113113274
T-IDM,56.800000000000004,4,-0.16727105924040941
T-IDM,56.900000000000006,4,-0.16495083265665755
T-IDM,57.0,4,-0.16264984248030956
T-IDM,57.1,4,-0.16036839667306246
T-IDM,57.2,4,-0.15810678078661056
T-IDM,57.300000000000004,4,-0.15586525868135048
T-IDM,57.400000000000006,4,-0.15364407323447082
T-IDM,57.5,4,-0.15144344703692703
T-IDM,57.6,4,-0.14926358307886112
T-IDM,57.7,4,-0.14710466542306122
T-IDM,57.800000000000004,4,-0.14496685986610913
T-IDM,57.900000000000006,4,-0.14285031458693354
T-IDM,58.0,4,-0.14075516078249173
T-IDM,58.1,4,-0.13868151329038625
T-IDM,58.2,4,-0.13662947119821212
T-IDM,58.300000000000004,4,-0.1345991184395281
T-IDM,58.400000000000006,4,-0.13259052437633478
T-IDM,58.5,4,-0.1306037443679795
T-IDM,58.6,4,-0.128638820326465
T-IDM,58.7,4,-0.12669578125813707
T-IDM,58.800000000000004,4,-0.12477464379175451
T-IDM,58.900000000000006,4,-0.12287541269301627
T-IDM,59.0,4,-0.12099808136556511
T-IDM,59.1,4,-0.11914263233857447
T-IDM,59.2,4,-0.11730903774100376
T-IDM,59.300000000000004,4,-0.11549725976264824
T-IDM,59.400000000000006,4,-0.11370725110212376
T-IDM,59.5,4,-0.11193895540190901
T-IDM,59.6,4,-0.11019230767064414
T-IDM,59.7,4,-0.10846723469282082
T-IDM,59.800000000000004,4,-0.10676365542607336
T-IDM,59.900000000000006,4,-0.1050814813862555
T-IDM,60.0,4,-0.10342061702050032
T-IDM,60.1,4,-0.10178096006848136
T-IDM,60.2,4,-0.10016240191208148
T-IDM,60.300000000000004,4,-0.09856482791369459
T-IDM,60.400000000000006,4,-0.09698811774338978
T-IDM,60.5,4,-0.0954321456951579
T-IDM,60.6,4,-0.09389678099247156
T-IDM,60.7,4,-0.09238188808340908
T-IDM,60.800000000000004,4,-0.09088732692555368
T-IDM,60.900000000000006,4,-0.08941295326093268
T-IDM,61.0,4,-0.08795861888121159
T-IDM,61.1,4,-0.08652417188338646
T-IDM,61.2,4,-0.08510945691622318
T-IDM,61.300000000000004,4,-0.08371431541767471
T-IDM,61.400000000000006,4,-0.08233858584349107
T-IDM,61.5,4,-0.08098210388728155
T-IDM,61.6,4,-0.07964470269225643
T-IDM,61.7,4,-0.07832621305487386
T-IDM,61.800000000000004,4,-0.07702646362059618
T-IDM,61.900000000000006,4,-0.07574528107201672
T-IDM,62.0,4,-0.07448249030956156
T-IDM,62.1,4,-0.0732379146249702
T-IDM,62.2,4,-0.07201137586779005
T-IDM,62.300000000000004,4,-0.07080269460508148
T-IDM,62.400000000000006,4,-0.06961169027454872
T-IDM,62.5,4,-0.06843818133128288
T-IDM,62.6,4,-0.0672819853883464
T-IDM,62.7,4,-0.06614291935135874
T-IDM,62.800000000000004,4,-0.06502079954729822
T-IDM,62.900000000000006,4,-0.06391544184769948
T-IDM,63.0,4,-0.0628266617864206
T-IDM,63.1,4,-0.06175427467217531
T-IDM,63.2,4,-0.06069809569599016
T-IDM,63.300000000000004,4,-0.059657940033758905
T-IDM,63.400000000000006,4,-0.05863362294406649
T-IDM,63.5,4,-0.05762495986144067
T-IDM,63.6,4,-0.05663176648518231
T-IDM,63.7,4,-0.0556538588639377
T-IDM,63.800000000000004,4,-0.054691053476149776
T-IDM,63.900000000000006,4,-0.0537431673065587
T-IDM,64.0,4,-0.05281001791884776
T-IDM,64.10000000000001,4,-0.05189142352462639
T-IDM,64.2,4,-0.050987203048832086
T-IDM,64.3,4,-0.050097176191727044
T-IDM,64.4,4,-0.04922116348757122
T-IDM,64.5,4,-0.048358986360131695
T-IDM,64.60000000000001,4,-0.04751046717512253
T-IDM,64.7,4,-0.04667542928969404
T-IDM,64.8,4,-0.04585369709909415
T-IDM,64.9,4,-0.04504509608058882
T-IDM,65.0,4,-0.04424945283476944
T-IDM,0.0,5,0.0
T-IDM,0.1,5,-7.178710112576425e-05
T-IDM,0.2,5,-0.00014021653138840406
T-IDM,0.30000000000000004,5,-0.0002054453740232276
T-IDM,0.4,5,-0.0002676233600791278
T-IDM,0.5,5,-0.00032689321282752815
T-IDM,0.6000000000000001,5,-0.000383390969986408
T-IDM,0.7000000000000001,5,-0.0004372462861308435
T-IDM,0.8,5,-0.0004885827174021529
T-IDM,0.9,5,-0.0005375179903150951
T-IDM,1.0,5,-0.0005841642562778304
T-IDM,1.1,5,-0.0006286283332030962
T-IDM,1.2000000000000002,5,-0.0006710119354043087
T-IDM,1.3,5,-0.0007114118928424062
T-IDM,1.4000000000000001,5,-0.0007499203606187166
T-IDM,1.5,5,-0.0007866250195025515
T-IDM,1.6,5,-0.000821609268179202
T-IDM,1.7000000000000002,5,-0.0008549524078116377
T-IDM,1.8,5,-0.0008867298194239481
T-IDM,1.9000000000000001,5,-0.0009170131345523913
T-IDM,2.0,5,-0.0009458703995424145
T-IDM,2.1,5,-0.00097336623385047
T-IDM,2.2,5,-0.0009995619826099755
T-IDM,2.3000000000000003,5,-0.0010245158637420815
T-IDM,2.4000000000000004,5,-0.0010482831098279632
T-IDM,2.5,5,-0.0010709161049362592
T-IDM,2.6,5,-0.0010924645165939495
T-IDM,2.7,5,-0.0011129754230427835
T-IDM,2.8000000000000003,5,-0.001132493435942905
T-IDM,2.9000000000000004,5,-0.001151060818639138
T-IDM,3.0,5,-0.00116871760011783
T-IDM,3.1,5,-0.001185501684766166
T-IDM,3.2,5,-0.0012014489580387533
T-IDM,3.3000000000000003,5,-0.0012165933881327362
T-IDM,3.4000000000000004,5,-0.0012309671237638042
T-IDM,3.5,5,-0.0012446005881461275
T-IDM,3.6,5,-0.0012575225692526004
T-IDM,3.7,5,-0.001269760306463752
T-IDM,3.8000000000000003,5,-0.0012813395736710476
T-IDM,3.9000000000000004,5,-0.0012922847589500464
T-IDM,4.0,5,-0.0013026189408549271
T-IDM,4.1000000000000005,5,-0.001312363961458729
T-IDM,4.2,5,-0.0013215404961943733
T-IDM,4.3,5,-0.001330168120603048
T-IDM,4.4,5,-0.001338265374062786
T-IDM,4.5,5,-0.0013458498205949354
T-IDM,4.6000000000000005,5,-0.0013529381068231316
T-IDM,4.7,5,-0.0013595460171806906
T-IDM,4.800000000000001,5,-0.0013656885264445862
T-IDM,4.9,5,-0.0013713798496848284
T-IDM,5.0,5,-0.0013766334897145072
T-IDM,5.1000000000000005,5,-0.001381462282120438
T-IDM,5.2,5,-0.001385878437961452
T-IDM,5.300000000000001,5,-0.0013898935842195925
T-IDM,5.4,5,-0.0013935188020752776
T-IDM,5.5,5,-0.001396764663104122
T-IDM,5.6000000000000005,5,-0.0013996412634593725
T-IDM,5.7,5,-0.0014021582561252188
T-IDM,5.800000000000001,5,-0.0014043248813209175
T-IDM,5.9,5,-0.0014061499951250056
T-IDM,6.0,5,-0.001407642096401318
T-IDM,6.1000000000000005,5,-0.0014088093520854272
T-IDM,6.2,5,-0.0014096596209274281
T-IDM,6.300000000000001,5,-0.0014102004757354791
T-IDM,6.4,5,-0.001410439224200033
T-IDM,6.5,5,-0.0014103829283627078
T-IDM,6.6000000000000005,5,-0.0014100384227972995
T-IDM,6.7,5,-0.0014094123315562257
T-IDM,6.800000000000001,5,-0.0014085110839516801
T-IDM,6.9,5,-0.00140734092922834
T-IDM,7.0,5,-0.0014059079501791416
T-IDM,7.1000000000000005,5,-0.001404218075762742
T-IDM,7.2,5,-0.0014022770927795136
T-IDM,7.300000000000001,5,-0.0014000906566433713
T-IDM,7.4,5,-0.0013976643013204892
T-IDM,7.5,5,-0.0013950034484526697
T-IDM,7.6000000000000005,5,-0.001392113415741747
T-IDM,7.7,5,-0.0013889994246092385
T-IDM,7.800000000000001,5,-0.0013856666072005197
T-IDM,7.9,5,-0.0013821200127441813
T-IDM,8.0,5,-0.001378364613328742
T-IDM,8.1,5,-0.0013744053091162556
T-IDM,8.200000000000001,5,-0.0013702469330372224
T-IDM,8.3,5,-0.0013658942549845676
T-IDM,8.4,5,-0.0013613519855599776
T-IDM,8.5,5,-0.0013566247793690422
T-IDM,8.6,5,-0.0013517172379238218
T-IDM,8.700000000000001,5,-0.0013466339121528392
T-IDM,8.8,5,-0.0013413793045522482
T-IDM,8.9,5,-0.0013359578709941644
T-IDM,9.0,5,-0.001330374022217029
T-IDM,9.1,5,-0.0013246321250033333
T-IDM,9.200000000000001,5,-0.0013187365030660203
T-IDM,9.3,5,-0.0013126914376506704
T-IDM,9.4,5,-0.0013065011678730087
T-IDM,9.5,5,-0.0013001698907793013
T-IDM,9.600000000000001,5,-0.001293701761150956
T-IDM,9.700000000000001,5,-0.0012871008910479986
T-IDM,9.8,5,-0.001280371349087872
T-IDM,9.9,5,-0.0012735171594489003
T-IDM,10.0,5,-0.0012665423006072984
T-IDM,10.100000000000001,5,-0.0012594507037722025
T-IDM,10.200000000000001,5,-0.0012522462510169419
T-IDM,10.3,5,-0.0012449327730834625
T-IDM,10.4,5,-0.0012375140468190438
T-IDM,10.5,5,-0.0012299937922328752
T-IDM,10.600000000000001,5,-0.0012223756691245313
T-IDM,10.700000000000001,5,-0.00121466327323283
T-IDM,10.8,5,-0.0012068601318659944
T-IDM,10.9,5,-0.001198969698942065
T-IDM,11.0,5,-0.0011909953493862702
T-IDM,11.100000000000001,5,-0.0011829403727823262
T-IDM,11.200000000000001,5,-0.0011748079662172728
T-IDM,11.3,5,-0.001166601226204378
T-IDM,11.4,5,-0.0011583231395757565
T-IDM,11.5,5,-0.001149976573215028
T-IDM,11.600000000000001,5,-0.0011415642625109967
T-IDM,11.700000000000001,5,-0.0011330887983529436
T-IDM,11.8,5,-0.001124552612509433
T-IDM,11.9,5,-0.0011159579612023407
T-IDM,12.0,5,-0.0011073069066593888
T-IDM,12.100000000000001,5,-0.0010986012964266934
T-IDM,12.200000000000001,5,-0.001089842740173097
T-IDM,12.3,5,-0.0010810325837322665
T-IDM,12.4,5,-0.001072171880052153
T-IDM,12.5,5,-0.0010632613567462812
T-IDM,12.600000000000001,5,-0.001054301379882716
T-IDM,12.700000000000001,5,-0.0010452919136128003
T-IDM,12.8,5,-0.0010362324752275498
T-IDM,12.9,5,-0.00102712208518696
T-IDM,13.0,5,-0.0010179592116230651
T-IDM,13.100000000000001,5,-0.0010087417088087136
T-IDM,13.200000000000001,5,-0.000999466749002309
T-IDM,13.3,5,-0.0009901307470876475
T-IDM,13.4,5,-0.0009807292773498233
T-IDM,13.5,5,-0.000971256981705082
T-IDM,13.600000000000001,5,-0.0009617074686669724
T-IDM,13.700000000000001,5,-0.0009520732022565426
T-IDM,13.8,5,-0.0009423453800749826
T-IDM,13.9,5,-0.0009325137996558652
T-IDM,14.0,5,-0.0009225667122301218
T-IDM,14.100000000000001,5,-0.0009124906629427443
T-IDM,14.200000000000001,5,-0.0009022703165761925
T-IDM,14.3,5,-0.0008918882677502182
T-IDM,14.4,5,-0.0008813248345695968
T-IDM,14.5,5,-0.000870557834648622
T-IDM,14.600000000000001,5,-0.0008595623424145771
T-IDM,14.700000000000001,5,-0.0008483104265799568
T-IDM,14.8,5,-0.0008367708666483509
T-IDM,14.9,5,-0.0008249088473313293
T-IDM,15.0,5,-0.000812685629727028
T-IDM,15.100000000000001,5,-0.0008000581981395527
T-IDM,15.200000000000001,5,-0.0007869788814360845
T-IDM,15.3,5,-0.0007733949478527791
T-IDM,15.4,5,-0.0007592481722280553
T-IDM,15.5,5,-0.0007444743746649607
T-IDM,15.600000000000001,5,-0.0007290029296989076
T-IDM,15.700000000000001,5,-0.0007127562451572089
T-IDM,15.8,5,-0.0006956492099430278
T-IDM,15.9,5,-0.0006775886101451079
T-IDM,16.0,5,-0.0006584725129386015
T-IDM,16.1,5,-0.0006381896179767921
T-IDM,16.2,5,-0.0006166185760392295
T-IDM,16.3,5,-0.0005936272749895721
T-IDM,16.400000000000002,5,-0.0005690720932172155
T-IDM,16.5,5,-0.0005427971210210103
T-IDM,16.6,5,-0.0005146333506029777
T-IDM,16.7,5,-0.0004843978356330325
T-IDM,16.8,5,-0.00045189282160862376
T-IDM,16.900000000000002,5,-0.0004169048485547222
T-IDM,17.0,5,-0.00037920382791689633
T-IDM,17.1,5,-0.0003385420958608165
T-IDM,17.2,5,-0.00029465344553791795
T-IDM,17.3,5,-0.00024725214123044736
T-IDM,17.400000000000002,5,-0.00019603191770833917
T-IDM,17.5,5,-0.00014066496850340116
T-IDM,17.6,5,-8.080092720774701e-05
T-IDM,17.7,5,-1.6065846313750853e-05
T-IDM,17.8,5,5.393882146620399e-05
T-IDM,17.900000000000002,5,0.00012963723407644068
T-IDM,18.0,5,0.00021148015743222004
T-IDM,18.1,5,0.0002999459430608198
T-IDM,18.2,5,0.00039554147953246854
T-IDM,18.3,5,0.0004988031108119628
T-IDM,18.400000000000002,5,0.0006102975142940892
T-IDM,18.5,5,0.000730622530998204
T-IDM,18.6,5,0.0008604079400917897
T-IDM,18.7,5,0.0010003161696623408
T-IDM,18.8,5,0.001151042935473967
T-IDM,18.900000000000002,5,0.0013133177992354916
T-IDM,19.0,5,0.0014879046378570848
T-IDM,19.1,5,0.0016756020150570095
T-IDM,19.200000000000003,5,0.0018772434467049237
T-IDM,19.3,5,0.0020936975513539124
T-IDM,19.400000000000002,5,0.0023258680775271046
T-IDM,19.5,5,0.002574693799532568
T-IDM,19.6,5,0.0028411482738324167
T-IDM,19.700000000000003,5,0.0031262394483437816
T-IDM,19.8,5,0.00343100911744898
T-IDM,19.900000000000002,5,0.003756532215989594
T-IDM,20.0,5,0.0041039159460734
T-IDM,20.1,5,0.004474298731160786
T-IDM,20.200000000000003,5,0.004868848992579444
T-IDM,20.3,5,0.005288763744431435
T-IDM,20.400000000000002,5,0.005735267003665001
T-IDM,20.5,5,0.006209608012987644
T-IDM,20.6,5,0.006713059275259781
T-IDM,20.700000000000003,5,0.007246914399036797
T-IDM,20.8,5,0.007812485755943399
T-IDM,20.900000000000002,5,0.00841110195169037
T-IDM,21.0,5,0.009044105113664713
T-IDM,21.1,5,0.009712847999161056
T-IDM,21.200000000000003,5,0.010418690929494545
T-IDM,21.3,5,0.011162998556429216
T-IDM,21.400000000000002,5,0.011947136468466013
T-IDM,21.5,5,0.012772467645758567
T-IDM,21.6,5,0.013640348773529709
T-IDM,21.700000000000003,5,0.014552126424961287
T-IDM,21.8,5,0.015509133125613417
T-IDM,21.900000000000002,5,0.016512683312456033
T-IDM,22.0,5,0.017564069201515764
T-IDM,22.1,5,0.01866455657911459
T-IDM,22.200000000000003,5,0.019815380532410387
T-IDM,22.3,5,0.021017741135777257
T-IDM,22.400000000000002,5,0.02227279911015856
T-IDM,22.5,5,0.023581671473122512
T-IDM,22.6,5,0.02494542719781556
T-IDM,22.700000000000003,5,0.026365082899337366
T-IDM,22.8,5,0.02784159856736146
T-IDM,22.900000000000002,5,0.029375873363930438
T-IDM,23.0,5,0.030968741505409625
T-IDM,23.1,5,0.032620968247488946
T-IDM,23.200000000000003,5,0.03433324599193455
T-IDM,23.3,5,0.03610619053346831
T-IDM,23.400000000000002,5,0.03794033746474845
T-IDM,23.5,5,0.039836138756877304
T-IDM,23.6,5,0.04179395953222986
T-IDM,23.700000000000003,5,0.04381407504566859
T-IDM,23.8,5,0.04589666788932334
T-IDM,23.900000000000002,5,0.0480418254352486
T-IDM,24.0,5,0.05024953752919359
T-IDM,24.1,5,0.05251969444763205
T-IDM,24.200000000000003,5,0.05485208512905615
T-IDM,24.3,5,0.05724639568925305
T-IDM,24.400000000000002,5,0.05970220822900707
T-IDM,24.5,5,0.06221899994132407
T-IDM,24.6,5,0.06479614252388011
T-IDM,24.700000000000003,5,0.06743290190097362
T-IDM,24.8,5,0.07012843825783222
T-IDM,24.900000000000002,5,0.07288180638864539
T-IDM,25.0,5,0.07569195635826809
T-IDM,25.1,5,0.07855773447604442
T-IDM,25.200000000000003,5,0.08147788457880623
T-IDM,25.3,5,0.08445104961863947
T-IDM,25.400000000000002,5,0.08747577354965941
T-IDM,25.5,5,0.09055050350667848
T-IDM,25.6,5,0.09367359226734706
T-IDM,25.700000000000003,5,0.09684330098811955
T-IDM,25.8,5,0.10005780220319949
T-IDM,25.900000000000002,5,0.10331518307453535
T-IDM,26.0,5,0.106613448879882
T-IDM,26.1,5,0.10995052672499028
T-IDM,26.200000000000003,5,0.1133242694651333
T-IDM,26.3,5,0.11673245982038338
T-IDM,26.400000000000002,5,0.12017281466838092
T-IDM,26.5,5,0.12364298949771957
T-IDM,26.6,5,0.12714058300462128
T-IDM,26.700000000000003,5,0.13066314181512695
T-IDM,26.8,5,0.13420816531478685
T-IDM,26.900000000000002,5,0.13777311056757924
T-IDM,27.0,5,0.14135539730574642
T-IDM,27.1,5,0.14495241297218264
T-IDM,27.200000000000003,5,0.14856151779713578
T-IDM,27.3,5,0.15218004989113787
T-IDM,27.400000000000002,5,0.15580533033638844
T-IDM,27.5,5,0.15943466825912722
T-IDM,27.6,5,0.1630653658659984
T-IDM,27.700000000000003,5,0.16669472342790392
T-IDM,27.8,5,0.17032004419543156
T-IDM,27.900000000000002,5,0.17393863923058106
T-IDM,28.0,5,0.17754783214021863
T-IDM,28.1,5,0.18114496369743627
T-IDM,28.200000000000003,5,0.18472739633780577
T-IDM,28.3,5,0.1882925185183577
T-IDM,28.400000000000002,5,0.19183774892795924
T-IDM,28.5,5,0.19536054053872576
T-IDM,28.6,5,0.1988583844889522
T-IDM,28.700000000000003,5,0.20232881378903755
T-IDM,28.8,5,0.2057694068428031
T-IDM,28.900000000000002,5,0.2091777907775434
T-IDM,29.0,5,0.2125516445770952
T-IDM,29.1,5,0.21588870201316546
T-IDM,29.200000000000003,5,0.2191867543710302
T-IDM,29.3,5,0.22244365296667823
T-IDM,29.400000000000002,5,0.22565731145330048
T-IDM,29.5,5,0.22882570791590418
T-IDM,29.6,5,0.2319468867536365
T-IDM,29.700000000000003,5,0.23501896035021375
T-IDM,29.8,5,0.23804011053355545
T-IDM,29.900000000000002,5,0.24100858982648
T-IDM,30.0,5,0.24392272249095015
T-IDM,30.1,5,0.24678090536900754
T-IDM,30.200000000000003,5,0.2495816085240925
T-IDM,30.3,5,0.25232337568699315
T-IDM,30.400000000000002,5,0.25500482451116824
T-IDM,30.5,5,0.2576246466425971
T-IDM,30.6,5,0.2601816076097503
T-IDM,30.700000000000003,5,0.26267454653959277
T-IDM,30.8,5,0.2651023757058706
T-IDM,30.900000000000002,5,0.2674640799161647
T-IDM,31.0,5,0.26975871574445875
T-IDM,31.1,5,0.2719854106161126
T-IDM,31.200000000000003,5,0.27414336175231924
T-IDM,31.3,5,0.27623183498120163
T-IDM,31.400000000000002,5,0.2782501634227934
T-IDM,31.5,5,0.2801977460552152
T-IDM,31.6,5,0.2820740461693152
T-IDM,31.700000000000003,5,0.28387858971910696
T-IDM,31.8,5,0.2856109635752304
T-IDM,31.900000000000002,5,0.2872708136886484
T-IDM,32.0,5,0.28885784317170504
T-IDM,32.1,5,0.29037181030354553
T-IDM,32.2,5,0.29181252646683475
T-IDM,32.300000000000004,5,0.2931798540225472
T-IDM,32.4,5,0.2944737041294925
T-IDM,32.5,5,0.29569403451507803
T-IDM,32.6,5,0.29684084720368276
T-IDM,32.7,5,0.29791418620883725
T-IDM,32.800000000000004,5,0.298914135195286
T-IDM,32.9,5,0.2998408151168075
T-IDM,33.0,5,0.3006943818355552
T-IDM,33.1,5,0.3014750237284858
T-IDM,33.2,5,0.3021829592863359
T-IDM,33.300000000000004,5,0.30281843471043324
T-IDM,33.4,5,0.3033817215124781
T-IDM,33.5,5,0.3038731141223394
T-IDM,33.6,5,0.30429292750874204
T-IDM,33.7,5,0.30464149481760927
T-IDM,33.800000000000004,5,0.304919165032727
T-IDM,33.9,5,0.3051263006632805
T-IDM,34.0,5,0.30526327546271403
T-IDM,34.1,5,0.30533047218327347
T-IDM,34.2,5,0.30532828037051196
T-IDM,34.300000000000004,5,0.3052570942019699
T-IDM,34.4,5,0.3051173103741558
T-IDM,34.5,5,0.30490932604189425
T-IDM,34.6,5,0.3046335368140607
T-IDM,34.7,5,0.30429033480965195
T-IDM,34.800000000000004,5,0.30388010677809874
T-IDM,34.9,5,0.30340323228766586
T-IDM,35.0,5,0.30286008198576475
T-IDM,35.1,5,0.3022510159349263
T-IDM,35.2,5,0.30157638202813786
T-IDM,35.300000000000004,5,0.30083651448722293
T-IDM,35.4,5,0.30003173244785053
T-IDM,35.5,5,0.2991623386347424
T-IDM,35.6,5,0.29822861813053336
T-IDM,35.7,5,0.29723083724172383
T-IDM,35.800000000000004,5,0.29616924246504617
T-IDM,35.9,5,0.2950440595574797
T-IDM,36.0,5,0.2938554927130763
T-IDM,36.1,5,0.292603723849604
T-IDM,36.2,5,0.29128891200793916
T-IDM,36.300000000000004,5,0.28991119286695977
T-IDM,36.4,5,0.28847067837656226
T-IDM,36.5,5,0.28696745651123834
T-IDM,36.6,5,0.28540159114648667
T-IDM,36.7,5,0.28377312206010075
T-IDM,36.800000000000004,5,0.28208206506017497
T-IDM,36.9,5,0.280328412241424
T-IDM,37.0,5,0.2785121323711568
T-IDM,37.1,5,0.27663317140595645
T-IDM,37.2,5,0.27469145313984455
T-IDM,37.300000000000004,5,0.2726868799843647
T-IDM,37.4,5,0.27061933388071857
T-IDM,37.5,5,0.2684886773437025
T-IDM,37.6,5,0.2662947546368546
T-IDM,37.7,5,0.26403739307782104
T-IDM,37.800000000000004,5,0.26171640447253175
T-IDM,37.9,5,0.2593315866764012
T-IDM,38.0,5,0.25688272528029543
T-IDM,38.1,5,0.25436959541858073
T-IDM,38.2,5,0.251791963696137
T-IDM,38.300000000000004,5,0.24914959023070082
T-IDM,38.400000000000006,5,0.24644223080649574
T-IDM,38.5,5,0.24366963913459294
T-IDM,38.6,5,0.24083156921497562
T-IDM,38.7,5,0.23792777779481256
T-IDM,38.800000000000004,5,0.23495802691694578
T-IDM,38.900000000000006,5,0.23192208655217073
T-IDM,39.0,5,0.22881973730837224
T-IDM,39.1,5,0.22565077320914995
T-IDM,39.2,5,0.22241500453413998
T-IDM,39.300000000000004,5,0.219112260712782
T-IDM,39.400000000000006,5,0.2157423932629019
T-IDM,39.5,5,0.21230527876507566
T-IDM,39.6,5,0.20880082186339877
T-IDM,39.7,5,0.20522895828293386
T-IDM,39.800000000000004,5,0.20158965785381966
T-IDM,39.900000000000006,5,0.1978829275317473
T-IDM,40.0,5,0.19410881440428618
T-IDM,40.1,5,0.1902674086723266
T-IDM,40.2,5,0.18635884659575197
T-IDM,40.300000000000004,5,0.18238331339238556
T-IDM,40.400000000000006,5,0.17834104607910106
T-IDM,40.5,5,0.1742323362440441
T-IDM,40.6,5,0.1700575327388929
T-IDM,40.7,5,0.16581704428015343
T-IDM,40.800000000000004,5,0.16151134194864802
T-IDM,40.900000000000006,5,0.15714096157646473
T-IDM,41.0,5,0.15270650601091873
T-IDM,41.1,5,0.1482086472453119
T-IDM,41.2,5,0.14364812840661045
T-IDM,41.300000000000004,5,0.13902576559052093
T-IDM,41.400000000000006,5,0.13434244953489127
T-IDM,41.5,5,0.12959914712280707
T-IDM,41.6,5,0.12479690270725996
T-IDM,41.7,5,0.1199368392498652
T-IDM,41.800000000000004,5,0.115020159266642
T-IDM,41.900000000000006,5,0.11004814557455411
T-IDM,42.0,5,0.10502216183316015
T-IDM,42.1,5,0.09994365287642992
T-IDM,42.2,5,0.09481414483053285
T-IDM,42.300000000000004,5,0.08963524501413467
T-IDM,42.400000000000006,5,0.0844086416185501
T-IDM,42.5,5,0.0791361031659008
T-IDM,42.6,5,0.07381947774422848
T-IDM,42.7,5,0.06846069201934668
T-IDM,42.800000000000004,5,0.06306175002404757
T-IDM,42.900000000000006,5,0.05762473172613625
T-IDM,43.0,5,0.05215179137753978
T-IDM,43.1,5,0.04664515564765637
T-IDM,43.2,5,0.041107121544811775
T-IDM,43.300000000000004,5,0.03554005413060324
T-IDM,43.400000000000006,5,0.029946384032605522
T-IDM,43.5,5,0.024328604761706174
T-IDM,43.6,5,0.018689269841079437
T-IDM,43.7,5,0.013030989754490463
T-IDM,43.800000000000004,5,0.0073564287222698255
T-IDM,43.900000000000006,5,0.0016683013139768832
T-IDM,44.0,5,-0.004030631092700077
T-IDM,44.1,5,-0.009737563996653265
T-IDM,44.2,5,-0.01544965359109085
T-IDM,44.300000000000004,5,-0.02116402070318557
T-IDM,44.400000000000006,5,-0.02687775484419852
T-IDM,44.5,5,-0.032587918358217394
T-IDM,44.6,5,-0.0382915506573962
T-IDM,44.7,5,-0.04398567253133301
T-IDM,44.800000000000004,5,-0.04966729051799135
T-IDM,44.900000000000006,5,-0.05533340132350162
T-IDM,45.0,5,-0.060980996277999466
T-IDM,45.1,5,-0.06660706581472553
T-IDM,45.2,5,-0.07220860395957374
T-IDM,45.300000000000004,5,-0.07778261281835164
T-IDM,45.400000000000006,5,-0.08332610704917265
T-IDM,45.5,5,-0.08883611830753857
T-IDM,45.6,5,-0.0943096996519337
T-IDM,45.7,5,-0.09974392989796854
T-IDM,45.800000000000004,5,-0.10513591790948773
T-IDM,45.900000000000006,5,-0.11048280681534806
T-IDM,46.0,5,-0.11578177814101132
T-IDM,46.1,5,-0.1210300558445141
T-IDM,46.2,5,-0.12622491024681715
T-IDM,46.300000000000004,5,-0.1313636618470735
T-IDM,46.400000000000006,5,-0.13644368501384463
T-IDM,46.5,5,-0.14146241154385564
T-IDM,46.6,5,-0.14641733408043578
T-IDM,46.7,5,-0.15130600938440786
T-IDM,46.800000000000004,5,-0.15612606145076136
T-IDM,46.900000000000006,5,-0.16087518446506976
T-IDM,47.0,5,-0.1655511455942591
T-IDM,47.1,5,-0.17015178760692962
T-IDM,47.2,5,-0.17467503131909723
T-IDM,47.300000000000004,5,-0.17911887786184089
T-IDM,47.400000000000006,5,-0.1834814107679943
T-IDM,47.5,5,-0.18776079787560107
T-IDM,47.6,5,-0.19195529304654713
T-IDM,47.7,5,-0.19606323769932743
T-IDM,47.800000000000004,5,-0.2000830621555192
T-IDM,47.900000000000006,5,-0.2040132868001514
T-IDM,48.0,5,-0.2078525230566619
T-IDM,48.1,5,-0.21159947417776692
T-IDM,48.2,5,-0.2152529358539752
T-IDM,48.300000000000004,5,-0.21881179664212347
T-IDM,48.400000000000006,5,-0.22227503821667227
T-IDM,48.5,5,-0.2256417354470237
T-IDM,48.6,5,-0.2289110563045238
T-IDM,48.7,5,-0.23208226160325474
T-IDM,48.800000000000004,5,-0.23515470457903476
T-IDM,48.900000000000006,5,-0.23812783031146623
T-IDM,49.0,5,-0.241001174994123
T-IDM,49.1,5,-0.24377436505832328
T-IDM,49.2,5,-0.246447116156153
T-IDM,49.300000000000004,5,-0.2490192320086564
T-IDM,49.400000000000006,5,-0.25149060312531013
T-IDM,49.5,5,-0.25386120540109225
T-IDM,49.6,5,-0.25613109859757976
T-IDM,49.7,5,-0.25830042471466186
T-IDM,49.800000000000004,5,-0.26036940625950145
T-IDM,49.900000000000006,5,-0.2623383444195362
T-IDM,50.0,5,-0.2642076171462424
T-IDM,50.1,5,-0.2659776771565028
T-IDM,50.2,5,-0.2676490498583419
T-IDM,50.300000000000004,5,-0.2692223312078408
T-IDM,50.400000000000006,5,-0.27069818550391034
T-IDM,50.5,5,-0.2720773431276111
T-IDM,50.6,5,-0.27336059823258196
T-IDM,50.7,5,-0.27454880639304236
T-IDM,50.800000000000004,5,-0.27564288221570266
T-IDM,50.900000000000006,5,-0.2766437969218085
T-IDM,51.0,5,-0.2775525759053643
T-IDM,51.1,5,-0.2783702962734438
T-IDM,51.2,5,-0.2790980843742883
T-IDM,51.300000000000004,5,-0.27973711331873297
T-IDM,51.400000000000006,5,-0.2802886005002918
T-IDM,51.5,5,-0.28075380511905657
T-IDM,51.6,5,-0.281134025714298
T-IDM,51.7,5,-0.2814305977104965
T-IDM,51.800000000000004,5,-0.28164489098127277
T-IDM,51.900000000000006,5,-0.2817783074354878
T-IDM,52.0,5,-0.2818322786295333
T-IDM,52.1,5,-0.28180826340960685
T-IDM,52.2,5,-0.2817077455875445
T-IDM,52.300000000000004,5,-0.28153223165355
T-IDM,52.400000000000006,5,-0.28128324852891673
T-IDM,52.5,5,-0.2809623413616169
T-IDM,52.6,5,-0.2805710713674223
T-IDM,52.7,5,-0.2801110137189653
T-IDM,52.800000000000004,5,-0.2795837554849516
T-IDM,52.900000000000006,5,-0.2789908936215042
T-IDM,53.0,5,-0.2783340330174351
T-IDM,53.1,5,-0.2776147845949968
T-IDM,53.2,5,-0.27683476346748925
T-IDM,53.300000000000004,5,-0.2759955871548989
T-IDM,53.400000000000006,5,-0.2750988738585445
T-IDM,53.5,5,-0.2741462407955595
T-IDM,53.6,5,-0.2731393025938136
T-IDM,53.7,5,-0.2720796697477432
T-IDM,53.800000000000004,5,-0.27096894713539754
T-IDM,53.900000000000006,5,-0.26980873259684124
T-IDM,54.0,5,-0.26860061557391646
T-IDM,54.1,5,-0.26734617581122855
T-IDM,54.2,5,-0.2660469821180733
T-IDM,54.300000000000004,5,-0.2647045911909416
T-IDM,54.400000000000006,5,-0.26332054649606285
T-IDM,54.5,5,-0.26189637721139825
T-IDM,54.6,5,-0.26043359722735104
T-IDM,54.7,5,-0.2589337042053774
T-IDM,54.800000000000004,5,-0.25739817869362014
T-IDM,54.900000000000006,5,-0.2558284832985809
T-IDM,55.0,5,-0.25422606191177444
T-IDM,55.1,5,-0.2525923389902509
T-IDM,55.2,5,-0.2509287188898224
T-IDM,55.300000000000004,5,-0.24923658524974535
T-IDM,55.400000000000006,5,-0.24751730042761544
T-IDM,55.5,5,-0.24577220498311902
T-IDM,55.6,5,-0.24400261720932193
T-IDM,55.7,5,-0.24220983271009544
T-IDM,55.800000000000004,5,-0.24039512402226926
T-IDM,55.900000000000006,5,-0.2385597402811026
T-IDM,56.0,5,-0.23670490692760993
T-IDM,56.1,5,-0.234831825456304
T-IDM,56.2,5,-0.23294167320187498
T-IDM,56.300000000000004,5,-0.23103560316336313
T-IDM,56.400000000000006,5,-0.22911474386435415
T-IDM,56.5,5,-0.22718019924773003
T-IDM,56.6,5,-0.2252330486035472
T-IDM,56.7,5,-0.22327434652857114
T-IDM,56.800000000000004,5,-0.22130512291607474
T-IDM,56.900000000000006,5,-0.21932638297446694
T-IDM,57.0,5,-0.21733910727337147
T-IDM,57.1,5,-0.2153442518157771
T-IDM,57.2,5,-0.21334274813493437
T-IDM,57.300000000000004,5,-0.21133550341463803
T-IDM,57.400000000000006,5,-0.20932340063164112
T-IDM,57.5,5,-0.20730729871890397
T-IDM,57.6,5,-0.2052880327484452
T-IDM,57.7,5,-0.2032664141325924
T-IDM,57.800000000000004,5,-0.20124323084245432
T-IDM,57.900000000000006,5,-0.1992192476424588
T-IDM,58.0,5,-0.19719520633984544
T-IDM,58.1,5,-0.19517182604804795
T-IDM,58.2,5,-0.1931498034629051
T-IDM,58.300000000000004,5,-0.19112981315069533
T-IDM,58.400000000000006,5,-0.18911250784699796
T-IDM,58.5,5,-0.18709851876547745
T-IDM,58.6,5,-0.18508845591563627
T-IDM,58.7,5,-0.1830829084286929
T-IDM,58.800000000000004,5,-0.18108244489073222
T-IDM,58.900000000000006,5,-0.17908761368231652
T-IDM,59.0,5,-0.17709894332378617
T-IDM,59.1,5,-0.17511694282550927
T-IDM,59.2,5,-0.17314210204238556
T-IDM,59.300000000000004,5,-0.1711748920318925
T-IDM,59.400000000000006,5,-0.16921576541506944
T-IDM,59.5,5,-0.1672651567398038
T-IDM,59.6,5,-0.1653234828458352
T-IDM,59.7,5,-0.1633911432309283
T-IDM,59.800000000000004,5,-0.16146852041769577
T-IDM,59.900000000000006,5,-0.1595559803205635
T-IDM,60.0,5,-0.15765387261241592
T-IDM,60.1,5,-0.1557625310904811
T-IDM,60.2,5,-0.1538822740410275
T-IDM,60.300000000000004,5,-0.15201340460249746
T-IDM,60.400000000000006,5,-0.1501562111266992
T-IDM,60.5,5,-0.148310967537725
T-IDM,60.6,5,-0.14647793368826
T-IDM,60.7,5,-0.1446573557130062
T-IDM,60.800000000000004,5,-0.14284946637891416
T-IDM,60.900000000000006,5,-0.14105448543200438
T-IDM,61.0,5,-0.13927261994050788
T-IDM,61.1,5,-0.1375040646341379
T-IDM,61.2,5,-0.13574900223925113
T-IDM,61.300000000000004,5,-0.13400760380977061
T-IDM,61.400000000000006,5,-0.13228002905367475
T-IDM,61.5,5,-0.13056642665489093
T-IDM,61.6,5,-0.1288669345904836
T-IDM,61.7,5,-0.12718168044301592
T-IDM,61.800000000000004,5,-0.12551078170796615
T-IDM,61.900000000000006,5,-0.12385434609611146
T-IDM,62.0,5,-0.1222124718307942
T-IDM,62.1,5,-0.12058524794002423
T-IDM,62.2,5,-0.11897275454332501
T-IDM,62.300000000000004,5,-0.11737506313330748
T-IDM,62.400000000000006,5,-0.11579223685191131
T-IDM,62.5,5,-0.11422433076132066
T-IDM,62.6,5,-0.11267139210948685
T-IDM,62.7,5,-0.11113346059029006
T-IDM,62.800000000000004,5,-0.10961056859832752
T-IDM,62.900000000000006,5,-0.108102741478314
T-IDM,63.0,5,-0.10660999776914082
T-IDM,63.1,5,-0.1051323494425791
T-IDM,63.2,5,-0.10366980213667354
T-IDM,63.300000000000004,5,-0.1022223553838586
T-IDM,63.400000000000006,5,-0.10079000283380601
T-IDM,63.5,5,-0.09937273247107647
T-IDM,63.6,5,-0.09797052682760565
T-IDM,63.7,5,-0.09658336319007965
T-IDM,63.800000000000004,5,-0.09521121380223185
T-IDM,63.900000000000006,5,-0.09385404606214642
T-IDM,64.0,5,-0.09251182271461289
T-IDM,64.10000000000001,5,-0.09118450203859751
T-IDM,64.2,5,-0.0898720380298883
T-IDM,64.3,5,-0.08857438057899003
T-IDM,64.4,5,-0.08729147564433504
T-IDM,64.5,5,-0.08602326542088257
T-IDM,64.60000000000001,5,-0.08476968850417244
T-IDM,64.7,5,-0.08353068004991471
T-IDM,64.8,5,-0.08230617192918999
T-IDM,64.9,5,-0.08109609287932784
T-IDM,65.0,5,-0.07990036865054329
T-IDM,0.0,6,0.0
T-IDM,0.1,6,-7.178710112576425e-05
T-IDM,0.2,6,-0.00014021653138840406
T-IDM,0.30000000000000004,6,-0.0002054453740232276
T-IDM,0.4,6,-0.0002676233600791278
T-IDM,0.5,6,-0.00032689321282752815
T-IDM,0.6000000000000001,6,-0.00038339097602069216
T-IDM,0.7000000000000001,6,-0.0004372463265145399
T-IDM,0.8,6,-0.0004885828718208529
T-IDM,0.9,6,-0.0005375184331875005
T-IDM,1.0,6,-0.0005841653148106474
T-IDM,1.1,6,-0.0006286305597811293
T-IDM,1.2000000000000002,6,-0.000671016193402707
T-IDM,1.3,6,-0.0007114194544630692
T-IDM,1.4000000000000001,6,-0.000749933015073978
T-IDM,1.5,6,-0.0007866451896543225
T-IDM,1.6,6,-0.0008216401336316181
T-IDM,1.7000000000000002,6,-0.0008549980323930839
T-IDM,1.8,6,-0.0008867952810280855
T-IDM,1.9000000000000001,6,-0.0009171046553593243
T-IDM,2.0,6,-0.0009459954747494947
T-IDM,2.1,6,-0.0009735337571239455
T-IDM,2.2,6,-0.0009997823666676453
T-IDM,2.3000000000000003,6,-0.0010248011545925806
T-IDM,2.4000000000000004,6,-0.0010486470933699366
T-IDM,2.5,6,-0.001071374404789438
T-IDM,2.6,6,-0.0010930346821940162
T-IDM,2.7,6,-0.0011136770072184277
T-IDM,2.8000000000000003,6,-0.0011333480613178182
T-IDM,2.9000000000000004,6,-0.001152092232391766
T-IDM,3.0,6,-0.0011699517167595985
T-IDM,3.1,6,-0.0011869666167392268
T-IDM,3.2,6,-0.0012031750340533165
T-IDM,3.3000000000000003,6,-0.001218613159291948
T-IDM,3.4000000000000004,6,-0.0012333153576307154
T-IDM,3.5,6,-0.0012473142509819013
T-IDM,3.6,6,-0.0012606407967794553
T-IDM,3.7,6,-0.0012733243635327796
T-IDM,3.8000000000000003,6,-0.0012853928033234041
T-IDM,3.9000000000000004,6,-0.0012968725213760024
T-IDM,4.0,6,-0.0013077885428476321
T-IDM,4.1000000000000005,6,-0.0013181645769453354
T-IDM,4.2,6,-0.0013280230785035485
T-IDM,4.3,6,-0.0013373853071172448
T-IDM,4.4,6,-0.0013462713839373919
T-IDM,4.5,6,-0.0013547003462281992
T-IDM,4.6000000000000005,6,-0.0013626901997714214
T-IDM,4.7,6,-0.0013702579691976524
T-IDM,4.800000000000001,6,-0.0013774197463298776
T-IDM,4.9,6,-0.001384190736617441
T-IDM,5.0,6,-0.0013905853037137206
T-IDM,5.1000000000000005,6,-0.0013966170122916566
T-IDM,5.2,6,-0.0014022986691273331
T-IDM,5.300000000000001,6,-0.0014076423625422052
T-IDM,5.4,6,-0.0014126595002394993
T-IDM,5.5,6,-0.001417360845602289
T-IDM,5.6000000000000005,6,-0.001421756552492326
T-IDM,5.7,6,-0.0014258561986189022
T-IDM,5.800000000000001,6,-0.0014296688175026162
T-IDM,5.9,6,-0.0014332029290979875
T-IDM,6.0,6,-0.0014364665691051215
T-IDM,6.1000000000000005,6,-0.0014394673170325945
T-IDM,6.2,6,-0.0014422123230239947
T-IDM,6.300000000000001,6,-0.0014447083335173971
T-IDM,6.4,6,-0.0014469617157555348
T-IDM,6.5,6,-0.001448978481192853
T-IDM,6.6000000000000005,6,-0.0014507643078367494
T-IDM,6.7,6,-0.001452324561549645
T-IDM,6.800000000000001,6,-0.0014536643163616247
T-IDM,6.9,6,-0.0014547883738096345
T-IDM,7.0,6,-0.0014557012813476433
T-IDM,7.1000000000000005,6,-0.0014564073498561925
T-IDM,7.2,6,-0.0014569106702779777
T-IDM,7.300000000000001,6,-0.0014572151294167668
T-IDM,7.4,6,-0.0014573244249262984
T-IDM,7.5,6,-0.001457242079515808
T-IDM,7.6000000000000005,6,-0.0014569714543970491
T-IDM,7.7,6,-0.0014565157620172187
T-IDM,7.800000000000001,6,-0.0014558780780795644
T-IDM,7.9,6,-0.001455061352896081
T-IDM,8.0,6,-0.0014540684220865074
T-IDM,8.1,6,-0.0014529020166662576
T-IDM,8.200000000000001,6,-0.0014515647725179548
T-IDM,8.3,6,-0.0014500592392980849
T-IDM,8.4,6,-0.0014483878887840973
T-IDM,8.5,6,-0.0014465531226939277
T-IDM,8.6,6,-0.0014445572799921536
T-IDM,8.700000000000001,6,-0.001442402643707652
T-IDM,8.8,6,-0.0014400914472858517
T-IDM,8.9,6,-0.0014376258804862374
T-IDM,9.0,6,-0.0014350080948446475
T-IDM,9.1,6,-0.0014322402087341146
T-IDM,9.200000000000001,6,-0.0014293243120206967
T-IDM,9.3,6,-0.0014262624703427207
T-IDM,9.4,6,-0.0014230567290223206
T-IDM,9.5,6,-0.0014197091166359144
T-IDM,9.600000000000001,6,-0.0014162216482418444
T-IDM,9.700000000000001,6,-0.0014125963282829446
T-IDM,9.8,6,-0.0014088351531906795
T-IDM,9.9,6,-0.0014049401136837503
T-IDM,10.0,6,-0.0014009131967700483
T-IDM,10.100000000000001,6,-0.0013967563874839328
T-IDM,10.200000000000001,6,-0.001392471670337514
T-IDM,10.3,6,-0.001388061030510812
T-IDM,10.4,6,-0.0013835264547807924
T-IDM,10.5,6,-0.0013788699321857223
T-IDM,10.600000000000001,6,-0.001374093454446168
T-IDM,10.700000000000001,6,-0.0013691990161124323
T-IDM,10.8,6,-0.0013641886144668547
T-IDM,10.9,6,-0.0013590642491525529
T-IDM,11.0,6,-0.0013538279215357107
T-IDM,11.100000000000001,6,-0.0013484816337943073
T-IDM,11.200000000000001,6,-0.0013430273877030885
T-IDM,11.3,6,-0.0013374671831201113
T-IDM,11.4,6,-0.0013318030161499905
T-IDM,11.5,6,-0.0013260368769554276
T-IDM,11.600000000000001,6,-0.0013201707471957036
T-IDM,11.700000000000001,6,-0.0013142065970619399
T-IDM,11.8,6,-0.0013081463818735983
T-IDM,11.9,6,-0.0013019920382024708
T-IDM,12.0,6,-0.0012957454794566559
T-IDM,12.100000000000001,6,-0.0012894085908961017
T-IDM,12.200000000000001,6,-0.001282983224012213
T-IDM,12.3,6,-0.001276471190202244
T-IDM,12.4,6,-0.0012698742536603191
T-IDM,12.5,6,-0.0012631941234211297
T-IDM,12.600000000000001,6,-0.001256432444440847
T-IDM,12.700000000000001,6,-0.0012495907876264312
T-IDM,12.8,6,-0.0012426706387067554
T-IDM,12.9,6,-0.0012356733857998847
T-IDM,13.0,6,-0.0012286003055681505
T-IDM,13.100000000000001,6,-0.0012214525477869387
T-IDM,13.200000000000001,6,-0.0012142311181815302
T-IDM,13.3,6,-0.0012069368593490282
T-IDM,13.4,6,-0.001199570429561092
T-IDM,13.5,6,-0.001192132279255631
T-IDM,13.600000000000001,6,-0.001184622624981202
T-IDM,13.700000000000001,6,-0.0011770414205418689
T-IDM,13.8,6,-0.001169388325088505
T-IDM,13.9,6,-0.001161662667868768
T-IDM,14.0,6,-0.0011538634093195554
T-IDM,14.100000000000001,6,-0.0011459890982017384
T-IDM,14.200000000000001,6,-0.0011380378243881495
T-IDM,14.3,6,-0.0011300071669779754
T-IDM,14.4,6,-0.0011218941373041247
T-IDM,14.5,6,-0.0011136951164445463
T-IDM,14.600000000000001,6,-0.0011054057867809775
T-IDM,14.700000000000001,6,-0.001097021057143266
T-IDM,14.8,6,-0.0010885349810525469
T-IDM,14.9,6,-0.0010799406675623402
T-IDM,15.0,6,-0.0010712301841433458
T-IDM,15.100000000000001,6,-0.0010623944510825822
T-IDM,15.200000000000001,6,-0.0010534231268088945
T-IDM,15.3,6,-0.0010443044835533044
T-IDM,15.4,6,-0.0010350252727473475
T-IDM,15.5,6,-0.0010255705795145786
T-IDM,15.600000000000001,6,-0.0010159236656548387
T-IDM,15.700000000000001,6,-0.0010060658004373835
T-IDM,15.8,6,-0.000995976078590033
T-IDM,15.9,6,-0.0009856312248093246
T-IDM,16.0,6,-0.0009750053841628414
T-IDM,16.1,6,-0.0009640698977353424
T-IDM,16.2,6,-0.0009527930628845382
T-IDM,16.3,6,-0.0009411398775220903
T-IDM,16.400000000000002,6,-0.0009290717678140936
T-IDM,16.5,6,-0.0009165462987663631
T-IDM,16.6,6,-0.0009035168671722715
T-IDM,16.7,6,-0.0008899323764701705
T-IDM,16.8,6,-0.0008757368930893961
T-IDM,16.900000000000002,6,-0.0008608692839437992
T-IDM,17.0,6,-0.0008452628348063485
T-IDM,17.1,6,-0.0008288448493587453
T-IDM,17.2,6,-0.0008115362288183547
T-IDM,17.3,6,-0.0007932510321619901
T-IDM,17.400000000000002,6,-0.0007738960170300402
T-IDM,17.5,6,-0.0007533701615560773
T-IDM,17.6,6,-0.0007315641674896511
T-IDM,17.7,6,-0.0007083599451043199
T-IDM,17.8,6,-0.0006836300805517226
T-IDM,17.900000000000002,6,-0.0006572372864734888
T-IDM,18.0,6,-0.0006290338368497572
T-IDM,18.1,6,-0.0005988609872495942
T-IDM,18.2,6,-0.0005665483818173556
T-IDM,18.3,6,-0.0005319134485386456
T-IDM,18.400000000000002,6,-0.0004947607845142699
T-IDM,18.5,6,-0.00045488153316419755
T-IDM,18.6,6,-0.0004120527555304676
T-IDM,18.7,6,-0.0003660367979883006
T-IDM,18.8,6,-0.00031658065896067455
T-IDM,18.900000000000002,6,-0.0002634153573737308
T-IDM,19.0,6,-0.00020625530582840668
T-IDM,19.1,6,-0.0001447976916786331
T-IDM,19.200000000000003,6,-7.872186936452863e-05
T-IDM,19.3,6,-7.688767560409815e-06
T-IDM,19.400000000000002,6,6.865968512315135e-05
T-IDM,19.5,6,0.00015070111198767222
T-IDM,19.6,6,0.00023883321359718934
T-IDM,19.700000000000003,6,0.00033347426245455836
T-IDM,19.8,6,0.00043506356268530055
T-IDM,19.900000000000002,6,0.0005440618703485001
T-IDM,20.0,6,0.0006609517698965561
T-IDM,20.1,6,0.000786238002271844
T-IDM,20.200000000000003,6,0.0009204477400928113
T-IDM,20.3,6,0.0010641308053944698
T-IDM,20.400000000000002,6,0.0012178598254273254
T-IDM,20.5,6,0.0013822303220631937
T-IDM,20.6,6,0.0015578607304735925
T-IDM,20.700000000000003,6,0.0017453923428796259
T-IDM,20.8,6,0.00194548917328774
T-IDM,20.900000000000002,6,0.0021588377394028413
T-IDM,21.0,6,0.0023861467580470475
T-IDM,21.1,6,0.0026281467507569545
T-IDM,21.200000000000003,6,0.0028855895564632306
T-IDM,21.3,6,0.003159247748527605
T-IDM,21.400000000000002,6,0.0034499139537480517
T-IDM,21.5,6,0.0037584000713497545
T-IDM,21.6,6,0.004085536390361355
T-IDM,21.700000000000003,6,0.00443217060427159
T-IDM,21.8,6,0.004799166722277093
T-IDM,21.900000000000002,6,0.005187403876949048
T-IDM,22.0,6,0.005597775028645557
T-IDM,22.1,6,0.006031185567524133
T-IDM,22.200000000000003,6,0.006488551814516796
T-IDM,22.3,6,0.006970799423230645
T-IDM,22.400000000000002,6,0.007478861685207505
T-IDM,22.5,6,0.008013677741612213
T-IDM,22.6,6,0.008576190704898679
T-IDM,22.700000000000003,6,0.009167345694589102
T-IDM,22.8,6,0.009788087791816835
T-IDM,22.900000000000002,6,0.010439359917828739
T-IDM,23.0,6,0.011122100642113608
T-IDM,23.1,6,0.01183724192633484
T-IDM,23.200000000000003,6,0.01258570681071447
T-IDM,23.3,6,0.01336840704990827
T-IDM,23.400000000000002,6,0.014186240705869935
T-IDM,23.5,6,0.015040089705527393
T-IDM,23.6,6,0.015930817371453188
T-IDM,23.700000000000003,6,0.016859265934000334
T-IDM,23.8,6,0.01782625403362026
T-IDM,23.900000000000002,6,0.01883257422229434
T-IDM,24.0,6,0.019878990473188196
T-IDM,24.1,6,0.020966235707728487
T-IDM,24.200000000000003,6,0.022095009349394346
T-IDM,24.3,6,0.023265974913524445
T-IDM,24.400000000000002,6,0.02447975764243182
T-IDM,24.5,6,0.025736942195013768
T-IDM,24.6,6,0.027038070399937553
T-IDM,24.700000000000003,6,0.028383639081308587
T-IDM,24.8,6,0.029774097965495017
T-IDM,24.900000000000002,6,0.031209847677530433
T-IDM,25.0,6,0.03269123783518957
T-IDM,25.1,6,0.034218565248473
T-IDM,25.200000000000003,6,0.035792072231870975
T-IDM,25.3,6,0.037411945036296856
T-IDM,25.400000000000002,6,0.03907831240715254
T-IDM,25.5,6,0.04079124427444114
T-IDM,25.6,6,0.04255075058036262
T-IDM,25.700000000000003,6,0.044356780249206196
T-IDM,25.8,6,0.04620922030382246
T-IDM,25.900000000000002,6,0.048107895132325496
T-IDM,26.0,6,0.05005256590805551
T-IDM,26.1,6,0.05204293016522321
T-IDM,26.200000000000003,6,0.054078621531980176
T-IDM,26.3,6,0.05615920962205223
T-IDM,26.400000000000002,6,0.05828420008539581
T-IDM,26.5,6,0.06045303481769615
T-IDM,26.6,6,0.06266509232791151
T-IDM,26.700000000000003,6,0.06491968826240857
T-IDM,26.8,6,0.06721607608361779
T-IDM,26.900000000000002,6,0.06955344790057794
T-IDM,27.0,6,0.07193093544809415
T-IDM,27.1,6,0.07434761121073663
T-IDM,27.200000000000003,6,0.07680248968732784
T-IDM,27.3,6,0.07929452879108645
T-IDM,27.400000000000002,6,0.08182263138011336
T-IDM,27.5,6,0.08438564691245354
T-IDM,27.6,6,0.08698237321956803
T-IDM,27.700000000000003,6,0.08961155839167034
T-IDM,27.8,6,0.09227190276804365
T-IDM,27.900000000000002,6,0.09496206102515536
T-IDM,28.0,6,0.09768064435512258
T-IDM,28.1,6,0.10042622272686152
T-IDM,28.200000000000003,6,0.10319732722206254
T-IDM,28.3,6,0.10599245243800581
T-IDM,28.400000000000002,6,0.10881005894909812
T-IDM,28.5,6,0.11164857581897536
T-IDM,28.6,6,0.11450640315496585
T-IDM,28.700000000000003,6,0.11738191469671655
T-IDM,28.8,6,0.12027346043084108
T-IDM,28.900000000000002,6,0.12317936922351258
T-IDM,29.0,6,0.12609795146304492
T-IDM,29.1,6,0.1290275017046163
T-IDM,29.200000000000003,6,0.1319663013095269
T-IDM,29.3,6,0.13491262107149637
T-IDM,29.400000000000002,6,0.13786472382279413
T-IDM,29.5,6,0.14082086701321295
T-IDM,29.6,6,0.14377930525516902
T-IDM,29.700000000000003,6,0.1467382928285037
T-IDM,29.8,6,0.14969608613886187
T-IDM,29.900000000000002,6,0.15265094612383834
T-IDM,30.0,6,0.15560114060142105
T-IDM,30.1,6,0.15854494655560636
T-IDM,30.200000000000003,6,0.1614806523543848
T-IDM,30.3,6,0.16440655989568675
T-IDM,30.400000000000002,6,0.1673209866772183
T-IDM,30.5,6,0.17022226778646932
T-IDM,30.6,6,0.1731087578075723
T-IDM,30.700000000000003,6,0.17597883264200398
T-IDM,30.8,6,0.17883089124052987
T-IDM,30.900000000000002,6,0.18166335724409954
T-IDM,31.0,6,0.18447468053178184
T-IDM,31.1,6,0.1872633386741409
T-IDM,31.200000000000003,6,0.19002783829080805
T-IDM,31.3,6,0.19276671631130604
T-IDM,31.400000000000002,6,0.19547854113851137
T-IDM,31.5,6,0.19816191371440794
T-IDM,31.6,6,0.2008154684881216
T-IDM,31.700000000000003,6,0.20343787428644156
T-IDM,31.8,6,0.2060278350873368
T-IDM,31.900000000000002,6,0.20858409069720985
T-IDM,32.0,6,0.21110541733284904
T-IDM,32.1,6,0.21359062810929252
T-IDM,32.2,6,0.21603857343498767
T-IDM,32.300000000000004,6,0.21844814131584123
T-IDM,32.4,6,0.2208182575699169
T-IDM,32.5,6,0.22314788595474155
T-IDM,32.6,6,0.225436028209268
T-IDM,32.7,6,0.2276817240127471
T-IDM,32.800000000000004,6,0.22988405086282881
T-IDM,32.9,6,0.23204212387538092
T-IDM,33.0,6,0.23415509550857294
T-IDM,33.1,6,0.23622215521388767
T-IDM,33.2,6,0.23824252901680332
T-IDM,33.300000000000004,6,0.24021547902995088
T-IDM,33.4,6,0.24214030290162825
T-IDM,33.5,6,0.2440163332026053
T-IDM,33.6,6,0.245842936754185
T-IDM,33.7,6,0.2476195139005526
T-IDM,33.800000000000004,6,0.24934549772846282
T-IDM,33.9,6,0.2510203532373474
T-IDM,34.0,6,0.2526435764629493
T-IDM,34.1,6,0.2542146935575964
T-IDM,34.2,6,0.2557332598302846
T-IDM,34.300000000000004,6,0.2571988587496836
T-IDM,34.4,6,0.25861110091324413
T-IDM,34.5,6,0.25996962298557946
T-IDM,34.6,6,0.261274086609264
T-IDM,34.7,6,0.26252417729123323
T-IDM,34.800000000000004,6,0.2637196032679512
T-IDM,34.9,6,0.26486009435251034
T-IDM,35.0,6,0.2659454007668227
T-IDM,35.1,6,0.26697529196206204
T-IDM,35.2,6,0.26794955543051735
T-IDM,35.300000000000004,6,0.2688679955119966
T-IDM,35.4,6,0.2697304321979175
T-IDM,35.5,6,0.2705366999362262
T-IDM,35.6,6,0.27128664644027367
T-IDM,35.7,6,0.27198013150473166
T-IDM,35.800000000000004,6,0.27261702583168557
T-IDM,35.9,6,0.2731972098699682
T-IDM,36.0,6,0.2737205726708183
T-IDM,36.1,6,0.27418701076291363
T-IDM,36.2,6,0.27459642704981846
T-IDM,36.300000000000004,6,0.2749487297328521
T-IDM,36.4,6,0.2752438312623795
T-IDM,36.5,6,0.275481647320472
T-IDM,36.6,6,0.2756620958378626
T-IDM,36.7,6,0.2757850960480912
T-IDM,36.800000000000004,6,0.27585056758168847
T-IDM,36.9,6,0.27585842960318097
T-IDM,37.0,6,0.27580859999368457
T-IDM,37.1,6,0.27570099458174724
T-IDM,37.2,6,0.27553552642507917
T-IDM,37.300000000000004,6,0.27531210514571214
T-IDM,37.4,6,0.2750306363210502
T-IDM,37.5,6,0.274691020933183
T-IDM,37.6,6,0.2742931548787606
T-IDM,37.7,6,0.27383692854158603
T-IDM,37.800000000000004,6,0.27332222642999504
T-IDM,37.9,6,0.27274892688095953
T-IDM,38.0,6,0.2721169018327281
T-IDM,38.1,6,0.2714260166676574
T-IDM,38.2,6,0.2706761301267484
T-IDM,38.300000000000004,6,0.2698670942972541
T-IDM,38.400000000000006,6,0.26899875467452716
T-IDM,38.5,6,0.2680709502991103
T-IDM,38.6,6,0.2670835139699026
T-IDM,38.7,6,0.2660362725339862
T-IDM,38.800000000000004,6,0.2649290472535597
T-IDM,38.900000000000006,6,0.2637616542501391
T-IDM,39.0,6,0.26253390502601803
T-IDM,39.1,6,0.26124560706272604
T-IDM,39.2,6,0.25989656449597653
T-IDM,39.300000000000004,6,0.2584865788663766
T-IDM,39.400000000000006,6,0.2570154499449018
T-IDM,39.5,6,0.2554829766318871
T-IDM,39.6,6,0.2538889579280461
T-IDM,39.7,6,0.2522331939757354
T-IDM,39.800000000000004,6,0.25051548716845673
T-IDM,39.900000000000006,6,0.24873564332628995
T-IDM,40.0,6,0.24689347293472075
T-IDM,40.1,6,0.2449887924440226
T-IDM,40.2,6,0.24302142562615003
T-IDM,40.300000000000004,6,0.24099120498577342
T-IDM,40.400000000000006,6,0.23889797322190276
T-IDM,40.5,6,0.2367415847362615
T-IDM,40.6,6,0.23452190718433918
T-IDM,40.7,6,0.23223882306484178
T-IDM,40.800000000000004,6,0.22989223134301362
T-IDM,40.900000000000006,6,0.22748204910312886
T-IDM,41.0,6,0.22500821322523024
T-IDM,41.1,6,0.2224706820810134
T-IDM,41.2,6,0.21986943724362717
T-IDM,41.300000000000004,6,0.21720448520594182
T-IDM,41.400000000000006,6,0.21447585910178546
T-IDM,41.5,6,0.21168362042446276
T-IDM,41.6,6,0.20882786073683768
T-IDM,41.7,6,0.2059087033671254
T-IDM,41.800000000000004,6,0.20292630508454934
T-IDM,41.900000000000006,6,0.19988085774893172
T-IDM,42.0,6,0.19677258992831348
T-IDM,42.1,6,0.19360176847868438
T-IDM,42.2,6,0.19036870007996676
T-IDM,42.300000000000004,6,0.187073732722423
T-IDM,42.400000000000006,6,0.18371725713776677
T-IDM,42.5,6,0.18029970816934693
T-IDM,42.6,6,0.17682156607589583
T-IDM,42.7,6,0.17328335776350556
T-IDM,42.800000000000004,6,0.16968565794064006
T-IDM,42.900000000000006,6,0.16602909019120027
T-IDM,43.0,6,0.16231432796089074
T-IDM,43.1,6,0.1585420954523311
T-IDM,43.2,6,0.15471316842464944
T-IDM,43.300000000000004,6,0.15082837489354972
T-IDM,43.400000000000006,6,0.14688859572814827
T-IDM,43.5,6,0.14289476514116828
T-IDM,43.6,6,0.1388478710694212
T-IDM,43.7,6,0.13474895544182175
T-IDM,43.800000000000004,6,0.130599114332556
T-IDM,43.900000000000006,6,0.12639949799736172
T-IDM,44.0,6,0.12215131079126884
T-IDM,44.1,6,0.117855810966498
T-IDM,44.2,6,0.11351431034963433
T-IDM,44.300000000000004,6,0.10912817389755602
T-IDM,44.400000000000006,6,0.1046988191319933
T-IDM,44.5,6,0.10022771545298426
T-IDM,44.6,6,0.0957163833319079
T-IDM,44.7,6,0.09116639338511767
T-IDM,44.800000000000004,6,0.08657936532963184
T-IDM,44.900000000000006,6,0.08195696682268228
T-IDM,45.0,6,0.07730091218731161
T-IDM,45.1,6,0.07261296102657155
T-IDM,45.2,6,0.06789491672921422
T-IDM,45.300000000000004,6,0.06314862487013428
T-IDM,45.400000000000006,6,0.058375971509111224
T-IDM,45.5,6,0.053578881391757704
T-IDM,45.6,6,0.048759316056836255
T-IDM,45.7,6,0.04391927185442235
T-IDM,45.800000000000004,6,0.03906077787962303
T-IDM,45.900000000000006,6,0.03418589382683379
T-IDM,46.0,6,0.02929670776972415
T-IDM,46.1,6,0.02439533387233439
T-IDM,46.2,6,0.019483910036893093
T-IDM,46.300000000000004,6,0.014564595494066523
T-IDM,46.400000000000006,6,0.009639568341556881
T-IDM,46.5,6,0.004711023037021533
T-IDM,46.6,6,-0.00021883214858675615
T-IDM,46.7,6,-0.005147777711055568
T-IDM,46.800000000000004,6,-0.010073585520160577
T-IDM,46.900000000000006,6,-0.01499402144781925
T-IDM,47.0,6,-0.019906848010936784
T-IDM,47.1,6,-0.02480982702267376
T-IDM,47.2,6,-0.029700722245951994
T-IDM,47.300000000000004,6,-0.03457730204303999
T-IDM,47.400000000000006,6,-0.03943734201513571
T-IDM,47.5,6,-0.044278627625999434
T-IDM,47.6,6,-0.04909895680374099
T-IDM,47.7,6,-0.053896142515062806
T-IDM,47.800000000000004,6,-0.05866801530636856
T-IDM,47.900000000000006,6,-0.06341242580631068
T-IDM,48.0,6,-0.06812724718457197
T-IDM,48.1,6,-0.07281037756182052
T-IDM,48.2,6,-0.07745974236600617
T-IDM,48.300000000000004,6,-0.08207329663040852
T-IDM,48.400000000000006,6,-0.08664902722902212
T-IDM,48.5,6,-0.09118495504516844
T-IDM,48.6,6,-0.095679137069407
T-IDM,48.7,6,-0.10012966842313453
T-IDM,48.800000000000004,6,-0.1045346843044701
T-IDM,48.900000000000006,6,-0.10889236185332507
T-IDM,49.0,6,-0.11320092193281006
T-IDM,49.1,6,-0.11745863082441232
T-IDM,49.2,6,-0.12166380183463055
T-IDM,49.300000000000004,6,-0.12581479681107766
T-IDM,49.400000000000006,6,-0.1299100275662628
T-IDM,49.5,6,-0.13394795720761898
T-IDM,49.6,6,-0.13792710137254005
T-IDM,49.7,6,-0.141846029367505
T-IDM,49.800000000000004,6,-0.14570336521063076
T-IDM,49.900000000000006,6,-0.14949778857720908
T-IDM,50.0,6,-0.1532280356480893
T-IDM,50.1,6,-0.15689289986097954
T-IDM,50.2,6,-0.16049123256499698
T-IDM,50.300000000000004,6,-0.1640219435790211
T-IDM,50.400000000000006,6,-0.16748400165462485
T-IDM,50.5,6,-0.17087643484457793
T-IDM,50.6,6,-0.1741983307781254
T-IDM,50.7,6,-0.17744883684442492
T-IDM,50.800000000000004,6,-0.18062716028573256
T-IDM,50.900000000000006,6,-0.1837325682020836
T-IDM,51.0,6,-0.18676438746940605
T-IDM,51.1,6,-0.18972200457310073
T-IDM,51.2,6,-0.19260486535935684
T-IDM,51.300000000000004,6,-0.19541247470651157
T-IDM,51.400000000000006,6,-0.1981443961189573
T-IDM,51.5,6,-0.20080025124614664
T-IDM,51.6,6,-0.20337971932940668
T-IDM,51.7,6,-0.20588253657932754
T-IDM,51.800000000000004,6,-0.20830849548655017
T-IDM,51.900000000000006,6,-0.21065744406891262
T-IDM,52.0,6,-0.21292928505789455
T-IDM,52.1,6,-0.215123975027403
T-IDM,52.2,6,-0.21724152346794767
T-IDM,52.300000000000004,6,-0.2192819918093054
T-IDM,52.400000000000006,6,-0.22124549239477176
T-IDM,52.5,6,-0.22313218741011376
T-IDM,52.6,6,-0.22494228777034664
T-IDM,52.7,6,-0.22667605196745022
T-IDM,52.800000000000004,6,-0.22833378488209277
T-IDM,52.900000000000006,6,-0.2299158365624745
T-IDM,53.0,6,-0.23142260097329093
T-IDM,53.1,6,-0.23285451471784135
T-IDM,53.2,6,-0.23421205573624704
T-IDM,53.300000000000004,6,-0.2354957419826782
T-IDM,53.400000000000006,6,-0.23670613008445152
T-IDM,53.5,6,-0.2378438139857959
T-IDM,53.6,6,-0.23890942357901146
T-IDM,53.7,6,-0.23990362332570037
T-IDM,53.800000000000004,6,-0.2408271108706419
T-IDM,53.900000000000006,6,-0.24168061565082866
T-IDM,54.0,6,-0.24246489750210465
T-IDM,54.1,6,-0.24318074526574307
T-IDM,54.2,6,-0.2438289753972427
T-IDM,54.300000000000004,6,-0.24441043057950296
T-IDM,54.400000000000006,6,-0.2449259783424882
T-IDM,54.5,6,-0.24537650969135782
T-IDM,54.6,6,-0.24576293774498126
T-IDM,54.7,6,-0.24608619638664742
T-IDM,54.800000000000004,6,-0.24634723892870092
T-IDM,54.900000000000006,6,-0.24654703679271606
T-IDM,55.0,6,-0.246686578206754
T-IDM,55.1,6,-0.24676686692115268
T-IDM,55.2,6,-0.24678892094419425
T-IDM,55.300000000000004,6,-0.24675377129890563
T-IDM,55.400000000000006,6,-0.2466624608021739
T-IDM,55.5,6,-0.24651604286724904
T-IDM,55.6,6,-0.24631558033063428
T-IDM,55.7,6,-0.24606214430426476
T-IDM,55.800000000000004,6,-0.24575681305380925
T-IDM,55.900000000000006,6,-0.24540067090382678
T-IDM,56.0,6,-0.2449948071704462
T-IDM,56.1,6,-0.2445403151221477
T-IDM,56.2,6,-0.24403829096915608
T-IDM,56.300000000000004,6,-0.24348983288187753
T-IDM,56.400000000000006,6,-0.24289604003875098
T-IDM,56.5,6,-0.24225801170378958
T-IDM,56.6,6,-0.24157684633405907
T-IDM,56.7,6,-0.24085364071724769
T-IDM,56.800000000000004,6,-0.2400894891394323
T-IDM,56.900000000000006,6,-0.23928548258307814
T-IDM,57.0,6,-0.23844270795527933
T-IDM,57.1,6,-0.23756224734615472
T-IDM,57.2,6,-0.23664517731728907
T-IDM,57.300000000000004,6,-0.23569256822007212
T-IDM,57.400000000000006,6,-0.23470548354370635
T-IDM,57.5,6,-0.2336849792926401
T-IDM,57.6,6,-0.23263210339314178
T-IDM,57.7,6,-0.23154789512867957
T-IDM,57.800000000000004,6,-0.23043338460374407
T-IDM,57.900000000000006,6,-0.2292895922357161
T-IDM,58.0,6,-0.22811752827436038
T-IDM,58.1,6,-0.2269181923484851
T-IDM,58.2,6,-0.22569257303928225
T-IDM,58.300000000000004,6,-0.2244416474798676
T-IDM,58.400000000000006,6,-0.22316638098045694
T-IDM,58.5,6,-0.22186772667869548
T-IDM,58.6,6,-0.22054662521450474
T-IDM,58.7,6,-0.21920400442894383
T-IDM,58.800000000000004,6,-0.21784077908644406
T-IDM,58.900000000000006,6,-0.21645785061985912
T-IDM,59.0,6,-0.2150561068976824
T-IDM,59.1,6,-0.21363642201284705
T-IDM,59.2,6,-0.21219965609246572
T-IDM,59.300000000000004,6,-0.21074665512789892
T-IDM,59.400000000000006,6,-0.20927825082450724
T-IDM,59.5,6,-0.20779526047045316
T-IDM,59.6,6,-0.20629848682394325
T-IDM,59.7,6,-0.20478871801824106
T-IDM,59.800000000000004,6,-0.20326672748386443
T-IDM,59.900000000000006,6,-0.20173327388729412
T-IDM,60.0,6,-0.20018910108560561
T-IDM,60.1,6,-0.19863493809638477
T-IDM,60.2,6,-0.19707149908233212
T-IDM,60.300000000000004,6,-0.19549948334993772
T-IDM,60.400000000000006,6,-0.19391957536162607
T-IDM,60.5,6,-0.19233244476079037
T-IDM,60.6,6,-0.19073874640913147
T-IDM,60.7,6,-0.18913912043573333
T-IDM,60.800000000000004,6,-0.1875341922973046
T-IDM,60.900000000000006,6,-0.18592457284904285
T-IDM,61.0,6,-0.1843108584255848
T-IDM,61.1,6,-0.18269363093150304
T-IDM,61.2,6,-0.18107345794083862
T-IDM,61.300000000000004,6,-0.1794508928051659
T-IDM,61.400000000000006,6,-0.17782647476969693
T-IDM,61.5,6,-0.17620072909693896
T-IDM,61.6,6,-0.1745741671974521
T-IDM,61.7,6,-0.17294728676723814
T-IDM,61.800000000000004,6,-0.17132057193131445
T-IDM,61.900000000000006,6,-0.16969449339306664
T-IDM,62.0,6,-0.16806950858894965
T-IDM,62.1,6,-0.1664460618481307
T-IDM,62.2,6,-0.16482458455669047
T-IDM,62.300000000000004,6,-0.1632054953260127
T-IDM,62.400000000000006,6,-0.1615892001649879
T-IDM,62.5,6,-0.15997609265567192
T-IDM,62.6,6,-0.15836655413209222
T-IDM,62.7,6,-0.15676095386184485
T-IDM,62.800000000000004,6,-0.15515964923018188
T-IDM,62.900000000000006,6,-0.15356298592628903
T-IDM,63.0,6,-0.15197129813146226
T-IDM,63.1,6,-0.15038490870891152
T-IDM,63.2,6,-0.14880412939491805
T-IDM,63.300000000000004,6,-0.14722926099109124
T-IDM,63.400000000000006,6,-0.14566059355749594
T-IDM,63.5,6,-0.14409840660640505
T-IDM,63.6,6,-0.14254296929646415
T-IDM,63.7,6,-0.14099454062705163
T-IDM,63.800000000000004,6,-0.13945336963263877
T-IDM,63.900000000000006,6,-0.1379196955769686
T-IDM,64.0,6,-0.13639374814685468
T-IDM,64.10000000000001,6,-0.1348757476454363
T-IDM,64.2,6,-0.13336590518474445
T-IDM,64.3,6,-0.13186442287740974
T-IDM,64.4,6,-0.1303714940273668
T-IDM,64.5,6,-0.128887303319436
T-IDM,64.60000000000001,6,-0.12741202700763843
T-IDM,64.7,6,-0.12594583310213814
T-IDM,64.8,6,-0.12448888155469007
T-IDM,64.9,6,-0.12304132444250016
T-IDM,65.0,6,-0.1216033061503996
T-IDM,0.0,7,0.0
T-IDM,0.1,7,-7.178710112576425e-05
T-IDM,0.2,7,-0.00014021653138840406
T-IDM,0.30000000000000004,7,-0.00020544537402500396
T-IDM,0.4,7,-0.00026762336008090415
T-IDM,0.5,7,-0.0003268932128293045
T-IDM,0.6000000000000001,7,-0.0003833909760224685
T-IDM,0.7000000000000001,7,-0.0004372463267472426
T-IDM,0.8,7,-0.0004885828735954334
T-IDM,0.9,7,-0.0005375184408205058
T-IDM,1.0,7,-0.0005841653391325252
T-IDM,1.1,7,-0.0006286306237210937
T-IDM,1.2000000000000002,7,-0.0006710163401084657
T-IDM,1.3,7,-0.0007114197583604209
T-IDM,1.4000000000000001,7,-0.0007499335961984599
T-IDM,1.5,7,-0.0007866462315124778
T-IDM,1.6,7,-0.0008216419047517576
T-IDM,1.7000000000000002,7,-0.000855000911670345
T-IDM,1.8,7,-0.0008867997868513555
T-IDM,1.9000000000000001,7,-0.0009171114784578549
T-IDM,2.0,7,-0.0009460055146064406
T-IDM,2.1,7,-0.0009735481617543229
T-IDM,2.2,7,-0.000999802575487152
T-IDM,2.3000000000000003,7,-0.0010248289440646374
T-IDM,2.4000000000000004,7,-0.001048684625066798
T-IDM,2.5,7,-0.0010714242754730208
T-IDM,2.6,7,-0.0010930999755096593
T-IDM,2.7,7,-0.0011137613465468377
T-IDM,2.8000000000000003,7,-0.0011334556633606496
T-IDM,2.9000000000000004,7,-0.0011522279610201025
T-IDM,3.0,7,-0.0011701211366794695
T-IDM,3.1,7,-0.0011871760465300696
T-IDM,3.2,7,-0.0012034315981566124
T-IDM,3.3000000000000003,7,-0.0012189248385201523
T-IDM,3.4000000000000004,7,-0.0012336910378056842
T-IDM,3.5,7,-0.0012477637693386612
T-IDM,3.6,7,-0.0012611749857658339
T-IDM,3.7,7,-0.0012739550917082454
T-IDM,3.8000000000000003,7,-0.001286133013044477
T-IDM,3.9000000000000004,7,-0.001297736263023097
T-IDM,4.0,7,-0.0013087910053481977
T-IDM,4.1000000000000005,7,-0.0013193221144085499
T-IDM,4.2,7,-0.001329353232781827
T-IDM,4.3,7,-0.0013389068261719927
T-IDM,4.4,7,-0.001348004235900646
T-IDM,4.5,7,-0.0013566657290695616
T-IDM,4.6000000000000005,7,-0.001364910546540088
T-IDM,4.7,7,-0.0013727569488057867
T-IDM,4.800000000000001,7,-0.0013802222598968683
T-IDM,4.9,7,-0.001387322909391031
T-IDM,5.0,7,-0.0013940744726372856
T-IDM,5.1000000000000005,7,-0.001400491709278029
T-IDM,5.2,7,-0.0014065886001528582
T-IDM,5.300000000000001,7,-0.0014123783826622827
T-IDM,5.4,7,-0.0014178735846730461
T-IDM,5.5,7,-0.0014230860570183523
T-IDM,5.6000000000000005,7,-0.001428027004672927
T-IDM,5.7,7,-0.001432707016663315
T-IDM,5.800000000000001,7,-0.0014371360947595946
T-IDM,5.9,7,-0.0014413236810248975
T-IDM,6.0,7,-0.0014452786842529264
T-IDM,6.1000000000000005,7,-0.0014490095053556473
T-IDM,6.2,7,-0.0014525240617384583
T-IDM,6.300000000000001,7,-0.001455829810716125
T-IDM,6.4,7,-0.0014589337719979056
T-IDM,6.5,7,-0.0014618425492951559
T-IDM,6.6000000000000005,7,-0.0014645623510656236
T-IDM,6.7,7,-0.0014670990104566073
T-IDM,6.800000000000001,7,-0.0014694580044558592
T-IDM,6.9,7,-0.0014716444722928657
T-IDM,7.0,7,-0.0014736632331153743
T-IDM,7.1000000000000005,7,-0.0014755188029642596
T-IDM,7.2,7,-0.0014772154110875846
T-IDM,7.300000000000001,7,-0.0014787570156009622
T-IDM,7.4,7,-0.001480147318527969
T-IDM,7.5,7,-0.0014813897802365972
T-IDM,7.6000000000000005,7,-0.0014824876333001669
T-IDM,7.7,7,-0.0014834438957951335
T-IDM,7.800000000000001,7,-0.0014842613840571062
T-IDM,7.9,7,-0.0014849427249199465
T-IDM,8.0,7,-0.001485490367446829
T-IDM,8.1,7,-0.001485906594171027
T-IDM,8.200000000000001,7,-0.0014861935318659647
T-IDM,8.3,7,-0.0014863531618640735
T-IDM,8.4,7,-0.0014863873299209018
T-IDM,8.5,7,-0.0014862977556653334
T-IDM,8.6,7,-0.0014860860416270327
T-IDM,8.700000000000001,7,-0.001485753681867763
T-IDM,8.8,7,-0.0014853020702148
T-IDM,8.9,7,-0.001484732508133746
T-IDM,9.0,7,-0.001484046212222978
T-IDM,9.1,7,-0.0014832443213599333
T-IDM,9.200000000000001,7,-0.0014823279035081072
T-IDM,9.3,7,-0.0014812979621918743
T-IDM,9.4,7,-0.0014801554426480124
T-IDM,9.5,7,-0.0014789012376628108
T-IDM,9.600000000000001,7,-0.001477536193119633
T-IDM,9.700000000000001,7,-0.0014760611132427215
T-IDM,9.8,7,-0.0014744767655603397
T-IDM,9.9,7,-0.0014727838855961295
T-IDM,10.0,7,-0.001470983181295793
T-IDM,10.100000000000001,7,-0.0014690753371855436
T-IDM,10.200000000000001,7,-0.0014670610182871968
T-IDM,10.3,7,-0.0014649408737898995
T-IDM,10.4,7,-0.0014627155404820513
T-IDM,10.5,7,-0.0014603856459505238
T-IDM,10.600000000000001,7,-0.0014579518115560575
T-IDM,10.700000000000001,7,-0.0014554146551883917
T-IDM,10.8,7,-0.001452774793811784
T-IDM,10.9,7,-0.0014500328457902611
T-IDM,11.0,7,-0.001447189433013918
T-IDM,11.100000000000001,7,-0.0014442451828191594
T-IDM,11.200000000000001,7,-0.0014412007297011087
T-IDM,11.3,7,-0.0014380567168377212
T-IDM,11.4,7,-0.0014348137974042885
T-IDM,11.5,7,-0.0014314726356925433
T-IDM,11.600000000000001,7,-0.0014280339080308124
T-IDM,11.700000000000001,7,-0.0014244983034963354
T-IDM,11.8,7,-0.0014208665244250795
T-IDM,11.9,7,-0.0014171392867048382
T-IDM,12.0,7,-0.0014133173198551674
T-IDM,12.100000000000001,7,-0.0014094013668799477
T-IDM,12.200000000000001,7,-0.001405392183876586
T-IDM,12.3,7,-0.0014012905394089614
T-IDM,12.4,7,-0.001397097213608589
T-IDM,12.5,7,-0.001392812997002224
T-IDM,12.600000000000001,7,-0.0013884386890339329
T-IDM,12.700000000000001,7,-0.001383975096281631
T-IDM,12.8,7,-0.0013794230303130206
T-IDM,12.9,7,-0.0013747833051862557
T-IDM,13.0,7,-0.0013700567345278358
T-IDM,13.100000000000001,7,-0.0013652441281841732
T-IDM,13.200000000000001,7,-0.0013603462883899908
T-IDM,13.3,7,-0.0013553640054002614
T-IDM,13.4,7,-0.001350298052567922
T-IDM,13.5,7,-0.001345149180769667
T-IDM,13.600000000000001,7,-0.001339918112162053
T-IDM,13.700000000000001,7,-0.0013346055331595608
T-IDM,13.8,7,-0.0013292120865990853
T-IDM,13.9,7,-0.0013237383629789434
T-IDM,14.0,7,-0.0013181848907031224
T-IDM,14.100000000000001,7,-0.0013125521252295158
T-IDM,14.200000000000001,7,-0.0013068404370173425
T-IDM,14.3,7,-0.0013010500981511797
T-IDM,14.4,7,-0.0012951812675368046
T-IDM,14.5,7,-0.0012892339745196324
T-IDM,14.600000000000001,7,-0.0012832081007889684
T-IDM,14.700000000000001,7,-0.0012771033604117576
T-IDM,14.8,7,-0.001270919277835958
T-IDM,14.9,7,-0.0012646551636716907
T-IDM,15.0,7,-0.001258310088077863
T-IDM,15.100000000000001,7,-0.00125188285154465
T-IDM,15.200000000000001,7,-0.001245371952853347
T-IDM,15.3,7,-0.0012387755539915446
T-IDM,15.4,7,-0.001232091441782046
T-IDM,15.5,7,-0.001225316985971503
T-IDM,15.600000000000001,7,-0.0012184490935087666
T-IDM,15.700000000000001,7,-0.0012114841587393954
T-IDM,15.8,7,-0.0012044180092143364
T-IDM,15.9,7,-0.001197245846817907
T-IDM,16.0,7,-0.0011899621838846741
T-IDM,16.1,7,-0.0011825607739890387
T-IDM,16.2,7,-0.001175034537061137
T-IDM,16.3,7,-0.0011673754784737866
T-IDM,16.400000000000002,7,-0.001159574601761193
T-IDM,16.5,7,-0.0011516218145750656
T-IDM,16.6,7,-0.0011435058275335308
T-IDM,16.7,7,-0.0011352140455755944
T-IDM,16.8,7,-0.0011267324514374621
T-IDM,16.900000000000002,7,-0.0011180454808847884
T-IDM,17.0,7,-0.0011091358893207115
T-IDM,17.1,7,-0.0010999846093930898
T-IDM,17.2,7,-0.0010905705992474424
T-IDM,17.3,7,-0.00108087068106677
T-IDM,17.400000000000002,7,-0.0010708593695678559
T-IDM,17.5,7,-0.0010605086901289695
T-IDM,17.6,7,-0.0010497879862576553
T-IDM,17.7,7,-0.0010386637161126089
T-IDM,17.8,7,-0.0010270992378593746
T-IDM,17.900000000000002,7,-0.00101505458363782
T-IDM,18.0,7,-0.0010024862219761843
T-IDM,18.1,7,-0.000989346808530911
T-IDM,18.2,7,-0.0009755849250776549
T-IDM,18.3,7,-0.0009611448067197159
T-IDM,18.400000000000002,7,-0.0009459660573760686
T-IDM,18.5,7,-0.0009299833536218216
T-IDM,18.6,7,-0.0009131261370729504
T-IDM,18.7,7,-0.0008953182955497851
T-IDM,18.8,7,-0.0008764778333318901
T-IDM,18.900000000000002,7,-0.0008565165309395439
T-IDM,19.0,7,-0.0008353395948983433
T-IDM,19.1,7,-0.0008128452980962209
T-IDM,19.200000000000003,7,-0.000788924611413222
T-IDM,19.3,7,-0.0007634608273860977
T-IDM,19.400000000000002,7,-0.0007363291768136548
T-IDM,19.5,7,-0.0007073964392709797
T-IDM,19.6,7,-0.0006765205486356507
T-IDM,19.700000000000003,7,-0.0006435501948285349
T-IDM,19.8,7,-0.0006083244230694618
T-IDM,19.900000000000002,7,-0.0005706722320830693
T-IDM,20.0,7,-0.0005304121727611744
T-IDM,20.1,7,-0.0004873519489336786
T-IDM,20.200000000000003,7,-0.00044128802197462846
T-IDM,20.3,7,-0.000392005221071301
T-IDM,20.400000000000002,7,-0.00033927636110853143
T-IDM,20.5,7,-0.0002828618701808949
T-IDM,20.6,7,-0.00022250942883239588
T-IDM,20.700000000000003,7,-0.00015795362322279516
T-IDM,20.8,7,-8.89156144658898e-05
T-IDM,20.900000000000002,7,-1.5102826457891183e-05
T-IDM,21.0,7,6.37913454362149e-05
T-IDM,21.1,7,0.00014808780244379705
T-IDM,21.200000000000003,7,0.00023812198474537638
T-IDM,21.3,7,0.00033424408569615593
T-IDM,21.400000000000002,7,0.00043681923545513257
T-IDM,21.5,7,0.000546227651570419
T-IDM,21.6,7,0.0006628647541262467
T-IDM,21.700000000000003,7,0.000787141243046463
T-IDM,21.8,7,0.0009194831352559163
T-IDM,21.900000000000002,7,0.0010603317594437556
T-IDM,22.0,7,0.0012101437062526088
T-IDM,22.1,7,0.0013693907318383935
T-IDM,22.200000000000003,7,0.001538559612860979
T-IDM,22.3,7,0.0017181519510724996
T-IDM,22.400000000000002,7,0.0019086839258637411
T-IDM,22.5,7,0.002110685993226724
T-IDM,22.6,7,0.0023247025298509527
T-IDM,22.700000000000003,7,0.002551291421177382
T-IDM,22.8,7,0.0027910235925041604
T-IDM,22.900000000000002,7,0.0030444824824069627
T-IDM,23.0,7,0.003312263457983633
T-IDM,23.1,7,0.003594973171681559
T-IDM,23.200000000000003,7,0.003893228859663367
T-IDM,23.3,7,0.004207657581988045
T-IDM,23.400000000000002,7,0.004538895405067578
T-IDM,23.5,7,0.00488758652718424
T-IDM,23.6,7,0.005254382348084619
T-IDM,23.700000000000003,7,0.00563994048393468
T-IDM,23.8,7,0.006044923729211504
T-IDM,23.900000000000002,7,0.006469998967347124
T-IDM,24.0,7,0.006915836032204581
T-IDM,24.1,7,0.007383106522762972
T-IDM,24.200000000000003,7,0.007872482573576534
T-IDM,24.3,7,0.008384635583867706
T-IDM,24.400000000000002,7,0.008920234908334379
T-IDM,24.5,7,0.009479946512964688
T-IDM,24.6,7,0.010064431599371204
T-IDM,24.700000000000003,7,0.010674345201373114
T-IDM,24.8,7,0.011310334757689944
T-IDM,24.900000000000002,7,0.01197303866484134
T-IDM,25.0,7,0.012663084814438008
T-IDM,25.1,7,0.01338108911921232
T-IDM,25.200000000000003,7,0.014127654032250803
T-IDM,25.3,7,0.014903367063965334
T-IDM,25.400000000000002,7,0.015708799301419774
T-IDM,25.5,7,0.016544503934689203
T-IDM,25.6,7,0.017411014794943114
T-IDM,25.700000000000003,7,0.018308844908952793
T-IDM,25.8,7,0.019238485074728473
T-IDM,25.900000000000002,7,0.02020040246292254
T-IDM,26.0,7,0.021195039248613767
T-IDM,26.1,7,0.022222811277979204
T-IDM,26.200000000000003,7,0.02328410677426973
T-IDM,26.3,7,0.02437928508740228
T-IDM,26.400000000000002,7,0.025508675491309418
T-IDM,26.5,7,0.026672576033057283
T-IDM,26.6,7,0.027871252437549288
T-IDM,26.700000000000003,7,0.02910493707144468
T-IDM,26.8,7,0.030373827969718548
T-IDM,26.900000000000002,7,0.03167808792804294
T-IDM,27.0,7,0.03301784366395921
T-IDM,27.1,7,0.03439318504954869
T-IDM,27.200000000000003,7,0.03580416441804246
T-IDM,27.3,7,0.03725079594654801
T-IDM,27.400000000000002,7,0.03873305511679348
T-IDM,27.5,7,0.04025087825550955
T-IDM,27.6,7,0.04180416215577232
T-IDM,27.700000000000003,7,0.04339276378033574
T-IDM,27.8,7,0.04501650004770141
T-IDM,27.900000000000002,7,0.04667514770137693
T-IDM,28.0,7,0.04836844326245959
T-IDM,28.1,7,0.05009608306543534
T-IDM,28.200000000000003,7,0.051857723376743436
T-IDM,28.3,7,0.053652980595419564
T-IDM,28.400000000000002,7,0.05548143153484553
T-IDM,28.5,7,0.05734261378433736
T-IDM,28.6,7,0.05923602614910095
T-IDM,28.700000000000003,7,0.061161129166780626
T-IDM,28.8,7,0.06311734569864491
T-IDM,28.900000000000002,7,0.06510406159316773
T-IDM,29.0,7,0.0671206264196158
T-IDM,29.1,7,0.06916635426900619
T-IDM,29.200000000000003,7,0.07124052461964325
T-IDM,29.3,7,0.07334238326425258
T-IDM,29.400000000000002,7,0.07547114329559967
T-IDM,29.5,7,0.07762598614732497
T-IDM,29.6,7,0.07980606268660217
T-IDM,29.700000000000003,7,0.08201049435513141
T-IDM,29.8,7,0.08423837435488757
T-IDM,29.900000000000002,7,0.08648876887493628
T-IDM,30.0,7,0.08876071835562982
T-IDM,30.1,7,0.09105323878637961
T-IDM,30.200000000000003,7,0.0933653230332272
T-IDM,30.3,7,0.09569594219239619
T-IDM,30.400000000000002,7,0.09804404696600422
T-IDM,30.5,7,0.10040856905613538
T-IDM,30.6,7,0.10278842257349652
T-IDM,30.700000000000003,7,0.10518250545691643
T-IDM,30.8,7,0.1075897009000073
T-IDM,30.900000000000002,7,0.11000887878135579
T-IDM,31.0,7,0.11243889709469101
T-IDM,31.1,7,0.1148786033755691
T-IDM,31.200000000000003,7,0.11732683612119388
T-IDM,31.3,7,0.11978242620008395
T-IDM,31.400000000000002,7,0.12224419824844368
T-IDM,31.5,7,0.1247109720501669
T-IDM,31.6,7,0.1271815638975511
T-IDM,31.700000000000003,7,0.12965478792991725
T-IDM,31.8,7,0.13212945744746563
T-IDM,31.900000000000002,7,0.13460438619783233
T-IDM,32.0,7,0.13707838963296304
T-IDM,32.1,7,0.13955028613402476
T-IDM,32.2,7,0.1420188982022843
T-IDM,32.300000000000004,7,0.1444830536139552
T-IDM,32.4,7,0.1469415865372259
T-IDM,32.5,7,0.14939333860978188
T-IDM,32.6,7,0.15183715997530278
T-IDM,32.7,7,0.15427191027756848
T-IDM,32.800000000000004,7,0.1566964596109166
T-IDM,32.9,7,0.15910968942598203
T-IDM,33.0,7,0.16151049338976264
T-IDM,33.1,7,0.1638977781991926
T-IDM,33.2,7,0.16627046434754966
T-IDM,33.300000000000004,7,0.16862748684314965
T-IDM,33.4,7,0.17096779587991762
T-IDM,33.5,7,0.17329035745953725
T-IDM,33.6,7,0.17559415396501343
T-IDM,33.7,7,0.17787818468559458
T-IDM,33.800000000000004,7,0.180141466293124
T-IDM,33.9,7,0.18238303326998917
T-IDM,34.0,7,0.18460193828894766
T-IDM,34.1,7,0.18679725254522062
T-IDM,34.2,7,0.18896806604132266
T-IDM,34.300000000000004,7,0.1911134878252181
T-IDM,34.4,7,0.19323264618245872
T-IDM,34.5,7,0.19532468878305664
T-IDM,34.6,7,0.19738878278393557
T-IDM,34.7,7,0.19942411488786504
T-IDM,34.800000000000004,7,0.20142989135987577
T-IDM,34.9,7,0.20340533800222005
T-IDM,35.0,7,0.20534970008899478
T-IDM,35.1,7,0.20726224226163836
T-IDM,35.2,7,0.20914224838655926
T-IDM,35.300000000000004,7,0.21098902137619646
T-IDM,35.4,7,0.21280188297491698
T-IDM,35.5,7,0.21458017351114833
T-IDM,35.6,7,0.21632325161723998
T-IDM,35.7,7,0.21803049391857598
T-IDM,35.800000000000004,7,0.21970129469352173
T-IDM,35.9,7,0.22133506550579796
T-IDM,36.0,7,0.22293123481095556
T-IDM,36.1,7,0.2244892475386493
T-IDM,36.2,7,0.22600856465242636
T-IDM,36.300000000000004,7,0.2274886626888062
T-IDM,36.4,7,0.22892903327744563
T-IDM,36.5,7,0.23032918264421198
T-IDM,36.6,7,0.23168863109902205
T-IDM,36.7,7,0.23300691251032646
T-IDM,36.800000000000004,7,0.2342835737681419
T-IDM,36.9,7,0.23551817423753896
T-IDM,37.0,7,0.23671028520455373
T-IDM,37.1,7,0.23785948931644185
T-IDM,37.2,7,0.2389653800182856
T-IDM,37.300000000000004,7,0.24002756098788858
T-IDM,37.4,7,0.2410456455709813
T-IDM,37.5,7,0.24201925621870757
T-IDM,37.6,7,0.24294802392937598
T-IDM,37.7,7,0.24383158769648716
T-IDM,37.800000000000004,7,0.24466959396501586
T-IDM,37.9,7,0.24546169609789992
T-IDM,38.0,7,0.24620755385472926
T-IDM,38.1,7,0.24690683288456228
T-IDM,38.2,7,0.24755920423479516
T-IDM,38.300000000000004,7,0.24816434387799013
T-IDM,38.400000000000006,7,0.248721932258535
T-IDM,38.5,7,0.24923165386095825
T-IDM,38.6,7,0.24969319680170976
T-IDM,38.7,7,0.2501062524461588
T-IDM,38.800000000000004,7,0.25047051505251616
T-IDM,38.900000000000006,7,0.2507856814443308
T-IDM,39.0,7,0.2510514507131614
T-IDM,39.1,7,0.25126752395294893
T-IDM,39.2,7,0.2514336040275591
T-IDM,39.300000000000004,7,0.2515493953728747
T-IDM,39.400000000000006,7,0.2516146038347493
T-IDM,39.5,7,0.25162893654405316
T-IDM,39.6,7,0.25159210182993696
T-IDM,39.7,7,0.2515038091723518
T-IDM,39.800000000000004,7,0.2513637691947661
T-IDM,39.900000000000006,7,0.2511716936979145
T-IDM,40.0,7,0.25092729573529127
T-IDM,40.1,7,0.2506302897310029
T-IDM,40.2,7,0.2502803916404748
T-IDM,40.300000000000004,7,0.2498773191543524
T-IDM,40.400000000000006,7,0.24942079194585887
T-IDM,40.5,7,0.24891053196169466
T-IDM,40.6,7,0.24834626375647062
T-IDM,40.7,7,0.2477277148704804
T-IDM,40.800000000000004,7,0.24705461625053893
T-IDM,40.900000000000006,7,0.2463267027134073
T-IDM,41.0,7,0.24554371345122838
T-IDM,41.1,7,0.24470539257824342
T-IDM,41.2,7,0.24381148971788313
T-IDM,41.300000000000004,7,0.24286176062923026
T-IDM,41.400000000000006,7,0.2418559678716683
T-IDM,41.5,7,0.24079388150639858
T-IDM,41.6,7,0.23967527983336723
T-IDM,41.7,7,0.2384999501620051
T-IDM,41.800000000000004,7,0.23726768961403444
T-IDM,41.900000000000006,7,0.23597830595647373
T-IDM,42.0,7,0.2346316184628261
T-IDM,42.1,7,0.2332274588003358
T-IDM,42.2,7,0.23176567194103903
T-IDM,42.300000000000004,7,0.2302461170942589
T-IDM,42.400000000000006,7,0.2286686686580417
T-IDM,42.5,7,0.22703321718697644
T-IDM,42.6,7,0.2253396703736854
T-IDM,42.7,7,0.2235879540412462
T-IDM,42.800000000000004,7,0.2217780131436804
T-IDM,42.900000000000006,7,0.21990981277157928
T-IDM,43.0,7,0.21798333915989687
T-IDM,43.1,7,0.2159986006948511
T-IDM,43.2,7,0.21395562891686026
T-IDM,43.300000000000004,7,0.21185447951640413
T-IDM,43.400000000000006,7,0.2096952333196267
T-IDM,43.5,7,0.2074779972605718
T-IDM,43.6,7,0.2052029053368507
T-IDM,43.7,7,0.20287011954561152
T-IDM,43.800000000000004,7,0.20047983079665244
T-IDM,43.900000000000006,7,0.19803225979959294
T-IDM,44.0,7,0.1955276579220051
T-IDM,44.1,7,0.19296630801552084
T-IDM,44.2,7,0.19034852520692702
T-IDM,44.300000000000004,7,0.18767465765137636
T-IDM,44.400000000000006,7,0.18494508724490366
T-IDM,44.5,7,0.18216023029353146
T-IDM,44.6,7,0.17932053813635562
T-IDM,44.7,7,0.17642649772010977
T-IDM,44.800000000000004,7,0.17347863212281034
T-IDM,44.900000000000006,7,0.17047750102424075
T-IDM,45.0,7,0.167423701121157
T-IDM,45.1,7,0.16431786648521118
T-IDM,45.2,7,0.16116066886180214
T-IDM,45.300000000000004,7,0.15795281790815885
T-IDM,45.400000000000006,7,0.1546950613691518
T-IDM,45.5,7,0.1513881851895036
T-IDM,45.6,7,0.1480330135612249
T-IDM,45.7,7,0.144630408905293
T-IDM,45.800000000000004,7,0.14118127178674733
T-IDM,45.900000000000006,7,0.1376865407625978
T-IDM,46.0,7,0.13414719216208404
T-IDM,46.1,7,0.13056423979904963
T-IDM,46.2,7,0.1269387346163402
T-IDM,46.300000000000004,7,0.12327176426236086
T-IDM,46.400000000000006,7,0.11956445260008941
T-IDM,46.5,7,0.11581795914903026
T-IDM,46.6,7,0.11203347846079659
T-IDM,46.7,7,0.10821223942914138
T-IDM,46.800000000000004,7,0.1043555045354978
T-IDM,46.900000000000006,7,0.10046456903120315
T-IDM,47.0,7,0.09654076005778656
T-IDM,47.1,7,0.09258543570684807
T-IDM,47.2,7,0.08859998402122748
T-IDM,47.300000000000004,7,0.08458582193927633
T-IDM,47.400000000000006,7,0.08054439418424408
T-IDM,47.5,7,0.076477172100887
T-IDM,47.6,7,0.07238565244155382
T-IDM,47.7,7,0.06827135610412505
T-IDM,47.800000000000004,7,0.06413582682428931
T-IDM,47.900000000000006,7,0.059980629824758935
T-IDM,48.0,7,0.055807350424109003
T-IDM,48.1,7,0.051617592608032226
T-IDM,48.2,7,0.047412977565841175
T-IDM,48.300000000000004,7,0.043195142195191494
T-IDM,48.400000000000006,7,0.038965737577974835
T-IDM,48.5,7,0.03472642743044929
T-IDM,48.6,7,0.030478886530666216
T-IDM,48.7,7,0.026224799126346454
T-IDM,48.800000000000004,7,0.021965857326311067
T-IDM,48.900000000000006,7,0.017703759478628456
T-IDM,49.0,7,0.013440208538655796
T-IDM,49.1,7,0.009176910430086949
T-IDM,49.2,7,0.00491557240219187
T-IDM,49.300000000000004,7,0.0006579013863383665
T-IDM,49.400000000000006,7,-0.0035943976451040527
T-IDM,49.5,7,-0.007839623314442434
T-IDM,49.6,7,-0.012076079465895617
T-IDM,49.7,7,-0.016302076781450126
T-IDM,49.800000000000004,7,-0.020515934382453693
T-IDM,49.900000000000006,7,-0.02471598141410425
T-IDM,50.0,7,-0.028900558610111204
T-IDM,50.1,7,-0.033068019834844975
T-IDM,50.2,7,-0.03721673360040967
T-IDM,50.300000000000004,7,-0.04134508455613606
T-IDM,50.400000000000006,7,-0.04545147494811275
T-IDM,50.5,7,-0.04953432604646757
T-IDM,50.6,7,-0.05359207953820544
T-IDM,50.7,7,-0.05762319888352074
T-IDM,50.800000000000004,7,-0.06162617063365161
T-IDM,50.900000000000006,7,-0.0655995057083878
T-IDM,51.0,7,-0.06954174063152507
T-IDM,51.1,7,-0.07345143872264615
T-IDM,51.2,7,-0.07732719124373588
T-IDM,51.300000000000004,7,-0.08116761849927379
T-IDM,51.400000000000006,7,-0.08497137088853357
T-IDM,51.5,7,-0.08873712990900096
T-IDM,51.6,7,-0.09246360910988294
T-IDM,51.7,7,-0.09614955499483635
T-IDM,51.800000000000004,7,-0.09979374787319983
T-IDM,51.900000000000006,7,-0.10339500265903467
T-IDM,52.0,7,-0.10695216961751441
T-IDM,52.1,7,-0.11046413505825292
T-IDM,52.2,7,-0.113929821975292
T-IDM,52.300000000000004,7,-0.11734819063358515
T-IDM,52.400000000000006,7,-0.12071823910194368
T-IDM,52.5,7,-0.124039003732479
T-IDM,52.6,7,-0.12730955958672574
T-IDM,52.7,7,-0.13052902080871043
T-IDM,52.800000000000004,7,-0.1336965409453228
T-IDM,52.900000000000006,7,-0.13681131321446394
T-IDM,53.0,7,-0.13987257072152381
T-IDM,53.1,7,-0.14287958662484002
T-IDM,53.2,7,-0.1458316742508412
T-IDM,53.300000000000004,7,-0.1487281871597208
T-IDM,53.400000000000006,7,-0.1515685191625007
T-IDM,53.5,7,-0.15435210429045831
T-IDM,53.6,7,-0.15707841671792266
T-IDM,53.7,7,-0.15974697063956178
T-IDM,53.800000000000004,7,-0.1623573201032773
T-IDM,53.900000000000006,7,-0.16490905879991757
T-IDM,54.0,7,-0.16740181981108293
T-IDM,54.1,7,-0.16983527531630394
T-IDM,54.2,7,-0.1722091362609337
T-IDM,54.300000000000004,7,-0.17452315198614343
T-IDM,54.400000000000006,7,-0.1767771098224351
T-IDM,54.5,7,-0.17897083464809072
T-IDM,54.6,7,-0.18110418841405895
T-IDM,54.7,7,-0.18317706963673608
T-IDM,54.800000000000004,7,-0.1851894128601721
T-IDM,54.900000000000006,7,-0.18714118808919622
T-IDM,55.0,7,-0.18903240019499812
T-IDM,55.1,7,-0.1908630882947122
T-IDM,55.2,7,-0.19263332510651487
T-IDM,55.300000000000004,7,-0.19434321628179596
T-IDM,55.400000000000006,7,-0.19599289971591105
T-IDM,55.5,7,-0.19758254483905446
T-IDM,55.6,7,-0.1991123518887541
T-IDM,55.7,7,-0.20058255116550505
T-IDM,55.800000000000004,7,-0.2019934022730041
T-IDM,55.900000000000006,7,-0.20334519334446455
T-IDM,56.0,7,-0.20463824025644328
T-IDM,56.1,7,-0.2058728858316261
T-IDM,56.2,7,-0.20704949903193182
T-IDM,56.300000000000004,7,-0.20816847414334028
T-IDM,56.400000000000006,7,-0.20923022995374474
T-IDM,56.5,7,-0.21023520892518022
T-IDM,56.6,7,-0.21118387636166958
T-IDM,56.7,7,-0.21207671957394503
T-IDM,56.800000000000004,7,-0.21291424704224582
T-IDM,56.900000000000006,7,-0.2136969875783734
T-IDM,57.0,7,-0.21442548948813034
T-IDM,57.1,7,-0.21510031973522992
T-IDM,57.2,7,-0.2157220631077621
T-IDM,57.300000000000004,7,-0.21629132138819074
T-IDM,57.400000000000006,7,-0.2168087125278948
T-IDM,57.5,7,-0.21727486982717714
T-IDM,57.6,7,-0.21769044112163805
T-IDM,57.7,7,-0.21805608797575182
T-IDM,57.800000000000004,7,-0.2183724848844939
T-IDM,57.900000000000006,7,-0.2186403184837573
T-IDM,58.0,7,-0.21886028677031355
T-IDM,58.1,7,-0.21903309833198747
T-IDM,58.2,7,-0.21915947158872662
T-IDM,58.300000000000004,7,-0.2192401340451351
T-IDM,58.400000000000006,7,-0.2192758215550743
T-IDM,58.5,7,-0.21926727759884557
T-IDM,58.6,7,-0.2192152525734663
T-IDM,58.7,7,-0.21912050309645004
T-IDM,58.800000000000004,7,-0.21898379132356105
T-IDM,58.900000000000006,7,-0.21880588428088998
T-IDM,59.0,7,-0.21858755321159506
T-IDM,59.1,7,-0.21832957293763755
T-IDM,59.2,7,-0.2180327212367672
T-IDM,59.300000000000004,7,-0.21769777823500824
T-IDM,59.400000000000006,7,-0.21732552581484654
T-IDM,59.5,7,-0.21691674703931696
T-IDM,59.6,7,-0.21647222559210455
T-IDM,59.7,7,-0.21599274523380885
T-IDM,59.800000000000004,7,-0.21547908927444226
T-IDM,59.900000000000006,7,-0.21493204006223365
T-IDM,60.0,7,-0.21435237848876376
T-IDM,60.1,7,-0.21374088351045373
T-IDM,60.2,7,-0.2130983316863837
T-IDM,60.300000000000004,7,-0.21242549673240596
T-IDM,60.400000000000006,7,-0.21172314909150636
T-IDM,60.5,7,-0.2109920555203093
T-IDM,60.6,7,-0.21023297869165525
T-IDM,60.7,7,-0.20944667681310314
T-IDM,60.800000000000004,7,-0.2086339032612443
T-IDM,60.900000000000006,7,-0.2077954062316536
T-IDM,61.0,7,-0.20693192840433028
T-IDM,61.1,7,-0.2060442066244228
T-IDM,61.2,7,-0.20513297159805433
T-IDM,61.300000000000004,7,-0.20419894760302526
T-IDM,61.400000000000006,7,-0.2032428522141796
T-IDM,61.5,7,-0.20226539604319882
T-IDM,61.6,7,-0.20126728249256232
T-IDM,61.7,7,-0.20024920752344677
T-IDM,61.800000000000004,7,-0.1992118594372858
T-IDM,61.900000000000006,7,-0.19815591867070914
T-IDM,62.0,7,-0.19708205760361253
T-IDM,62.1,7,-0.19599094038004772
T-IDM,62.2,7,-0.19488322274165704
T-IDM,62.300000000000004,7,-0.19375955187335236
T-IDM,62.400000000000006,7,-0.19262056626095259
T-IDM,62.5,7,-0.1914668955604668
T-IDM,62.6,7,-0.19029916047871254
T-IDM,62.7,7,-0.18911797266499164
T-IDM,62.800000000000004,7,-0.187923934613492
T-IDM,62.900000000000006,7,-0.18671763957610565
T-IDM,63.0,7,-0.18549967148537938
T-IDM,63.1,7,-0.18427060488725644
T-IDM,63.2,7,-0.18303100488332547
T-IDM,63.300000000000004,7,-0.18178142708227796
T-IDM,63.400000000000006,7,-0.18052241756023157
T-IDM,63.5,7,-0.179254512829651
T-IDM,63.6,7,-0.17797823981655192
T-IDM,63.7,7,-0.17669411584568628
T-IDM,63.800000000000004,7,-0.17540264863342436
T-IDM,63.900000000000006,7,-0.17410433628804078
T-IDM,64.0,7,-0.17279966731709528
T-IDM,64.10000000000001,7,-0.171489120641656
T-IDM,64.2,7,-0.1701731656170562
T-IDM,64.3,7,-0.16885226205992332
T-IDM,64.4,7,-0.1675268602812121
T-IDM,64.5,7,-0.16619740112495585
T-IDM,64.60000000000001,7,-0.16486431601249407
T-IDM,64.7,7,-0.16352802699191216
T-IDM,64.8,7,-0.1621889467924369
T-IDM,64.9,7,-0.160847478883543
T-IDM,65.0,7,-0.15950401753853605
T-IDM,0.0,8,0.0
T-IDM,0.1,8,-7.178710112576425e-05
T-IDM,0.2,8,-0.0001402165313866277
T-IDM,0.30000000000000004,8,-0.00020544537402145124
T-IDM,0.4,8,-0.00026762336007735144
T-IDM,0.5,8,-0.0003268932128257518
T-IDM,0.6000000000000001,8,-0.0003833909760189158
T-IDM,0.7000000000000001,8,-0.0004372463267436899
T-IDM,0.8,8,-0.0004885828736007625
T-IDM,0.9,8,-0.0005375184408951128
T-IDM,1.0,8,-0.0005841653394966784
T-IDM,1.1,8,-0.0006286306250036233
T-IDM,1.2000000000000002,8,-0.0006710163437926298
T-IDM,1.3,8,-0.0007114197675210931
T-IDM,1.4000000000000001,8,-0.0007499336166354453
T-IDM,1.5,8,-0.0007866462733829849
T-IDM,1.6,8,-0.0008216419848192658
T-IDM,1.7000000000000002,8,-0.0008550010562764498
T-IDM,1.8,8,-0.000886800035740265
T-IDM,1.9000000000000001,8,-0.000917111889544131
T-IDM,2.0,8,-0.0009460061697996736
T-IDM,2.1,8,-0.0009735491739260027
T-IDM,2.2,8,-0.000999804096663226
T-IDM,2.3000000000000003,8,-0.001024831174905927
T-IDM,2.4000000000000004,8,-0.001048687825685235
T-IDM,2.5,8,-0.0010714287776352194
T-IDM,2.6,8,-0.0010931061962242694
T-IDM,2.7,8,-0.001113769803049891
T-IDM,2.8000000000000003,8,-0.0011334669894793592
T-IDM,2.9000000000000004,8,-0.0011522429248937982
T-IDM,3.0,8,-0.0011701406597808273
T-IDM,3.1,8,-0.0011872012239280139
T-IDM,3.2,8,-0.0012034637199427323
T-IDM,3.3000000000000003,8,-0.0012189654123169191
T-IDM,3.4000000000000004,8,-0.0012337418122498889
T-IDM,3.5,8,-0.001247826758428161
T-IDM,3.6,8,-0.0012612524939523695
T-IDM,3.7,8,-0.0012740497395995476
T-IDM,3.8000000000000003,8,-0.0012862477635984249
T-IDM,3.9000000000000004,8,-0.0012978744480687254
T-IDM,4.0,8,-0.0013089563523145387
T-IDM,4.1000000000000005,8,-0.001319518773092554
T-IDM,4.2,8,-0.0013295858020221374
T-IDM,4.3,8,-0.0013391803802775826
T-IDM,4.4,8,-0.0013483243506744458
T-IDM,4.5,8,-0.0013570385073098379
T-IDM,4.6000000000000005,8,-0.0013653426428454907
T-IDM,4.7,8,-0.001373255593579259
T-IDM,4.800000000000001,8,-0.0013807952823849945
T-IDM,4.9,8,-0.001387978759657571
T-IDM,5.0,8,-0.001394822242339444
T-IDM,5.1000000000000005,8,-0.0014013411511317742
T-IDM,5.2,8,-0.0014075501459931417
T-IDM,5.300000000000001,8,-0.0014134631599862502
T-IDM,5.4,8,-0.0014190934315845283
T-IDM,5.5,8,-0.0014244535354972498
T-IDM,5.6000000000000005,8,-0.001429555412094885
T-IDM,5.7,8,-0.00143441039550396
T-IDM,5.800000000000001,8,-0.0014390292404407035
T-IDM,5.9,8,-0.0014434221478456521
T-IDM,6.0,8,-0.0014475987893778353
T-IDM,6.1000000000000005,8,-0.001451568330834263
T-IDM,6.2,8,-0.0014553394545426812
T-IDM,6.300000000000001,8,-0.0014589203807702233
T-IDM,6.4,8,-0.0014623188882207927
T-IDM,6.5,8,-0.0014655423336495943
T-IDM,6.6000000000000005,8,-0.0014685976706374504
T-IDM,6.7,8,-0.0014714914675764135
T-IDM,6.800000000000001,8,-0.001474229924902204
T-IDM,6.9,8,-0.001476818891610776
T-IDM,7.0,8,-0.00147926388108921
T-IDM,7.1000000000000005,8,-0.0014815700863017867
T-IDM,7.2,8,-0.0014837423943578898
T-IDM,7.300000000000001,8,-0.0014857854004919346
T-IDM,7.4,8,-0.00148770342148552
T-IDM,7.5,8,-0.001489500508553121
T-IDM,7.6000000000000005,8,-0.0014911804597250722
T-IDM,7.7,8,-0.0014927468317420534
T-IDM,7.800000000000001,8,-0.0014942029514859456
T-IDM,7.9,8,-0.0014955519269701512
T-IDM,8.0,8,-0.0014967966579089165
T-IDM,8.1,8,-0.0014979398458798698
T-IDM,8.200000000000001,8,-0.001498984004104642
T-IDM,8.3,8,-0.0014999314668528996
T-IDM,8.4,8,-0.0015007843985017644
T-IDM,8.5,8,-0.0015015448022452915
T-IDM,8.6,8,-0.001502214528485979
T-IDM,8.700000000000001,8,-0.0015027952829065327
T-IDM,8.8,8,-0.0015032886342503105
T-IDM,8.9,8,-0.0015036960217980067
T-IDM,9.0,8,-0.0015040187625832147
T-IDM,9.1,8,-0.0015042580583273235
T-IDM,9.200000000000001,8,-0.0015044150021203961
T-IDM,9.3,8,-0.0015044905848551338
T-IDM,9.4,8,-0.0015044857014174795
T-IDM,9.5,8,-0.0015044011566427429
T-IDM,9.600000000000001,8,-0.001504237671056785
T-IDM,9.700000000000001,8,-0.0015039958863898306
T-IDM,9.8,8,-0.0015036763708842216
T-IDM,9.9,8,-0.0015032796244014435
T-IDM,10.0,8,-0.0015028060833248702
T-IDM,10.100000000000001,8,-0.0015022561252777678
T-IDM,10.200000000000001,8,-0.0015016300736565569
T-IDM,10.3,8,-0.001500928201975782
T-IDM,10.4,8,-0.001500150738040773
T-IDM,10.5,8,-0.0014992978679568836
T-IDM,10.600000000000001,8,-0.0014983697399610918
T-IDM,10.700000000000001,8,-0.0014973664681043886
T-IDM,10.8,8,-0.0014962881357600821
T-IDM,10.9,8,-0.0014951347989953234
T-IDM,11.0,8,-0.0014939064897774301
T-IDM,11.100000000000001,8,-0.001492603219046984
T-IDM,11.200000000000001,8,-0.0014912249796310562
T-IDM,11.3,8,-0.0014897717490267581
T-IDM,11.4,8,-0.0014882434920409082
T-IDM,11.5,8,-0.0014866401632929183
T-IDM,11.600000000000001,8,-0.0014849617095844536
T-IDM,11.700000000000001,8,-0.0014832080721358665
T-IDM,11.8,8,-0.0014813791886858496
T-IDM,11.9,8,-0.0014794749954667452
T-IDM,12.0,8,-0.0014774954290448505
T-IDM,12.100000000000001,8,-0.0014754404280310496
T-IDM,12.200000000000001,8,-0.0014733099346617706
T-IDM,12.3,8,-0.0014711038962467171
T-IDM,12.4,8,-0.0014688222664869244
T-IDM,12.5,8,-0.0014664650066542606
T-IDM,12.600000000000001,8,-0.0014640320866341483
T-IDM,12.700000000000001,8,-0.0014615234858244008
T-IDM,12.8,8,-0.0014589391939008323
T-IDM,12.9,8,-0.0014562792114123368
T-IDM,13.0,8,-0.0014535435502374128
T-IDM,13.100000000000001,8,-0.0014507322338737083
T-IDM,13.200000000000001,8,-0.0014478452975428269
T-IDM,13.3,8,-0.00144488278813526
T-IDM,13.4,8,-0.0014418447639439336
T-IDM,13.5,8,-0.0014387312942076846
T-IDM,13.600000000000001,8,-0.0014355424584220344
T-IDM,13.700000000000001,8,-0.0014322783454332466
T-IDM,13.8,8,-0.0014289390522588263
T-IDM,13.9,8,-0.001425524682657553
T-IDM,14.0,8,-0.0014220353453904266
T-IDM,14.100000000000001,8,-0.0014184711521636473
T-IDM,14.200000000000001,8,-0.0014148322152287562
T-IDM,14.3,8,-0.0014111186446097435
T-IDM,14.4,8,-0.001407330544905605
T-IDM,14.5,8,-0.00140346801165947
T-IDM,14.600000000000001,8,-0.0013995311272338995
T-IDM,14.700000000000001,8,-0.0013955199561532794
T-IDM,14.8,8,-0.0013914345398671202
T-IDM,14.9,8,-0.0013872748908827504
T-IDM,15.0,8,-0.0013830409862034543
T-IDM,15.100000000000001,8,-0.001378732760015211
T-IDM,15.200000000000001,8,-0.0013743500955563093
T-IDM,15.3,8,-0.0013698928160899015
T-IDM,15.4,8,-0.0013653606749137737
T-IDM,15.5,8,-0.0013607533443042996
T-IDM,15.600000000000001,8,-0.0013560704033253046
T-IDM,15.700000000000001,8,-0.0013513113243917019
T-IDM,15.8,8,-0.0013464754584777694
T-IDM,15.9,8,-0.001341562018884801
T-IDM,16.0,8,-0.0013365700634260236
T-IDM,16.1,8,-0.001331498474911541
T-IDM,16.2,8,-0.0013263459398089594
T-IDM,16.3,8,-0.001321110924926927
T-IDM,16.400000000000002,8,-0.0013157916519865864
T-IDM,16.5,8,-0.0013103860699192893
T-IDM,16.6,8,-0.0013048918247324792
T-IDM,16.7,8,-0.0012993062267643296
T-IDM,16.8,8,-0.001293626215167265
T-IDM,16.900000000000002,8,-0.001287848319421414
T-IDM,17.0,8,-0.0012819686176950285
T-IDM,17.1,8,-0.0012759826918493644
T-IDM,17.2,8,-0.0012698855788908503
T-IDM,17.3,8,-0.0012636717186573776
T-IDM,17.400000000000002,8,-0.001257334897527329
T-IDM,17.5,8,-0.0012508681879364048
T-IDM,17.6,8,-0.001244263883469543
T-IDM,17.7,8,-0.001237513429330761
T-IDM,17.8,8,-0.0012306073479315671
T-IDM,17.900000000000002,8,-0.0012235351594114263
T-IDM,18.0,8,-0.0012162852968309323
T-IDM,18.1,8,-0.0012088450158511677
T-IDM,18.2,8,-0.0012012002986612202
T-IDM,18.3,8,-0.0011933357519495758
T-IDM,18.400000000000002,8,-0.0011852344987257624
T-IDM,18.5,8,-0.0011768780637826382
T-IDM,18.6,8,-0.0011682462526376725
T-IDM,18.7,8,-0.001159317023777362
T-IDM,18.8,8,-0.0011500663540449096
T-IDM,18.900000000000002,8,-0.0011404680970574788
T-IDM,19.0,8,-0.0011304938345269022
T-IDM,19.1,8,-0.0011201127203932515
T-IDM,19.200000000000003,8,-0.0011092913177250807
T-IDM,19.3,8,-0.0010979934283241732
T-IDM,19.400000000000002,8,-0.001086179915061436
T-IDM,19.5,8,-0.0010738085169474942
T-IDM,19.6,8,-0.0010608336570125942
T-IDM,19.700000000000003,8,-0.001047206243105947
T-IDM,19.8,8,-0.0010328734617441881
T-IDM,19.900000000000002,8,-0.001017778565216787
T-IDM,20.0,8,-0.0010018606521544626
T-IDM,20.1,8,-0.0009850544418732454
T-IDM,20.200000000000003,8,-0.0009672900428032705
T-IDM,20.3,8,-0.0009484927153913247
T-IDM,20.400000000000002,8,-0.0009285826299230138
T-IDM,20.5,8,-0.000907474619738835
T-IDM,20.6,8,-0.0008850779304143686
T-IDM,20.700000000000003,8,-0.0008612959654783481
T-IDM,20.8,8,-0.0008360260293684973
T-IDM,20.900000000000002,8,-0.0008091590683161343
T-IDM,21.0,8,-0.0007805794099446928
T-IDM,21.1,8,-0.0007501645024206027
T-IDM,21.200000000000003,8,-0.0007177846540553645
T-IDM,21.3,8,-0.0006833027742825237
T-IDM,21.400000000000002,8,-0.0006465741170309514
T-IDM,21.5,8,-0.0006074460275424798
T-IDM,21.6,8,-0.0005657576937210251
T-IDM,21.700000000000003,8,-0.0005213399031749333
T-IDM,21.8,8,-0.00047401480713205046
T-IDM,21.900000000000002,8,-0.0004235956924656392
T-IDM,22.0,8,-0.0003698867630763658
T-IDM,22.1,8,-0.00031268293194308683
T-IDM,22.200000000000003,8,-0.00025176962514272816
T-IDM,22.3,8,-0.00018692259918395848
T-IDM,22.400000000000002,8,-0.00011790777301001754
T-IDM,22.5,8,-4.448107601362494e-05
T-IDM,22.6,8,3.361168656113023e-05
T-IDM,22.700000000000003,8,0.00011663494948699338
T-IDM,22.8,8,0.00020486348334358695
T-IDM,22.900000000000002,8,0.0002985824689130112
T-IDM,23.0,8,0.0003980875488842628
T-IDM,23.1,8,0.0005036848556052576
T-IDM,23.200000000000003,8,0.0006156910136674298
T-IDM,23.3,8,0.0007344331161469597
T-IDM,23.400000000000002,8,0.0008602486733941817
T-IDM,23.5,8,0.0009934855333302295
T-IDM,23.6,8,0.0011345017722508288
T-IDM,23.700000000000003,8,0.0012836655552739273
T-IDM,23.8,8,0.0014413549655767355
T-IDM,23.900000000000002,8,0.0016079578017347274
T-IDM,24.0,8,0.0017838713425302188
T-IDM,24.1,8,0.0019695020786905104
T-IDM,24.200000000000003,8,0.0021652654111772307
T-IDM,24.3,8,0.0023715853157177946
T-IDM,24.400000000000002,8,0.0025888939733924587
T-IDM,24.5,8,0.0028176313672414466
T-IDM,24.6,8,0.003058244844956093
T-IDM,24.700000000000003,8,0.00331118864786184
T-IDM,24.8,8,0.003576923406521715
T-IDM,24.900000000000002,8,0.003855915603425686
T-IDM,25.0,8,0.004148637003378752
T-IDM,25.1,8,0.004455564052308958
T-IDM,25.200000000000003,8,0.004777177245365749
T-IDM,25.3,8,0.005113960465317646
T-IDM,25.400000000000002,8,0.005466400292371887
T-IDM,25.5,8,0.005834985286671923
T-IDM,25.6,8,0.006220205244853005
T-IDM,25.700000000000003,8,0.006622550432174634
T-IDM,25.8,8,0.007042510791832157
T-IDM,25.900000000000002,8,0.0074805751331634696
T-IDM,26.0,8,0.007937230300615994
T-IDM,26.1,8,0.008412960325378194
T-IDM,26.200000000000003,8,0.008908245561700667
T-IDM,26.3,8,0.009423561810013581
T-IDM,26.400000000000002,8,0.009959379429027138
T-IDM,26.5,8,0.010516162439037302
T-IDM,26.6,8,0.011094367618767365
T-IDM,26.700000000000003,8,0.011694443598086579
T-IDM,26.8,8,0.012316829948986197
T-IDM,26.900000000000002,8,0.01296195627726604
T-IDM,27.0,8,0.013630241317335035
T-IDM,27.1,8,0.014322092032609035
T-IDM,27.200000000000003,8,0.015037902723950225
T-IDM,27.3,8,0.015778054148583465
T-IDM,27.400000000000002,8,0.016542912651926756
T-IDM,27.5,8,0.017332829314717912
T-IDM,27.6,8,0.018148139117807105
T-IDM,27.700000000000003,8,0.018989160126917426
T-IDM,27.8,8,0.019856192699627684
T-IDM,27.900000000000002,8,0.020749518716753457
T-IDM,28.0,8,0.02166940084025626
T-IDM,28.1,8,0.022616081799698762
T-IDM,28.200000000000003,8,0.023589783709180523
T-IDM,28.3,8,0.02459070741660696
T-IDM,28.400000000000002,8,0.02561903188703063
T-IDM,28.5,8,0.02667491362168306
T-IDM,28.6,8,0.027758486114223047
T-IDM,28.700000000000003,8,0.028869859345592275
T-IDM,28.8,8,0.030009119318735955
T-IDM,28.900000000000002,8,0.031176327634351964
T-IDM,29.0,8,0.03237152110865971
T-IDM,29.1,8,0.03359471143406978
T-IDM,29.200000000000003,8,0.034845884883502265
T-IDM,29.3,8,0.03612500205894342
T-IDM,29.400000000000002,8,0.03743199768471683
T-IDM,29.5,8,0.038766780445795845
T-IDM,29.6,8,0.04012923287134029
T-IDM,29.700000000000003,8,0.04151921126352143
T-IDM,29.8,8,0.042936545671551585
T-IDM,29.900000000000002,8,0.044381039910703635
T-IDM,30.0,8,0.04585247162598449
T-IDM,30.1,8,0.047350592399986624
T-IDM,30.200000000000003,8,0.048875127904343785
T-IDM,30.3,8,0.050425778094050244
T-IDM,30.400000000000002,8,0.052002217443863685
T-IDM,30.5,8,0.05360409522581655
T-IDM,30.6,8,0.05523103582682687
T-IDM,30.700000000000003,8,0.05688263910526459
T-IDM,30.8,8,0.05855848078524595
T-IDM,30.900000000000002,8,0.060258112887327187
T-IDM,31.0,8,0.06198106419422622
T-IDM,31.1,8,0.06372684075008017
T-IDM,31.200000000000003,8,0.0654949263917004
T-IDM,31.3,8,0.0672847833102388
T-IDM,31.400000000000002,8,0.06909585264157947
T-IDM,31.5,8,0.07092755508377735
T-IDM,31.6,8,0.07277929153977958
T-IDM,31.700000000000003,8,0.0746504437836446
T-IDM,31.8,8,0.07654037514844703
T-IDM,31.900000000000002,8,0.07844843123403322
T-IDM,32.0,8,0.0803739406327626
T-IDM,32.1,8,0.08231621567137104
T-IDM,32.2,8,0.08427455316709853
T-IDM,32.300000000000004,8,0.08624823519619085
T-IDM,32.4,8,0.08823652987292085
T-IDM,32.5,8,0.09023869213726599
T-IDM,32.6,8,0.0922539645494247
T-IDM,32.7,8,0.09428157808932625
T-IDM,32.800000000000004,8,0.09632075295937703
T-IDM,32.9,8,0.09837069938865817
T-IDM,33.0,8,0.10043061843686019
T-IDM,33.1,8,0.10249970279626375
T-IDM,33.2,8,0.10457713759013032
T-IDM,33.300000000000004,8,0.10666210116588992
T-IDM,33.4,8,0.10875376588158936
T-IDM,33.5,8,0.11085129888408041
T-IDM,33.6,8,0.11295386287752152
T-IDM,33.7,8,0.11506061688080038
T-IDM,33.800000000000004,8,0.11717071697252379
T-IDM,33.9,8,0.11928331702232953
T-IDM,34.0,8,0.12139756940728219
T-IDM,34.1,8,0.12351262571223742
T-IDM,34.2,8,0.12562763741305183
T-IDM,34.300000000000004,8,0.12774175654164566
T-IDM,34.4,8,0.12985413633195364
T-IDM,34.5,8,0.1319639318458794
T-IDM,34.6,8,0.13407030057842384
T-IDM,34.7,8,0.13617240304124678
T-IDM,34.800000000000004,8,0.13826940332395843
T-IDM,34.9,8,0.14036046963252957
T-IDM,35.0,8,0.1424447748042592
T-IDM,35.1,8,0.1445214967988182
T-IDM,35.2,8,0.14658981916493552
T-IDM,35.300000000000004,8,0.1486489314823789
T-IDM,35.4,8,0.15069802977892977
T-IDM,35.5,8,0.1527363169221232
T-IDM,35.6,8,0.15476300298559664
T-IDM,35.7,8,0.15677730558992486
T-IDM,35.800000000000004,8,0.15877845021790726
T-IDM,35.9,8,0.160765670504329
T-IDM,36.0,8,0.16273820850026333
T-IDM,36.1,8,0.16469531491204314
T-IDM,36.2,8,0.16663624931511123
T-IDM,36.300000000000004,8,0.16856028034297488
T-IDM,36.4,8,0.17046668585157576
T-IDM,36.5,8,0.17235475305943027
T-IDM,36.6,8,0.17422377866393468
T-IDM,36.7,8,0.17607306893429708
T-IDM,36.800000000000004,8,0.1779019397816093
T-IDM,36.9,8,0.17970971680660242
T-IDM,37.0,8,0.18149573532568297
T-IDM,37.1,8,0.1832593403759084
T-IDM,37.2,8,0.18499988669957013
T-IDM,37.300000000000004,8,0.18671673870914063
T-IDM,37.4,8,0.18840927043333267
T-IDM,37.5,8,0.19007686544509816
T-IDM,37.6,8,0.19171891677240716
T-IDM,37.7,8,0.19333482679270197
T-IDM,37.800000000000004,8,0.19492400711193092
T-IDM,37.9,8,0.19648587842912235
T-IDM,38.0,8,0.1980198703874958
T-IDM,38.1,8,0.19952542141309593
T-IDM,38.2,8,0.2010019785420134
T-IDM,38.300000000000004,8,0.2024489972372514
T-IDM,38.400000000000006,8,0.20386594119632306
T-IDM,38.5,8,0.2052522821506937
T-IDM,38.6,8,0.20660749965820813
T-IDM,38.7,8,0.20793108088963486
T-IDM,38.800000000000004,8,0.20922252041050093
T-IDM,38.900000000000006,8,0.210481319959392
T-IDM,39.0,8,0.21170698822390221
T-IDM,39.1,8,0.21289904061543297
T-IDM,39.2,8,0.21405699904402908
T-IDM,39.300000000000004,8,0.21518039169446546
T-IDM,39.400000000000006,8,0.21626875280478153
T-IDM,39.5,8,0.21732162244846442
T-IDM,39.6,8,0.21833854632146554
T-IDM,39.7,8,0.2193190755352621
T-IDM,39.800000000000004,8,0.2202627664170933
T-IDM,39.900000000000006,8,0.22116918031857224
T-IDM,40.0,8,0.2220378834337975
T-IDM,40.1,8,0.2228684466280768
T-IDM,40.2,8,0.22366044527837659
T-IDM,40.300000000000004,8,0.2244134591265574
T-IDM,40.400000000000006,8,0.22512707214643157
T-IDM,40.5,8,0.22580087242567082
T-IDM,40.6,8,0.22643445206349888
T-IDM,40.7,8,0.22702740708513325
T-IDM,40.800000000000004,8,0.22757933737384128
T-IDM,40.900000000000006,8,0.22808984662147047
T-IDM,41.0,8,0.2285585422982237
T-IDM,41.1,8,0.2289850356424381
T-IDM,41.2,8,0.22936894167105315
T-IDM,41.300000000000004,8,0.2297098792113843
T-IDM,41.400000000000006,8,0.23000747095477792
T-IDM,41.5,8,0.2302613435326606
T-IDM,41.6,8,0.2304711276154059
T-IDM,41.7,8,0.2306364580344038
T-IDM,41.800000000000004,8,0.23075697392763495
T-IDM,41.900000000000006,8,0.2308323189089716
T-IDM,42.0,8,0.23086214126137783
T-IDM,42.1,8,0.23084609415407265
T-IDM,42.2,8,0.23078383588367757
T-IDM,42.300000000000004,8,0.23067503013927038
T-IDM,42.400000000000006,8,0.23051934629119764
T-IDM,42.5,8,0.23031645970341152
T-IDM,42.6,8,0.2300660520690201
T-IDM,42.7,8,0.2297678117686761
T-IDM,42.800000000000004,8,0.22942143425131967
T-IDM,42.900000000000006,8,0.22902662243673433
T-IDM,43.0,8,0.22858308713927755
T-IDM,43.1,8,0.22809054751210311
T-IDM,43.2,8,0.22754873151106558
T-IDM,43.300000000000004,8,0.22695737637746127
T-IDM,43.400000000000006,8,0.22631622913868377
T-IDM,43.5,8,0.22562504712576903
T-IDM,43.6,8,0.2248835985067732
T-IDM,43.7,8,0.2240916628348213
T-IDM,43.800000000000004,8,0.22324903160965803
T-IDM,43.900000000000006,8,0.22235550885138267
T-IDM,44.0,8,0.22141091168508886
T-IDM,44.1,8,0.220415070935001
T-IDM,44.2,8,0.21936783172668228
T-IDM,44.300000000000004,8,0.21826905409584185
T-IDM,44.400000000000006,8,0.21711861360220297
T-IDM,44.5,8,0.21591640194688821
T-IDM,44.6,8,0.21466232759170722
T-IDM,44.7,8,0.21335631637873576
T-IDM,44.800000000000004,8,0.21199831214852338
T-IDM,44.900000000000006,8,0.2105882773552583
T-IDM,45.0,8,0.2091261936772053
T-IDM,45.1,8,0.20761206262070786
T-IDM,45.2,8,0.20604590611606177
T-IDM,45.300000000000004,8,0.20442776710353883
T-IDM,45.400000000000006,8,0.2027577101078677
T-IDM,45.5,8,0.20103582179947743
T-IDM,45.6,8,0.1992622115408249
T-IDM,45.7,8,0.1974370119161506
T-IDM,45.800000000000004,8,0.1955603792430196
T-IDM,45.900000000000006,8,0.19363249406405636
T-IDM,46.0,8,0.19165356161729186
T-IDM,46.1,8,0.18962381228360137
T-IDM,46.2,8,0.18754350200973313
T-IDM,46.300000000000004,8,0.1854129127055124
T-IDM,46.400000000000006,8,0.18323235261380333
T-IDM,46.5,8,0.18100215665192465
T-IDM,46.6,8,0.1787226867232352
T-IDM,46.7,8,0.17639433199769883
T-IDM,46.800000000000004,8,0.17401750916027403
T-IDM,46.900000000000006,8,0.17159266262607886
T-IDM,47.0,8,0.16912026472133412
T-IDM,47.1,8,0.16660081582917563
T-IDM,47.2,8,0.16403484449948458
T-IDM,47.300000000000004,8,0.1614229075220166
T-IDM,47.400000000000006,8,0.15876558996213497
T-IDM,47.5,8,0.15606350515857592
T-IDM,47.6,8,0.153317294682763
T-IDM,47.7,8,0.15052762825924582
T-IDM,47.800000000000004,8,0.14769520364697897
T-IDM,47.900000000000006,8,0.14482074648117838
T-IDM,48.0,8,0.14190501007565715
T-IDM,48.1,8,0.13894877518558602
T-IDM,48.2,8,0.1359528497307263
T-IDM,48.300000000000004,8,0.13291806847927745
T-IDM,48.400000000000006,8,0.12984529269257017
T-IDM,48.5,8,0.1267354097309248
T-IDM,48.6,8,0.12358933262108351
T-IDM,48.7,8,0.12040799958570858
T-IDM,48.800000000000004,8,0.11719237353551293
T-IDM,48.900000000000006,8,0.11394344152471447
T-IDM,49.0,8,0.11066221417051203
T-IDM,49.1,8,0.107349725037448
T-IDM,49.2,8,0.10400702998751754
T-IDM,49.300000000000004,8,0.10063520649700841
T-IDM,49.400000000000006,8,0.09723535294110874
T-IDM,49.5,8,0.09380858784738422
T-IDM,49.6,8,0.09035604911929163
T-IDM,49.7,8,0.08687889323095987
T-IDM,49.800000000000004,8,0.08337829439453337
T-IDM,49.900000000000006,8,0.07985544370138875
T-IDM,50.0,8,0.07631154823864428
T-IDM,50.1,8,0.07274783018236519
T-IDM,50.2,8,0.06916552586897495
T-IDM,50.300000000000004,8,0.06556588484634318
T-IDM,50.400000000000006,8,0.061950168906120595
T-IDM,50.5,8,0.058319651098901915
T-IDM,50.6,8,0.05467561473379412
T-IDM,50.7,8,0.051019352364020776
T-IDM,50.800000000000004,8,0.04735216476021975
T-IDM,50.900000000000006,8,0.04367535987305082
T-IDM,51.0,8,0.03999025178681315
T-IDM,51.1,8,0.03629815966570149
T-IDM,51.2,8,0.03260040669439945
T-IDM,51.300000000000004,8,0.028898319014666995
T-IDM,51.400000000000006,8,0.025193224659551205
T-IDM,51.5,8,0.0214864524869256
T-IDM,51.6,8,0.017779331113937147
T-IDM,51.7,8,0.014073187854009461
T-IDM,51.800000000000004,8,0.010369347658006234
T-IDM,51.900000000000006,8,0.006669132061086103
T-IDM,52.0,8,0.0029738581368405903
T-IDM,52.1,8,-0.0007151625397963102
T-IDM,52.2,8,-0.004396624919372982
T-IDM,52.300000000000004,8,-0.008069231493040618
T-IDM,52.400000000000006,8,-0.01173169329455348
T-IDM,52.5,8,-0.015382730887791851
T-IDM,52.6,8,-0.019021075338473636
T-IDM,52.7,8,-0.02264546916878274
T-IDM,52.800000000000004,8,-0.026254667293684975
T-IDM,52.900000000000006,8,-0.029847437937743138
T-IDM,53.0,8,-0.033422563531296134
T-IDM,53.1,8,-0.036978841584959454
T-IDM,53.2,8,-0.040515085541363405
T-IDM,53.300000000000004,8,-0.04403012560321429
T-IDM,53.400000000000006,8,-0.04752280953673349
T-IDM,53.5,8,-0.050992003449632506
T-IDM,53.6,8,-0.05443659254281563
T-IDM,53.7,8,-0.057855481835082045
T-IDM,53.800000000000004,8,-0.06124759686013448
T-IDM,53.900000000000006,8,-0.06461188433527632
T-IDM,54.0,8,-0.06794731280123756
T-IDM,54.1,8,-0.07125287323261276
T-IDM,54.2,8,-0.07452757961848455
T-IDM,54.300000000000004,8,-0.07777046951281541
T-IDM,54.400000000000006,8,-0.08098060455431266
T-IDM,54.5,8,-0.08415707095546843
T-IDM,54.6,8,-0.08729897996056835
T-IDM,54.7,8,-0.09040546827251283
T-IDM,54.800000000000004,8,-0.09347569844834602
T-IDM,54.900000000000006,8,-0.09650885926342667
T-IDM,55.0,8,-0.09950416604428369
T-IDM,55.1,8,-0.1024608609701474
T-IDM,55.2,8,-0.10537821334333586
T-IDM,55.300000000000004,8,-0.1082555198285835
T-IDM,55.400000000000006,8,-0.1110921046615605
T-IDM,55.5,8,-0.11388731982680156
T-IDM,55.6,8,-0.11664054520536027
T-IDM,55.7,8,-0.11935118869250338
T-IDM,55.800000000000004,8,-0.12201868628583235
T-IDM,55.900000000000006,8,-0.12464250214425121
T-IDM,56.0,8,-0.1272221286182198
T-IDM,56.1,8,-0.12975708625180182
T-IDM,56.2,8,-0.13224692375701963
T-IDM,56.300000000000004,8,-0.13469121796106798
T-IDM,56.400000000000006,8,-0.13708957372698372
T-IDM,56.5,8,-0.13944162384838243
T-IDM,56.6,8,-0.14174702891889268
T-IDM,56.7,8,-0.14400547717697165
T-IDM,56.800000000000004,8,-0.14621668432677914
T-IDM,56.900000000000006,8,-0.14838039333582387
T-IDM,57.0,8,-0.1504963742101051
T-IDM,57.1,8,-0.152564423747501
T-IDM,57.2,8,-0.15458436527016595
T-IDM,57.300000000000004,8,-0.15655604833669834
T-IDM,57.400000000000006,8,-0.15847934843488787
T-IDM,57.5,8,-0.1603541666558126
T-IDM,57.6,8,-0.16218042935010324
T-IDM,57.7,8,-0.1639580877671971
T-IDM,57.800000000000004,8,-0.16568711767836497
T-IDM,57.900000000000006,8,-0.16736751898436175
T-IDM,58.0,8,-0.16899931530850232
T-IDM,58.1,8,-0.1705825535759864
T-IDM,58.2,8,-0.1721173035803023
T-IDM,58.300000000000004,8,-0.1736036575375124
T-IDM,58.400000000000006,8,-0.1750417296292337
T-IDM,58.5,8,-0.17643165553513462
T-IDM,58.6,8,-0.1777735919557255
T-IDM,58.7,8,-0.1790677161262657
T-IDM,58.800000000000004,8,-0.1803142253225296
T-IDM,58.900000000000006,8,-0.18151333635924516
T-IDM,59.0,8,-0.182665285081951
T-IDM,59.1,8,-0.18377032585300945
T-IDM,59.2,8,-0.1848287310325354
T-IDM,59.300000000000004,8,-0.1858407904549395
T-IDM,59.400000000000006,8,-0.18680681090183526
T-IDM,59.5,8,-0.18772711557193666
T-IDM,59.6,8,-0.18860204354870191
T-IDM,59.7,8,-0.1894319492663179
T-IDM,59.800000000000004,8,-0.19021720197470415
T-IDM,59.900000000000006,8,-0.1909581852041562
T-IDM,60.0,8,-0.19165529623022337
T-IDM,60.1,8,-0.19230894553942157
T-IDM,60.2,8,-0.19291955629635105
T-IDM,60.300000000000004,8,-0.19348756381275223
T-IDM,60.400000000000006,8,-0.19401341501905378
T-IDM,60.5,8,-0.19449756793891027
T-IDM,60.6,8,-0.19494049116721257
T-IDM,60.7,8,-0.19534266335205608
T-IDM,60.800000000000004,8,-0.19570457268111774
T-IDM,60.900000000000006,8,-0.19602671637285596
T-IDM,61.0,8,-0.19630960017294896
T-IDM,61.1,8,-0.19655373785638375
T-IDM,61.2,8,-0.19675965073552604
T-IDM,61.300000000000004,8,-0.19692786717455668
T-IDM,61.400000000000006,8,-0.19705892211058185
T-IDM,61.5,8,-0.19715335658172606
T-IDM,61.6,8,-0.1972117172625314
T-IDM,61.7,8,-0.19723455600687956
T-IDM,61.800000000000004,8,-0.19722242939875123
T-IDM,61.900000000000006,8,-0.1971758983110039
T-IDM,62.0,8,-0.19709552747241155
T-IDM,62.1,8,-0.1969818850431615
T-IDM,62.2,8,-0.19683554219898447
T-IDM,62.300000000000004,8,-0.19665707272408284
T-IDM,62.400000000000006,8,-0.196447052612994
T-IDM,62.5,8,-0.19620605968153448
T-IDM,62.6,8,-0.19593467318693136
T-IDM,62.7,8,-0.19563347345724047
T-IDM,62.800000000000004,8,-0.1953030415301118
T-IDM,62.900000000000006,8,-0.19494395880101578
T-IDM,63.0,8,-0.19455680668095
T-IDM,63.1,8,-0.19414216626367065
T-IDM,63.2,8,-0.1937006180024845
T-IDM,63.300000000000004,8,-0.19323274139660995
T-IDM,63.400000000000006,8,-0.1927391146871109
T-IDM,63.5,8,-0.19222031456239463
T-IDM,63.6,8,-0.19167691587324676
T-IDM,63.7,8,-0.19110949135737876
T-IDM,63.800000000000004,8,-0.1905186113734363
T-IDM,63.900000000000006,8,-0.18990484364442217
T-IDM,64.0,8,-0.18926875301047374
T-IDM,64.10000000000001,8,-0.18861090119090385
T-IDM,64.2,8,-0.18793184655546824
T-IDM,64.3,8,-0.18723214390471554
T-IDM,64.4,8,-0.18651234425937346
T-IDM,64.5,8,-0.1857729946586364
T-IDM,64.60000000000001,8,-0.18501463796726902
T-IDM,64.7,8,-0.18423781269138573
T-IDM,64.8,8,-0.1834430528028097
T-IDM,64.9,8,-0.1826308875718592
T-IDM,65.0,8,-0.18180184140845412
C-FVD,0.0,0,5.861977570020827e-14
C-FVD,0.1,0,7.638334409421077e-14
C-FVD,0.2,0,1.0125233984581428e-13
C-FVD,0.30000000000000004,0,1.3145040611561853e-13
C-FVD,0.4,0,1.7408297026122455e-13
C-FVD,0.5,0,2.2737367544323206e-13
C-FVD,0.6000000000000001,0,2.9665159217984183e-13
C-FVD,0.7000000000000001,0,3.872457909892546e-13
C-FVD,0.8,0,5.062616992290714e-13
C-FVD,0.9,0,6.590283874174929e-13
C-FVD,1.0,0,8.562039965909207e-13
C-FVD,1.1,0,1.113775738303957e-12
C-FVD,1.2000000000000002,0,1.4441781104324036e-12
C-FVD,1.3,0,1.872280108727864e-12
C-FVD,1.4000000000000001,0,2.424727085781342e-12
C-FVD,1.5,0,3.133493464702042e-12
C-FVD,1.6,0,4.0465408801537706e-12
C-FVD,1.7000000000000002,0,5.218936394157936e-12
C-FVD,1.8,0,6.721734280290548e-12
C-FVD,1.9000000000000001,0,8.64730509420042e-12
C-FVD,2.0,0,1.1111112030448567e-11
C-FVD,2.1,0,1.425703999302641e-11
C-FVD,2.2,0,1.8271606450070976e-11
C-FVD,2.3000000000000003,0,2.3389290504383098e-11
C-FVD,2.4000000000000004,0,2.9901414677624416e-11
C-FVD,2.5,0,3.817746119239018e-11
C-FVD,2.6,0,4.8684611897442664e-11
C-FVD,2.7,0,6.200728819294454e-11
C-FVD,2.8000000000000003,0,7.887557273988932e-11
C-FVD,2.9000000000000004,0,1.0020784202424693e-10
C-FVD,3.0,0,1.2715162256426993e-10
C-FVD,3.1,0,1.6113688161567552e-10
C-FVD,3.2,0,2.0395063415890036e-10
C-FVD,3.3000000000000003,0,2.5781687895687355e-10
C-FVD,3.4000000000000004,0,3.255049563222201e-10
C-FVD,3.5,0,4.1044856402550067e-10
C-FVD,3.6,0,5.169145111949547e-10
C-FVD,3.7,0,6.501821303572797e-10
C-FVD,3.8000000000000003,0,8.167866383246292e-10
C-FVD,3.9000000000000004,0,1.0247998005752379e-09
C-FVD,4.0,0,1.284181649907623e-09
C-FVD,4.1000000000000005,0,1.6072068120820404e-09
C-FVD,4.2,0,2.0089707675197133e-09
C-FVD,4.3,0,2.5080293397650166e-09
C-FVD,4.4,0,3.1271500944285435e-09
C-FVD,4.5,0,3.894234268386754e-09
C-FVD,4.6000000000000005,0,4.843425216449759e-09
C-FVD,4.7,0,6.016449560775072e-09
C-FVD,4.800000000000001,0,7.46423012287778e-09
C-FVD,4.9,0,9.248832810726526e-09
C-FVD,5.0,0,1.1445793646203128e-08
C-FVD,5.1000000000000005,0,1.4146925408908828e-08
C-FVD,5.2,0,1.746366251609288e-08
C-FVD,5.300000000000001,0,2.1531075589109605e-08
C-FVD,5.4,0,2.6512658735100558e-08
C-FVD,5.5,0,3.260603165244902e-08
C-FVD,5.6000000000000005,0,4.0049744853831726e-08
C-FVD,5.7,0,4.9131347878983433e-08
C-FVD,5.800000000000001,0,6.019698517434335e-08
C-FVD,5.9,0,7.366275234232944e-08
C-FVD,6.0,0,9.002813960989897e-08
C-FVD,6.1000000000000005,0,1.0989191423504963e-07
C-FVD,6.2,0,1.3397085574240464e-07
C-FVD,6.300000000000001,0,1.63121820051515e-07
C-FVD,6.4,0,1.98367681392142e-07
C-FVD,6.5,0,2.4092779504769624e-07
C-FVD,6.6000000000000005,0,2.922537074567799e-07
C-FVD,6.7,0,3.5407093967876335e-07
C-FVD,6.800000000000001,0,4.284278247723705e-07
C-FVD,6.9,0,5.177524773358755e-07
C-FVD,7.0,0,6.249191528695519e-07
C-FVD,7.1000000000000005,0,7.533254091640629e-07
C-FVD,7.2,0,9.069817110685108e-07
C-FVD,7.300000000000001,0,1.090615272758555e-06
C-FVD,7.4,0,1.3097902460401656e-06
C-FVD,7.5,0,1.5710465763874026e-06
C-FVD,7.6000000000000005,0,1.8820601592750563e-06
C-FVD,7.7,0,2.2518272704274978e-06
C-FVD,7.800000000000001,0,2.690876579336532e-06
C-FVD,7.9,0,3.2115124888321134e-06
C-FVD,8.0,0,3.828093912972008e-06
C-FVD,8.1,0,4.557353156187105e-06
C-FVD,8.200000000000001,0,5.418759998931932e-06
C-FVD,8.3,0,6.434936716814832e-06
C-FVD,8.4,0,7.63213029841836e-06
C-FVD,8.5,0,9.040748834010515e-06
C-FVD,8.6,0,1.0695969697493979e-05
C-FVD,8.700000000000001,0,1.263842790777403e-05
C-FVD,8.8,0,1.4914993865744464e-05
C-FVD,8.9,0,1.7579650414489834e-05
C-FVD,9.0,0,2.0694480177496644e-05
C-FVD,9.1,0,2.4330774920144904e-05
C-FVD,9.200000000000001,0,2.8570279713591162e-05
C-FVD,9.3,0,3.3506585669584865e-05
C-FVD,9.4,0,3.924668596511083e-05
C-FVD,9.5,0,4.5912710991302674e-05
C-FVD,9.600000000000001,0,5.364385944162109e-05
C-FVD,9.700000000000001,0,6.259854322365754e-05
C-FVD,9.8,0,7.29567650896712e-05
C-FVD,9.9,0,8.492274888993734e-05
C-FVD,10.0,0,9.872784326958595e-05
C-FVD,10.100000000000001,0,0.00011463372055153798
C-FVD,10.200000000000001,0,0.00013293589328533528
C-FVD,10.3,0,0.0001539675716664135
C-FVD,10.4,0,0.00017810388553485268
C-FVD,10.5,0,0.0002057664950410043
C-FVD,10.600000000000001,0,0.00023742861423414752
C-FVD,10.700000000000001,0,0.0002736204717646018
C-FVD,10.8,0,0.0003149352325237942
C-FVD,10.9,0,0.000362035403455252
C-FVD,11.0,0,0.0004156597457214417
C-FVD,11.100000000000001,0,0.00047663071403825086
C-FVD,11.200000000000001,0,0.0005458624422036706
C-FVD,11.3,0,0.000624369291518434
C-FVD,11.4,0,0.0007132749759932722
C-FVD,11.5,0,0.00081382227488902
C-FVD,11.600000000000001,0,0.0009273833391176822
C-FVD,11.700000000000001,0,0.001055470593499308
C-FVD,11.8,0,0.0011997482314569652
C-FVD,11.9,0,0.0013620442928683474
C-FVD,12.0,0,0.0015443633089695652
C-FVD,12.100000000000001,0,0.0017488994906962319
C-FVD,12.200000000000001,0,0.0019780504286792677
C-FVD,12.3,0,0.0022344312639610564
C-FVD,12.4,0,0.00252088927872407
C-FVD,12.5,0,0.0028405188457529817
C-FVD,12.600000000000001,0,0.0031966766640163513
C-FVD,12.700000000000001,0,0.0035929971957315843
C-FVD,12.8,0,0.004033408207673617
C-FVD,12.9,0,0.004522146306204178
C-FVD,13.0,0,0.005063772341863171
C-FVD,13.100000000000001,0,0.005663186545170618
C-FVD,13.200000000000001,0,0.006325643241074985
C-FVD,13.3,0,0.007056764974862517
C-FVD,13.4,0,0.007862555867992782
C-FVD,13.5,0,0.008749414008097034
C-FVD,13.600000000000001,0,0.009724142663449342
C-FVD,13.700000000000001,0,0.010793960099142907
C-FVD,13.8,0,0.011966507759712641
C-FVD,13.9,0,0.013249856571716734
C-FVD,14.0,0,0.014652511109829902
C-FVD,14.100000000000001,0,0.016183411361621935
C-FVD,14.200000000000001,0,0.017851931819787836
C-FVD,14.3,0,0.019667877626197594
C-FVD,14.4,0,0.021641477490337735
C-FVD,14.5,0,0.02378337310553391
C-FVD,14.600000000000001,0,0.026104604790120334
C-FVD,14.700000000000001,0,0.02861659308791431
C-FVD,14.8,0,0.03133111607279204
C-FVD,14.9,0,0.034260282116557406
C-FVD,15.0,0,0.0374164978974445
C-FVD,15.100000000000001,0,0.04081243144885427
C-FVD,15.200000000000001,0,0.04446097007446603
C-FVD,15.3,0,0.048375172986599324
C-FVD,15.4,0,0.052568218559787994
C-FVD,15.5,0,0.05705334613095303
C-FVD,15.600000000000001,0,0.06184379232123405
C-FVD,15.700000000000001,0,0.06695272190220258
C-FVD,15.8,0,0.07239315328089546
C-FVD,15.9,0,0.0781778787333316
C-FVD,16.0,0,0.08431937957473146
C-FVD,16.1,0,0.09082973651611148
C-FVD,16.2,0,0.09772053552073601
C-FVD,16.3,0,0.10500276953957233
C-FVD,16.400000000000002,0,0.11268673657183648
C-FVD,16.5,0,0.12078193456405728
C-FVD,16.6,0,0.12929695372841898
C-FVD,16.7,0,0.13823936692729077
C-FVD,16.8,0,0.14761561883524799
C-FVD,16.900000000000002,0,0.1574309146515116
C-FVD,17.0,0,0.16768910919377333
C-FVD,17.1,0,0.17839259725774959
C-FVD,17.2,0,0.18954220617475848
C-FVD,17.3,0,0.20113709154109394
C-FVD,17.400000000000002,0,0.21317463712716034
C-FVD,17.5,0,0.22565036000024818
C-FVD,17.6,0,0.23855782191183117
C-FVD,17.7,0,0.25188854800737026
C-FVD,17.8,0,0.26563195391340244
C-FVD,17.900000000000002,0,0.27977528224235293
C-FVD,18.0,0,0.2943035495296975
C-FVD,18.1,0,0.3091995045805209
C-FVD,18.2,0,0.32444359915272436
C-FVD,18.3,0,0.3400139718423336
C-FVD,18.400000000000002,0,0.3558864459623887
C-FVD,18.5,0,0.3720345421211615
C-FVD,18.6,0,0.38842950610819393
C-FVD,18.7,0,0.40504035258859794
C-FVD,18.8,0,0.42183392498779426
C-FVD,18.900000000000002,0,0.43877497182134206
C-FVD,19.0,0,0.45582623958883417
C-FVD,19.1,0,0.4729485822080637
C-FVD,19.200000000000003,0,0.4901010868172566
C-FVD,19.3,0,0.5072412156206116
C-FVD,19.400000000000002,0,0.5243249632971221
C-FVD,19.5,0,0.5413070293364335
C-FVD,19.6,0,0.5581410045102508
C-FVD,19.700000000000003,0,0.5747795705349183
C-FVD,19.8,0,0.591174711832533
C-FVD,19.900000000000002,0,0.6072779381559474
C-FVD,20.0,0,0.6230405167089828
C-FVD,20.1,0,0.6384137122692408
C-FVD,20.200000000000003,0,0.6533490337082863
C-FVD,20.3,0,0.6677984852047398
C-FVD,20.400000000000002,0,0.6817148203611474
C-FVD,20.5,0,0.6950517973667782
C-FVD,20.6,0,0.7077644332970401
C-FVD,20.700000000000003,0,0.7198092556068012
C-FVD,20.8,0,0.731144548860371
C-FVD,20.900000000000002,0,0.7417305947458903
C-FVD,21.0,0,0.7515299034465226
C-FVD,21.1,0,0.7605074344854188
C-FVD,21.200000000000003,0,0.7686308052254827
C-FVD,21.3,0,0.7758704852884328
C-FVD,21.400000000000002,0,0.7821999752594486
C-FVD,21.5,0,0.7875959681632807
C-FVD,21.6,0,0.7920384923335799
C-FVD,21.700000000000003,0,0.795511034448344
C-FVD,21.8,0,0.7980006416688727
C-FVD,21.900000000000002,0,0.7994980019960423
C-FVD,22.0,0,0.7999975021438193
C-FVD,22.1,0,0.7994972624240066
C-FVD,22.200000000000003,0,0.7979991483357942
C-FVD,22.3,0,0.7955087587568066
C-FVD,22.400000000000002,0,0.7920353908364994
C-FVD,22.5,0,0.7875919818958064
C-FVD,22.6,0,0.7821950288366288
C-FVD,22.700000000000003,0,0.7758644857585733
C-FVD,22.8,0,0.7686236406666289
C-FVD,22.900000000000002,0,0.7604989723296125
C-FVD,23.0,0,0.7515199885138149
C-FVD,23.1,0,0.7417190469671073
C-FVD,23.200000000000003,0,0.7311311606647966
C-FVD,23.3,0,0.7197937889476638
C-FVD,23.400000000000002,0,0.7077466162846306
C-FVD,23.5,0,0.6950313204755076
C-FVD,23.6,0,0.6816913321733686
C-FVD,23.700000000000003,0,0.6677715876504688
C-FVD,23.8,0,0.6533182767560248
C-FVD,23.900000000000002,0,0.638378588019096
C-FVD,24.0,0,0.6230004528350062
C-FVD,24.1,0,0.6072322906402068
C-FVD,24.200000000000003,0,0.5911227569288027
C-FVD,24.3,0,0.5747204958950594
C-FVD,24.400000000000002,0,0.5580738994014034
C-FVD,24.5,0,0.5412308738719069
C-FVD,24.6,0,0.5242386165986108
C-FVD,24.700000000000003,0,0.5071434028238251
C-FVD,24.8,0,0.4899903848274114
C-FVD,24.900000000000002,0,0.4728234041059718
C-FVD,25.0,0,0.45568481758240154
C-FVD,25.1,0,0.4386153386314131
C-FVD,25.200000000000003,0,0.42165389355127836
C-FVD,25.3,0,0.40483749395583857
C-FVD,25.400000000000002,0,0.38820112540560103
C-FVD,25.5,0,0.37177765244428684
C-FVD,25.6,0,0.3555977400588617
C-FVD,25.700000000000003,0,0.3396897914385839
C-FVD,25.8,0,0.32407990177314794
C-FVD,25.900000000000002,0,0.3087918277027395
C-FVD,26.0,0,0.2938469719151158
C-FVD,26.1,0,0.27926438227708417
C-FVD,26.200000000000003,0,0.265060764791178
C-FVD,26.3,0,0.2512505095832349
C-FVD,26.400000000000002,0,0.23784572905337953
C-FVD,26.5,0,0.22485630726195893
C-FVD,26.6,0,0.21228995957322638
C-FVD,26.700000000000003,0,0.20015230154303332
C-FVD,26.8,0,0.18844692601223834
C-FVD,26.900000000000002,0,0.1771754873545106
C-FVD,27.0,0,0.16633779182551933
C-FVD,27.1,0,0.15593189296916776
C-FVD,27.200000000000003,0,0.1459541910552833
C-FVD,27.3,0,0.13639953555095907
C-FVD,27.400000000000002,0,0.12726132966394132
C-FVD,27.5,0,0.1185316360400428
C-FVD,27.6,0,0.11020128274676466
C-FVD,27.700000000000003,0,0.10225996873112919
C-FVD,27.8,0,0.09469636800012715
C-FVD,27.900000000000002,0,0.08749823183656424
C-FVD,28.0,0,0.08065248843000816
C-FVD,28.1,0,0.07414533937162027
C-FVD,28.200000000000003,0,0.06796235253171723
C-FVD,28.3,0,0.062088550909212614
C-FVD,28.400000000000002,0,0.056508497111952494
C-FVD,28.5,0,0.05120637319554966
C-FVD,28.6,0,0.04616605565510312
C-FVD,28.700000000000003,0,0.041371185428548785
C-FVD,28.8,0,0.036805232831763846
C-FVD,28.900000000000002,0,0.032451557403586406
C-FVD,29.0,0,0.028293462693209648
C-FVD,29.1,0,0.02431424607260979
C-FVD,29.200000000000003,0,0.020497243702632062
C-FVD,29.3,0,0.016825870822849254
C-FVD,29.400000000000002,0,0.0132836575722024
C-FVD,29.5,0,0.009854280579762786
C-FVD,29.6,0,0.006521590592562632
C-FVD,29.700000000000003,0,0.003269636430596634
C-FVD,29.8,0,8.268557760970907e-05
C-FVD,29.900000000000002,0,-0.0030547582694300246
C-FVD,30.0,0,-0.006157940359322822
C-FVD,30.1,0,-0.009241842415232071
C-FVD,30.200000000000003,0,-0.012321172191846586
C-FVD,30.3,0,-0.015410354721556274
C-FVD,30.400000000000002,0,-0.01852352491479259
C-FVD,30.5,0,-0.021674521187643236
C-FVD,30.6,0,-0.024876879800467933
C-FVD,30.700000000000003,0,-0.028143829604664106
C-FVD,30.8,0,-0.03148828691027816
C-FVD,30.900000000000002,0,-0.03492285020484864
C-FVD,31.0,0,-0.03845979447349279
C-FVD,31.1,0,-0.04211106489117533
C-FVD,31.200000000000003,0,-0.045888269680677496
C-FVD,31.3,0,-0.04980267195322696
C-FVD,31.400000000000002,0,-0.05386518037321508
C-FVD,31.5,0,-0.05808633851356326
C-FVD,31.6,0,-0.062476312793846134
C-FVD,31.700000000000003,0,-0.06704487891928146
C-FVD,31.8,0,-0.07180140676460667
C-FVD,31.900000000000002,0,-0.0767548436729939
C-FVD,32.0,0,-0.08191369616582911
C-FVD,32.1,0,-0.08728601008465198
C-FVD,32.2,0,-0.09287934921155383
C-FVD,32.300000000000004,0,-0.09870077243854247
C-FVD,32.4,0,-0.10475680958001732
C-FVD,32.5,0,-0.11105343594509343
C-FVD,32.6,0,-0.11759604580825034
C-FVD,32.7,0,-0.12438942493718486
C-FVD,32.800000000000004,0,-0.1314377223562193
C-FVD,32.9,0,-0.13874442154139466
C-FVD,33.0,0,-0.1463123112600453
C-FVD,33.1,0,-0.15414345628249038
C-FVD,33.2,0,-0.1622391682069324
C-FVD,33.300000000000004,0,-0.1705999766501236
C-FVD,33.4,0,-0.17922560106625518
C-FVD,33.5,0,-0.1881149234643118
C-FVD,33.6,0,-0.19726596230013627
C-FVD,33.7,0,-0.2066758478232078
C-FVD,33.800000000000004,0,-0.2163407991600561
C-FVD,33.9,0,-0.22625610341570201
C-FVD,34.0,0,-0.23641609707209632
C-FVD,34.1,0,-0.24681414995763973
C-FVD,34.2,0,-0.25744265205491956
C-FVD,34.300000000000004,0,-0.26829300340454054
C-FVD,34.4,0,-0.2793556073514214
C-FVD,34.5,0,-0.2906198673662974
C-FVD,34.6,0,-0.3020741876592705
C-FVD,34.7,0,-0.31370597778438203
C-FVD,34.800000000000004,0,-0.3255016614141262
C-FVD,34.9,0,-0.3374466894409913
C-FVD,35.0,0,-0.3495255575393159
C-FVD,35.1,0,-0.3617218282952894
C-FVD,35.2,0,-0.3740181579860202
C-FVD,35.300000000000004,0,-0.38639632806002133
C-FVD,35.4,0,-0.3988372813419492
C-FVD,35.5,0,-0.4113211629537421
C-FVD,35.6,0,-0.42382736591268966
C-FVD,35.7,0,-0.4363345813350268
C-FVD,35.800000000000004,0,-0.448820853140969
C-FVD,35.9,0,-0.4612636371245813
C-FVD,36.0,0,-0.4736398642192974
C-FVD,36.1,0,-0.4859260077576959
C-FVD,36.2,0,-0.4980981544926788
C-FVD,36.300000000000004,0,-0.5101320791163744
C-FVD,36.4,0,-0.5220033219836999
C-FVD,36.5,0,-0.5336872697192518
C-FVD,36.6,0,-0.5451592383597372
C-FVD,36.7,0,-0.5563945586595747
C-FVD,36.800000000000004,0,-0.5673686631647161
C-FVD,36.9,0,-0.5780571746396603
C-FVD,37.0,0,-0.5884359954150007
C-FVD,37.1,0,-0.5984813972079266
C-FVD,37.2,0,-0.6081701109561664
C-FVD,37.300000000000004,0,-0.6174794161968968
C-FVD,37.4,0,-0.626387229516352
C-FVD,37.5,0,-0.6348721915933737
C-FVD,37.6,0,-0.6429137523609327
C-FVD,37.7,0,-0.6504922538138622
C-FVD,37.800000000000004,0,-0.6575890099985777
C-FVD,37.9,0,-0.6641863837315363
C-FVD,38.0,0,-0.6702678596074474
C-FVD,38.1,0,-0.675818112875735
C-FVD,38.2,0,-0.6808230737844596
C-FVD,38.300000000000004,0,-0.6852699870145926
C-FVD,38.400000000000006,0,-0.6891474658540417
C-FVD,38.5,0,-0.6924455407900894
C-FVD,38.6,0,-0.6951557022305632
C-FVD,38.7,0,-0.6972709370980059
C-FVD,38.800000000000004,0,-0.6987857590769604
C-FVD,38.900000000000006,0,-0.6996962323321316
C-FVD,39.0,0,-0.6999999885542056
C-FVD,39.1,0,-0.6996962372302242
C-FVD,39.2,0,-0.6987857690763928
C-FVD,39.300000000000004,0,-0.697270952612632
C-FVD,39.400000000000006,0,-0.695155723899795
C-FVD,39.5,0,-0.692445569501885
C-FVD,39.6,0,-0.6891475027766365
C-FVD,39.7,0,-0.6852700336379094
C-FVD,39.800000000000004,0,-0.6808231319724722
C-FVD,39.900000000000006,0,-0.6758181849312788
C-FVD,40.0,0,-0.6702679483514054
C-FVD,40.1,0,-0.6641864925986507
C-FVD,40.2,0,-0.6575891431526468
C-FVD,40.300000000000004,0,-0.6504924162855001
C-FVD,40.400000000000006,0,-0.6429139502116996
C-FVD,40.5,0,-0.6348724321107202
C-FVD,40.6,0,-0.6263875214445545
C-FVD,40.7,0,-0.6174797700100179
C-FVD,40.800000000000004,0,-0.6081705391800387
C-FVD,40.900000000000006,0,-0.598481914799267
C-FVD,41.0,0,-0.5884366202070019
C-FVD,41.1,0,-0.5780579278648617
C-FVD,41.2,0,-0.5673695700675516
C-FVD,41.300000000000004,0,-0.5563956492128401
C-FVD,41.400000000000006,0,-0.5451605481012987
C-FVD,41.5,0,-0.5336888407276508
C-FVD,41.6,0,-0.5220052040139578
C-FVD,41.7,0,-0.5101343309202537
C-FVD,41.800000000000004,0,-0.49810084535098653
C-FVD,41.900000000000006,0,-0.4859292192559277
C-FVD,42.0,0,-0.47364369230209924
C-FVD,42.1,0,-0.4612681944690902
C-FVD,42.2,0,-0.4488262718942462
C-FVD,42.300000000000004,0,-0.43634101626652466
C-FVD,42.400000000000006,0,-0.42383499803894154
C-FVD,42.5,0,-0.4113302036994426
C-FVD,42.6,0,-0.39884797730922195
C-FVD,42.7,0,-0.38640896648605505
C-FVD,42.800000000000004,0,-0.37403307297844
C-FVD,42.900000000000006,0,-0.36173940794458836
C-FVD,43.0,0,-0.3495462520186372
C-FVD,43.1,0,-0.33747102021525244
C-FVD,43.2,0,-0.3255302316933335
C-FVD,43.300000000000004,0,-0.3137394843696626
C-FVD,43.400000000000006,0,-0.302113434344939
C-FVD,43.5,0,-0.29066578007706134
C-FVD,43.6,0,-0.27940925121068894
C-FVD,43.7,0,-0.268355601947631
C-FVD,43.800000000000004,0,-0.257515608819908
C-FVD,43.900000000000006,0,-0.24689907270645328
C-FVD,44.0,0,-0.2365148249153073
C-FVD,44.1,0,-0.22637073713620914
C-FVD,44.2,0,-0.21647373505330592
C-FVD,44.300000000000004,0,-0.20682981539484935
C-FVD,44.400000000000006,0,-0.1974440661856498
C-FVD,44.5,0,-0.1883206899593386
C-FVD,44.6,0,-0.17946302968047867
C-FVD,44.7,0,-0.17087359712187933
C-FVD,44.800000000000004,0,-0.1625541034394491
C-FVD,44.900000000000006,0,-0.15450549168594208
C-FVD,45.0,0,-0.14672797100576496
C-FVD,45.1,0,-0.1392210522554329
C-FVD,45.2,0,-0.1319835847984212
C-FVD,45.300000000000004,0,-0.1250137942287033
C-FVD,45.400000000000006,0,-0.11830932078424361
C-FVD,45.5,0,-0.111867258219986
C-FVD,45.6,0,-0.10568419291914033
C-FVD,45.7,0,-0.09975624303204889
C-FVD,45.800000000000004,0,-0.0940790974430179
C-FVD,45.900000000000006,0,-0.08864805437753098
C-FVD,46.0,0,-0.08345805947481111
C-FVD,46.1,0,-0.07850374316370612
C-FVD,46.2,0,-0.07377945719330548
C-FVD,46.300000000000004,0,-0.06927931018326738
C-FVD,46.400000000000006,0,-0.06499720207260218
C-FVD,46.5,0,-0.0609268573593571
C-FVD,46.6,0,-0.05706185703728295
C-FVD,46.7,0,-0.053395669149022496
C-FVD,46.800000000000004,0,-0.04992167788843105
C-FVD,46.900000000000006,0,-0.04663321119748076
C-FVD,47.0,0,-0.043523566815482084
C-FVD,47.1,0,-0.04058603675017736
C-FVD,47.2,0,-0.0378139301515521
C-FVD,47.300000000000004,0,-0.03520059457977531
C-FVD,47.400000000000006,0,-0.03273943566877158
C-FVD,47.5,0,-0.030423935196127516
C-FVD,47.6,0,-0.0282476675787251
C-FVD,47.7,0,-0.026204314821301367
C-FVD,47.800000000000004,0,-0.02428767995230885
C-FVD,47.900000000000006,0,-0.022491698987881392
C-FVD,48.0,0,-0.02081045147031091
C-FVD,48.1,0,-0.01923816963249081
C-FVD,48.2,0,-0.017769246243963366
C-FVD,48.300000000000004,0,-0.0163982411978143
C-FVD,48.400000000000006,0,-0.015119886900517798
C-FVD,48.5,0,-0.013929092529163967
C-FVD,48.6,0,-0.012820947222113688
C-FVD,48.7,0,-0.011790722270248466
C-FVD,48.800000000000004,0,-0.010833872376556641
C-FVD,48.900000000000006,0,-0.009946036051838192
C-FVD,49.0,0,-0.009123035213956854
C-FVD,49.1,0,-0.00836087405723518
C-FVD,49.2,0,-0.007655737257422857
C-FVD,49.300000000000004,0,-0.007003987576142734
C-FVD,49.400000000000006,0,-0.00640216292689999
C-FVD,49.5,0,-0.005846972962656238
C-FVD,49.6,0,-0.005335295242687721
C-FVD,49.7,0,-0.004864171033901243
C-FVD,49.800000000000004,0,-0.00443080079923952
C-FVD,49.900000000000006,0,-0.004032539422913928
C-FVD,50.0,0,-0.0036668912194830483
C-FVD,50.1,0,-0.0033315047707880296
C-FVD,50.2,0,-0.0030241676318656374
C-FVD,50.300000000000004,0,-0.002742800943991597
C-FVD,50.400000000000006,0,-0.0024854539900704964
C-FVD,50.5,0,-0.0022502987246895145
C-FVD,50.6,0,-0.002035624308330597
C-FVD,50.7,0,-0.0018398316723970964
C-FVD,50.800000000000004,0,-0.0016614281391085228
C-FVD,50.900000000000006,0,-0.00149902211762587
C-FVD,51.0,0,-0.0013513178953594718
C-FVD,51.1,0,-0.0012171105409848337
C-FVD,51.2,0,-0.0010952809334590086
C-FVD,51.300000000000004,0,-0.0009847909292020063
C-FVD,51.400000000000006,0,-0.0008846786775933424
C-FVD,51.5,0,-0.0007940540930935214
C-FVD,51.6,0,-0.0007120944905310012
C-FVD,51.7,0,-0.0006380403885302144
C-FVD,51.800000000000004,0,-0.0005711914845498711
C-FVD,51.900000000000006,0,-0.0005109028036685004
C-FVD,52.0,0,-0.0004565810220373834
C-FVD,52.1,0,-0.00040768096483212446
C-FVD,52.2,0,-0.0003637022775091481
C-FVD,52.300000000000004,0,-0.00032418626835095665
C-FVD,52.400000000000006,0,-0.0002887129194917293
C-FVD,52.5,0,-0.000256898062957589
C-FVD,52.6,0,-0.00022839071766256325
C-FVD,52.7,0,-0.00020287058286605486
C-FVD,52.800000000000004,0,-0.00018004568316065672
C-FVD,52.900000000000006,0,-0.00015965015971630692
C-FVD,53.0,0,-0.0001414422023362505
C-FVD,53.1,0,-0.00012520211656941171
C-FVD,53.2,0,-0.00011073052012200435
C-FVD,53.300000000000004,0,-9.78466626282426e-05
C-FVD,53.400000000000006,0,-8.638686286133179e-05
C-FVD,53.5,0,-7.620305747657596e-05
C-FVD,53.6,0,-6.716145542107199e-05
C-FVD,53.7,0,-5.914129219952713e-05
C-FVD,53.800000000000004,0,-5.203367835271422e-05
C-FVD,53.900000000000006,0,-4.574053657790955e-05
C-FVD,54.0,0,-4.017362211783393e-05
C-FVD,54.1,0,-3.525362119560782e-05
C-FVD,54.2,0,-3.090932246330169e-05
C-FVD,54.300000000000004,0,-2.707685662706183e-05
C-FVD,54.400000000000006,0,-2.3698999600085813e-05
C-FVD,54.5,0,-2.072453476742453e-05
C-FVD,54.6,0,-1.810767015619774e-05
C-FVD,54.7,0,-1.580750645935325e-05
C-FVD,54.800000000000004,0,-1.3787552186173002e-05
C-FVD,54.900000000000006,0,-1.2015282294441931e-05
C-FVD,55.0,0,-1.0461736966504986e-05
C-FVD,55.1,0,-9.101157345980937e-06
C-FVD,55.2,0,-7.910655229537156e-06
C-FVD,55.300000000000004,0,-6.869913988793996e-06
C-FVD,55.400000000000006,0,-5.960918040059937e-06
C-FVD,55.5,0,-5.1677085206591755e-06
C-FVD,55.6,0,-4.476162835942432e-06
C-FVD,55.7,0,-3.873796057263235e-06
C-FVD,55.800000000000004,0,-3.3495821742945964e-06
C-FVD,55.900000000000006,0,-2.8937934466455317e-06
C-FVD,56.0,0,-2.497856181449265e-06
C-FVD,56.1,0,-2.1542214110326086e-06
C-FVD,56.2,0,-1.8562490957663158e-06
C-FVD,56.300000000000004,0,-1.598104521605137e-06
C-FVD,56.400000000000006,0,-1.3746657554492003e-06
C-FVD,56.5,0,-1.1814410463273362e-06
C-FVD,56.6,0,-1.01449522027508e-06
C-FVD,56.7,0,-8.703841292145853e-07
C-FVD,56.800000000000004,0,-7.46096375792149e-07
C-FVD,56.900000000000006,0,-6.390015396817716e-07
C-FVD,57.0,0,-5.468042587608579e-07
C-FVD,57.1,0,-4.675035132351013e-07
C-FVD,57.2,0,-3.993566117799219e-07
C-FVD,57.300000000000004,0,-3.4084732192241063e-07
C-FVD,57.400000000000006,0,-2.906577467598481e-07
C-FVD,57.5,0,-2.476434968201602e-07
C-FVD,57.6,0,-2.1081182133286802e-07
C-FVD,57.7,0,-1.793023578500197e-07
C-FVD,57.800000000000004,0,-1.5237020356551056e-07
C-FVD,57.900000000000006,0,-1.2937105076105126e-07
C-FVD,58.0,0,-1.0974814124153909e-07
C-FVD,58.1,0,-9.302083725515331e-08
C-FVD,58.2,0,-7.87746223807062e-08
C-FVD,58.300000000000004,0,-6.665234231206796e-08
C-FVD,58.400000000000006,0,-5.6346573629184604e-08
C-FVD,58.5,0,-4.75929500254324e-08
C-FVD,58.6,0,-4.016435006803931e-08
C-FVD,58.7,0,-3.386584168652007e-08
C-FVD,58.800000000000004,0,-2.8530276807714472e-08
C-FVD,58.900000000000006,0,-2.4014477517653177e-08
C-FVD,59.0,0,-2.0195903616126998e-08
C-FVD,59.1,0,-1.6969789129461788e-08
C-FVD,59.2,0,-1.424664475280224e-08
C-FVD,59.300000000000004,0,-1.1950106681979378e-08
C-FVD,59.400000000000006,0,-1.0015069662472342e-08
C-FVD,59.5,0,-8.386082939182415e-09
C-FVD,59.6,0,-7.015964698098287e-09
C-FVD,59.7,0,-5.864601249072621e-09
C-FVD,59.800000000000004,0,-4.897932726066756e-09
C-FVD,59.900000000000006,0,-4.087050697876293e-09
C-FVD,60.0,0,-3.4074556509722242e-09
C-FVD,60.1,0,-2.838399737470354e-09
C-FVD,60.2,0,-2.3623254463700505e-09
C-FVD,60.300000000000004,0,-1.9643948689918034e-09
C-FVD,60.400000000000006,0,-1.6320793605473227e-09
C-FVD,60.5,0,-1.3548042687716588e-09
C-FVD,60.6,0,-1.12365938775838e-09
C-FVD,60.7,0,-9.311431625746991e-10
C-FVD,60.800000000000004,0,-7.709388682997087e-10
C-FVD,60.900000000000006,0,-6.377458561246385e-10
C-FVD,61.0,0,-5.271054703825939e-10
C-FVD,61.1,0,-4.352820326403162e-10
C-FVD,61.2,0,-3.5914382578994264e-10
C-FVD,61.300000000000004,0,-2.9606539442283974e-10
C-FVD,61.400000000000006,0,-2.438529378423482e-10
C-FVD,61.5,0,-2.006750321470463e-10
C-FVD,61.6,0,-1.6500045774137106e-10
C-FVD,61.7,0,-1.355484613441149e-10
C-FVD,61.800000000000004,0,-1.1125678156531649e-10
C-FVD,61.900000000000006,0,-9.124079269895446e-11
C-FVD,62.0,0,-7.475975394299894e-11
C-FVD,62.1,0,-6.120259854469623e-11
C-FVD,62.2,0,-5.006128844797786e-11
C-FVD,62.300000000000004,0,-4.091127436822717e-11
C-FVD,62.400000000000006,0,-3.340616672176111e-11
C-FVD,62.5,0,-2.7252866630078643e-11
C-FVD,62.6,0,-2.2215118633539532e-11
C-FVD,62.7,0,-1.809219440929155e-11
C-FVD,62.800000000000004,0,-1.4720669128109876e-11
C-FVD,62.900000000000006,0,-1.1967316027039487e-11
C-FVD,63.0,0,-9.72200098203757e-12
C-FVD,63.1,0,-7.890577080615913e-12
C-FVD,63.2,0,-6.398437335519702e-12
C-FVD,63.300000000000004,0,-5.183409257369931e-12
C-FVD,63.400000000000006,0,-4.195754854663392e-12
C-FVD,63.5,0,-3.3928415632544784e-12
C-FVD,63.6,0,-2.7426949600339867e-12
C-FVD,63.7,0,-2.213340621892712e-12
C-FVD,63.800000000000004,0,-1.7852386235972517e-12
C-FVD,63.900000000000006,0,-1.4388490399142029e-12
C-FVD,64.0,0,-1.1581846592889633e-12
C-FVD,64.10000000000001,0,-9.325873406851315e-13
C-FVD,64.2,0,-7.496225862269057e-13
C-FVD,64.3,0,-6.021849685566849e-13
C-FVD,64.4,0,-4.831690603168681e-13
C-FVD,64.5,0,-3.872457909892546e-13
C-FVD,64.60000000000001,0,-3.1086244689504383e-13
C-FVD,64.7,0,-2.4868995751603507e-13
C-FVD,64.8,0,-1.9895196601282805e-13
C-FVD,64.9,0,-1.580957587066223e-13
C-FVD,65.0,0,-1.2612133559741778e-13
C-FVD,0.0,1,0.0
C-FVD,0.1,1,-0.10265701709150044
C-FVD,0.2,1,-0.16701089433007255
C-FVD,0.30000000000000004,1,-0.20440033807158287
C-FVD,0.4,1,-0.2229097046868489
C-FVD,0.5,1,-0.22829743396394875
C-FVD,0.6000000000000001,1,-0.22465946493612954
C-FVD,0.7000000000000001,1,-0.21490384233402438
C-FVD,0.8,1,-0.20109043767533308
C-FVD,0.9,1,-0.18467414404125115
C-FVD,1.0,1,-0.16667892705646103
C-FVD,1.1,1,-0.14782232347061708
C-FVD,1.2000000000000002,1,-0.12860442426358532
C-FVD,1.3,1,-0.10937140760528763
C-FVD,1.4000000000000001,1,-0.09036084177358106
C-FVD,1.5,1,-0.07173393743958556
C-FVD,1.6,1,-0.053598464146851654
C-FVD,1.7000000000000002,1,-0.03602499444009055
C-FVD,1.8,1,-0.019058384384532445
C-FVD,1.9000000000000001,1,-0.002725857579180868
C-FVD,2.0,1,0.012957328807637225
C-FVD,2.1,1,0.027983936091310113
C-FVD,2.2,1,0.042352014026628026
C-FVD,2.3000000000000003,1,0.05606303153056125
C-FVD,2.4000000000000004,1,0.06912061344831955
C-FVD,2.5,1,0.08152970191438413
C-FVD,2.6,1,0.09329601325941894
C-FVD,2.7,1,0.10442569886295772
C-FVD,2.8000000000000003,1,0.11492514510051599
C-FVD,2.9000000000000004,1,0.12480086662794854
C-FVD,3.0,1,0.13405946086714415
C-FVD,3.1,1,0.14270760126597892
C-FVD,3.2,1,0.15075205381929457
C-FVD,3.3000000000000003,1,0.14842012393710036
C-FVD,3.4000000000000004,1,0.13856978545832455
C-FVD,3.5,1,0.12395040722959116
C-FVD,3.6,1,0.10650467431547028
C-FVD,3.7,1,0.0875945708427377
C-FVD,3.8000000000000003,1,0.06816487278697991
C-FVD,3.9000000000000004,1,0.04886137715908312
C-FVD,4.0,1,0.030116354990825656
C-FVD,4.1000000000000005,1,0.012210271755973778
C-FVD,4.2,1,-0.00468367743457776
C-FVD,4.3,1,-0.020467477672156065
C-FVD,4.4,1,-0.03509521649100655
C-FVD,4.5,1,-0.04855653192933396
C-FVD,4.6000000000000005,1,-0.06086478450759891
C-FVD,4.7,1,-0.07204864695250812
C-FVD,4.800000000000001,1,-0.08214616460580082
C-FVD,4.9,1,-0.09120059973323436
C-FVD,5.0,1,-0.09925756168286703
C-FVD,5.1000000000000005,1,-0.10636306175508636
C-FVD,5.2,1,-0.11256223099957907
C-FVD,5.300000000000001,1,-0.11789851126614259
C-FVD,5.4,1,-0.12241318218054076
C-FVD,5.5,1,-0.12614512470868
C-FVD,5.6000000000000005,1,-0.12913074954113846
C-FVD,5.7,1,-0.13140403852635885
C-FVD,5.800000000000001,1,-0.13299666187434767
C-FVD,5.9,1,-0.1339381443484431
C-FVD,6.0,1,-0.13425606125394474
C-FVD,6.1000000000000005,1,-0.133976250514257
C-FVD,6.2,1,-0.1331230310767566
C-FVD,6.300000000000001,1,-0.13171942073293152
C-FVD,6.4,1,-0.12978734847656526
C-FVD,6.5,1,-0.1273478579839349
C-FVD,6.6000000000000005,1,-0.12442129984281003
C-FVD,6.7,1,-0.1210275109013832
C-FVD,6.800000000000001,1,-0.11718597963975697
C-FVD,6.9,1,-0.11291599684773601
C-FVD,7.0,1,-0.10823679116927742
C-FVD,7.1000000000000005,1,-0.10316764927745936
C-FVD,7.2,1,-0.09772802059911712
C-FVD,7.300000000000001,1,-0.09193760663112549
C-FVD,7.4,1,-0.08581643499224079
C-FVD,7.5,1,-0.07938491844451434
C-FVD,7.6000000000000005,1,-0.07266389920051886
C-FVD,7.7,1,-0.06567467891128231
C-FVD,7.800000000000001,1,-0.058439034806367474
C-FVD,7.9,1,-0.050979222532715696
C-FVD,8.0,1,-0.04331796631298701
C-FVD,8.1,1,-0.035478437116074346
C-FVD,8.200000000000001,1,-0.027484219602163407
C-FVD,8.3,1,-0.019359268670200436
C-FVD,8.4,1,-0.011127856496326416
C-FVD,8.5,1,-0.002814511005848175
C-FVD,8.6,1,0.005556053231675406
C-FVD,8.700000000000001,1,0.01395901065695071
C-FVD,8.8,1,0.022369505869251682
C-FVD,8.9,1,0.030762739194930333
C-FVD,9.0,1,0.03911405559551184
C-FVD,9.1,1,0.04739903583943139
C-FVD,9.200000000000001,1,0.05559358887747834
C-FVD,9.3,1,0.06367404438930535
C-FVD,9.4,1,0.07161724450728357
C-FVD,9.5,1,0.07940063377254347
C-FVD,9.600000000000001,1,0.08700234643737303
C-FVD,9.700000000000001,1,0.09440129029546185
C-FVD,9.8,1,0.10157722629694987
C-FVD,9.9,1,0.10851084328722749
C-FVD,10.0,1,0.11518382729529719
C-FVD,10.100000000000001,1,0.12157892488832722
C-FVD,10.200000000000001,1,0.1276800002021119
C-FVD,10.3,1,0.13347208535089194
C-FVD,10.4,1,0.13894142401346876
C-FVD,10.5,1,0.14407550808346414
C-FVD,10.600000000000001,1,0.1488631073597979
C-FVD,10.700000000000001,1,0.1532942923365539
C-FVD,10.8,1,0.157360450229314
C-FVD,10.9,1,0.1610542944458313
C-FVD,11.0,1,0.16436986777288176
C-FVD,11.100000000000001,1,0.1673025396065384
C-FVD,11.200000000000001,1,0.1698489976001767
C-FVD,11.3,1,0.17200723414277164
C-FVD,11.4,1,0.16935250273197688
C-FVD,11.5,1,0.1602792621523932
C-FVD,11.600000000000001,1,0.1472105287998744
C-FVD,11.700000000000001,1,0.13185405492882651
C-FVD,11.8,1,0.11540349419326112
C-FVD,11.9,1,0.09868369141218025
C-FVD,12.0,1,0.08225557347353529
C-FVD,12.100000000000001,1,0.06649183784107926
C-FVD,12.200000000000001,1,0.05163153241203666
C-FVD,12.3,1,0.03781937615394426
C-FVD,12.4,1,0.025134048286663102
C-FVD,12.5,1,0.013608502493678287
C-FVD,12.600000000000001,1,0.0032445166365882017
C-FVD,12.700000000000001,1,-0.005976922801037787
C-FVD,12.8,1,-0.014088244139852435
C-FVD,12.9,1,-0.021130083927277
C-FVD,13.0,1,-0.027147643685307088
C-FVD,13.100000000000001,1,-0.032188170690618634
C-FVD,13.200000000000001,1,-0.03629924472367563
C-FVD,13.3,1,-0.03952764056366931
C-FVD,13.4,1,-0.041918599674852786
C-FVD,13.5,1,-0.04351539069066135
C-FVD,13.600000000000001,1,-0.04435907177541765
C-FVD,13.700000000000001,1,-0.04448839221904244
C-FVD,13.8,1,-0.043939788225332066
C-FVD,13.9,1,-0.0427474406216799
C-FVD,14.0,1,-0.040943371474627455
C-FVD,14.100000000000001,1,-0.03855756330585436
C-FVD,14.200000000000001,1,-0.03561808946549583
C-FVD,14.3,1,-0.03215124774140676
C-FVD,14.4,1,-0.028181691832605438
C-FVD,14.5,1,-0.023732557159522827
C-FVD,14.600000000000001,1,-0.018825578816718647
C-FVD,14.700000000000001,1,-0.013481200436302743
C-FVD,14.8,1,-0.007718673423672939
C-FVD,14.9,1,-0.0015561465257256657
C-FVD,15.0,1,0.004989253951958261
C-FVD,15.100000000000001,1,0.011901352709335455
C-FVD,15.200000000000001,1,0.01916486205088752
C-FVD,15.3,1,0.026765325652045036
C-FVD,15.4,1,0.03468906854662279
C-FVD,15.5,1,0.042923152342607906
C-FVD,15.600000000000001,1,0.05145533465170793
C-FVD,15.700000000000001,1,0.06027403171701451
C-FVD,15.8,1,0.06936828323850364
C-FVD,15.9,1,0.07872771842574444
C-FVD,16.0,1,0.0883425223499863
C-FVD,16.1,1,0.09820340172172415
C-FVD,16.2,1,0.10830154928430069
C-FVD,16.3,1,0.11862860608880155
C-FVD,16.400000000000002,1,0.12917662099880722
C-FVD,16.5,1,0.13993800686552227
C-FVD,16.6,1,0.15090549291323896
C-FVD,16.7,1,0.16207207298119464
C-FVD,16.8,1,0.17343094937991665
C-FVD,16.900000000000002,1,0.1849754722364203
C-FVD,17.0,1,0.19669907432259492
C-FVD,17.1,1,0.2085952014830479
C-FVD,17.2,1,0.2175787762370156
C-FVD,17.3,1,0.22143006875855775
C-FVD,17.400000000000002,1,0.2220913462180505
C-FVD,17.5,1,0.2209425265863345
C-FVD,17.6,1,0.21895814582299877
C-FVD,17.7,1,0.2168207927279937
C-FVD,17.8,1,0.215003049547148
C-FVD,17.900000000000002,1,0.21382665461166894
C-FVD,18.0,1,0.21350519336838047
C-FVD,18.1,1,0.2141748789746849
C-FVD,18.2,1,0.21591672114156424
C-FVD,18.3,1,0.21877246906875314
C-FVD,18.400000000000002,1,0.22275605439508261
C-FVD,18.5,1,0.2278617829764098
C-FVD,18.6,1,0.23407017928977503
C-FVD,18.7,1,0.24135213770060204
C-FVD,18.8,1,0.24967185425331806
C-FVD,18.900000000000002,1,0.2589888819407715
C-FVD,19.0,1,0.2692595577693364
C-FVD,19.1,1,0.2804379813907705
C-FVD,19.200000000000003,1,0.29247667540949784
C-FVD,19.3,1,0.30532702148346935
C-FVD,19.400000000000002,1,0.3189395402471771
C-FVD,19.5,1,0.33326406416920307
C-FVD,19.6,1,0.34824983873797954
C-FVD,19.700000000000003,1,0.36384557741874524
C-FVD,19.8,1,0.3799994886051099
C-FVD,19.900000000000002,1,0.3966592875499497
C-FVD,20.0,1,0.41377220245762025
C-FVD,20.1,1,0.43128498115896186
C-FVD,20.200000000000003,1,0.44914390278506033
C-FVD,20.3,1,0.46729479739847335
C-FVD,20.400000000000002,1,0.48568307548075573
C-FVD,20.5,1,0.5042537684028972
C-FVD,20.6,1,0.5229515804423102
C-FVD,20.700000000000003,1,0.541720952498089
C-FVD,20.8,1,0.5605061373540963
C-FVD,20.900000000000002,1,0.5792512861166959
C-FVD,21.0,1,0.5979005452891801
C-FVD,21.1,1,0.6163981638220992
C-FVD,21.200000000000003,1,0.634688609387009
C-FVD,21.3,1,0.6527166930523443
C-FVD,21.400000000000002,1,0.6704277014889861
C-FVD,21.5,1,0.6877675357949684
C-FVD,21.6,1,0.7046828560023002
C-FVD,21.700000000000003,1,0.7211212303107253
C-FVD,21.8,1,0.7370312880829797
C-FVD,21.900000000000002,1,0.7523628756329419
C-FVD,22.0,1,0.767067213840507
C-FVD,22.1,1,0.7810970566348097
C-FVD,22.200000000000003,1,0.7944068493998948
C-FVD,22.3,1,0.8069528863731605
C-FVD,22.400000000000002,1,0.8186934661253922
C-FVD,22.5,1,0.8295890442321507
C-FVD,22.6,1,0.8396023822670919
C-FVD,22.700000000000003,1,0.848698692268032
C-FVD,22.8,1,0.8568457758450325
C-FVD,22.900000000000002,1,0.8640141571148607
C-FVD,23.0,1,0.8612754070981552
C-FVD,23.1,1,0.8512750141441927
C-FVD,23.200000000000003,1,0.8362626799183452
C-FVD,23.3,1,0.8178388860090902
C-FVD,23.400000000000002,1,0.7971399552500085
C-FVD,23.5,1,0.7749708296831059
C-FVD,23.6,1,0.7519003007786438
C-FVD,23.700000000000003,1,0.7283292829912877
C-FVD,23.8,1,0.7045397349958549
C-FVD,23.900000000000002,1,0.6807296859108511
C-FVD,24.0,1,0.657038282637
C-FVD,24.1,1,0.6335636689653938
C-FVD,24.200000000000003,1,0.6103757143741948
C-FVD,24.3,1,0.5875250419285969
C-FVD,24.400000000000002,1,0.565049396894393
C-FVD,24.5,1,0.5429781050311586
C-FVD,24.6,1,0.5213351594272844
C-FVD,24.700000000000003,1,0.5001413238178749
C-FVD,24.8,1,0.4794155318571498
C-FVD,24.900000000000002,1,0.45917578381509117
C-FVD,25.0,1,0.43943968604214945
C-FVD,25.1,1,0.4202247381366444
C-FVD,25.200000000000003,1,0.4015484436359973
C-FVD,25.3,1,0.3834282990633131
C-FVD,25.400000000000002,1,0.3658817010145565
C-FVD,25.5,1,0.3489258000321023
C-FVD,25.6,1,0.3325773220994055
C-FVD,25.700000000000003,1,0.31685237286192347
C-FVD,25.8,1,0.3017662355221429
C-FVD,25.900000000000002,1,0.28733317033245065
C-FVD,26.0,1,0.2735662214023673
C-FVD,26.1,1,0.26047703491986596
C-FVD,26.200000000000003,1,0.24807569169437116
C-FVD,26.3,1,0.2363705560451148
C-FVD,26.400000000000002,1,0.22536814239651903
C-FVD,26.5,1,0.21507300044104305
C-FVD,26.6,1,0.205487619345476
C-FVD,26.700000000000003,1,0.19661235117670728
C-FVD,26.8,1,0.18844535348504365
C-FVD,26.900000000000002,1,0.180982550790036
C-FVD,27.0,1,0.17421761455448603
C-FVD,27.1,1,0.16814196109773505
C-FVD,27.200000000000003,1,0.16274476678358596
C-FVD,27.3,1,0.15801299971766447
C-FVD,27.400000000000002,1,0.15393146709981487
C-FVD,27.5,1,0.1504828772981739
C-FVD,27.6,1,0.1476479156411994
C-FVD,27.700000000000003,1,0.14540533286154123
C-FVD,27.8,1,0.14373204507086967
C-FVD,27.900000000000002,1,0.14260324409782044
C-FVD,28.0,1,0.14199251698178728
C-FVD,28.1,1,0.14187197338419466
C-FVD,28.200000000000003,1,0.14221237965620226
C-FVD,28.3,1,0.14298329828790557
C-FVD,28.400000000000002,1,0.1441532314598568
C-FVD,28.5,1,0.14568976742286743
C-FVD,28.6,1,0.14755972844757537
C-FVD,28.700000000000003,1,0.1497293191110547
C-FVD,28.8,1,0.15216427372392083
C-FVD,28.900000000000002,1,0.15483000174803685
C-FVD,29.0,1,0.157691730112127
C-FVD,29.1,1,0.16071464139937142
C-FVD,29.200000000000003,1,0.16386400695795977
C-FVD,29.3,1,0.16710531407073326
C-FVD,29.400000000000002,1,0.17040438641380717
C-FVD,29.5,1,0.17372749713474
C-FVD,29.6,1,0.17704147398720949
C-FVD,29.700000000000003,1,0.18031379607080922
C-FVD,29.8,1,0.18351268183951497
C-FVD,29.900000000000002,1,0.18660716815857903
C-FVD,30.0,1,0.18956718030733377
C-FVD,30.1,1,0.19236359294121108
C-FVD,30.200000000000003,1,0.19496828213943296
C-FVD,30.3,1,0.19735416877434098
C-FVD,30.400000000000002,1,0.1994952535410306
C-FVD,30.5,1,0.20136664408275884
C-FVD,30.6,1,0.20294457473450223
C-FVD,30.700000000000003,1,0.20420641948469154
C-FVD,30.8,1,0.2051306988223942
C-FVD,30.900000000000002,1,0.19778159896483238
C-FVD,31.0,1,0.1822443726020495
C-FVD,31.1,1,0.1615130916339389
C-FVD,31.200000000000003,1,0.13769857192385082
C-FVD,31.3,1,0.11227651703448416
C-FVD,31.400000000000002,1,0.08626671289515642
C-FVD,31.5,1,0.060362417102647115
C-FVD,31.6,1,0.035023772013762056
C-FVD,31.700000000000003,1,0.010545223903969614
C-FVD,31.8,1,-0.012895847004138261
C-FVD,31.900000000000002,1,-0.03520408378314421
C-FVD,32.0,1,-0.056340939401849255
C-FVD,32.1,1,-0.0763065760003041
C-FVD,32.2,1,-0.09512691143385155
C-FVD,32.300000000000004,1,-0.11284439018970183
C-FVD,32.4,1,-0.1295114478804198
C-FVD,32.5,1,-0.14518592216938764
C-FVD,32.6,1,-0.15992786835919048
C-FVD,32.7,1,-0.1737973866955329
C-FVD,32.800000000000004,1,-0.18685317635713616
C-FVD,32.9,1,-0.19915160940471743
C-FVD,33.0,1,-0.21074617480476654
C-FVD,33.1,1,-0.22168718391951003
C-FVD,33.2,1,-0.23202165883191128
C-FVD,33.300000000000004,1,-0.2417933466452915
C-FVD,33.4,1,-0.25104281870391176
C-FVD,33.5,1,-0.25980762515236755
C-FVD,33.6,1,-0.26812248356978685
C-FVD,33.7,1,-0.27601948644230134
C-FVD,33.800000000000004,1,-0.2835283165977298
C-FVD,33.9,1,-0.29067646287819215
C-FVD,34.0,1,-0.2974894305999225
C-FVD,34.1,1,-0.3039909429888574
C-FVD,34.2,1,-0.31020313096088437
C-FVD,34.300000000000004,1,-0.31614670946686196
C-FVD,34.4,1,-0.32184113923831426
C-FVD,34.5,1,-0.3273047732177403
C-FVD,34.6,1,-0.3325549872885709
C-FVD,34.7,1,-0.337608295169348
C-FVD,34.800000000000004,1,-0.3424804475301251
C-FVD,34.9,1,-0.3471865155455536
C-FVD,35.0,1,-0.35174095923126103
C-FVD,35.1,1,-0.3561576810264828
C-FVD,35.2,1,-0.36045006519252
C-FVD,35.300000000000004,1,-0.3646310036973386
C-FVD,35.4,1,-0.3687129093532633
C-FVD,35.5,1,-0.37270771706693395
C-FVD,35.6,1,-0.376626874150789
C-FVD,35.7,1,-0.38048132072953855
C-FVD,35.800000000000004,1,-0.38428146135463237
C-FVD,35.9,1,-0.3880371290116642
C-FVD,36.0,1,-0.3917575427689748
C-FVD,36.1,1,-0.39545126036879275
C-FVD,36.2,1,-0.3991261271032531
C-FVD,36.300000000000004,1,-0.40278922234503156
C-FVD,36.4,1,-0.4064468051156318
C-FVD,36.5,1,-0.4101042600710425
C-FVD,36.6,1,-0.4137660452651364
C-FVD,36.7,1,-0.41743564301493663
C-FVD,36.800000000000004,1,-0.42111551513751166
C-FVD,36.9,1,-0.4248070637578856
C-FVD,37.0,1,-0.42851059879948217
C-FVD,37.1,1,-0.43222531316532375
C-FVD,37.2,1,-0.43594926650037813
C-FVD,37.300000000000004,1,-0.43967937829407333
C-FVD,37.4,1,-0.4434114309392889
C-FVD,37.5,1,-0.44714008321256316
C-FVD,37.6,1,-0.450858894480767
C-FVD,37.7,1,-0.45456035977555054
C-FVD,37.800000000000004,1,-0.4582359557112614
C-FVD,37.9,1,-0.4618761970564922
C-FVD,38.0,1,-0.46547070360691123
C-FVD,38.1,1,-0.4690082768513122
C-FVD,38.2,1,-0.47247698577430697
C-FVD,38.300000000000004,1,-0.4758642610026005
C-FVD,38.400000000000006,1,-0.4791569963776663
C-FVD,38.5,1,-0.4823416569287051
C-FVD,38.6,1,-0.4854043921277942
C-FVD,38.7,1,-0.4883311532345562
C-FVD,38.800000000000004,1,-0.49110781348289656
C-FVD,38.900000000000006,1,-0.49372028982623384
C-FVD,39.0,1,-0.4961546649417361
C-FVD,39.1,1,-0.49839730819734207
C-FVD,39.2,1,-0.5004349943078612
C-FVD,39.300000000000004,1,-0.5022550184466255
C-FVD,39.400000000000006,1,-0.5067989277846277
C-FVD,39.5,1,-0.5171854219477723
C-FVD,39.6,1,-0.5310244330087421
C-FVD,39.7,1,-0.5466283237287577
C-FVD,39.800000000000004,1,-0.5628168779405165
C-FVD,39.900000000000006,1,-0.5787756823643875
C-FVD,40.0,1,-0.5939533401558688
C-FVD,40.1,1,-0.6079869207316424
C-FVD,40.2,1,-0.6206479391858704
C-FVD,40.300000000000004,1,-0.6318032604868495
C-FVD,40.400000000000006,1,-0.6413868519258301
C-FVD,40.5,1,-0.6493794183207307
C-FVD,40.6,1,-0.6557937622908501
C-FVD,40.7,1,-0.6606642994496532
C-FVD,40.800000000000004,1,-0.6640395858433923
C-FVD,40.900000000000006,1,-0.6659770261125235
C-FVD,41.0,1,-0.6665391574058042
C-FVD,41.1,1,-0.66579106907915
C-FVD,41.2,1,-0.6637986384067478
C-FVD,41.300000000000004,1,-0.6606273500937316
C-FVD,41.400000000000006,1,-0.6563415311643297
C-FVD,41.5,1,-0.6510038792545032
C-FVD,41.6,1,-0.6446751961590209
C-FVD,41.7,1,-0.6374142630917667
C-FVD,41.800000000000004,1,-0.6292778120100575
C-FVD,41.900000000000006,1,-0.6203205603482029
C-FVD,42.0,1,-0.6105952859292092
C-FVD,42.1,1,-0.6001529256462774
C-FVD,42.2,1,-0.589042686432542
C-FVD,42.300000000000004,1,-0.5773121605863025
C-FVD,42.400000000000006,1,-0.565007440063864
C-FVD,42.5,1,-0.5521732261698489
C-FVD,42.6,1,-0.5388529323648488
C-FVD,42.7,1,-0.525088778819006
C-FVD,42.800000000000004,1,-0.5109218779738036
C-FVD,42.900000000000006,1,-0.4963923108116024
C-FVD,43.0,1,-0.4815391938286222
C-FVD,43.1,1,-0.46640073690393713
C-FVD,43.2,1,-0.4510142923840803
C-FVD,43.300000000000004,1,-0.435416395781969
C-FVD,43.400000000000006,1,-0.41964279853446484
C-FVD,43.5,1,-0.4037284932876748
C-FVD,43.6,1,-0.38770773218904075
C-FVD,43.7,1,-0.3716140386670066
C-FVD,43.800000000000004,1,-0.3554802131763921
C-FVD,43.900000000000006,1,-0.3393383333815567
C-FVD,44.0,1,-0.32321974924368213
C-FVD,44.1,1,-0.3071550734720798
C-FVD,44.2,1,-0.29117416779341276
C-FVD,44.300000000000004,1,-0.27530612548823363
C-FVD,44.400000000000006,1,-0.2595792506390353
C-FVD,44.5,1,-0.2440210345298155
C-FVD,44.6,1,-0.22865812963305565
C-FVD,44.7,1,-0.2135163216147049
C-FVD,44.800000000000004,1,-0.19862049978295993
C-FVD,44.900000000000006,1,-0.18399462639959197
C-FVD,45.0,1,-0.16966170526541013
C-FVD,45.1,1,-0.15564374998205643
C-FVD,45.2,1,-0.1419617522819241
C-FVD,45.300000000000004,1,-0.1286356508055615
C-FVD,45.400000000000006,1,-0.11568430069226388
C-FVD,45.5,1,-0.10312544433380566
C-FVD,45.6,1,-0.09097568362462383
C-FVD,45.7,1,-0.07925045402325459
C-FVD,45.800000000000004,1,-0.06796400072033215
C-FVD,45.900000000000006,1,-0.05712935718804246
C-FVD,46.0,1,-0.049105199023115276
C-FVD,46.1,1,-0.04672202258389291
C-FVD,46.2,1,-0.04805526755557388
C-FVD,46.300000000000004,1,-0.05173731594883968
C-FVD,46.400000000000006,1,-0.05680218501233725
C-FVD,46.5,1,-0.06257301193432063
C-FVD,46.6,1,-0.06858059164070873
C-FVD,46.7,1,-0.0745044393990959
C-FVD,46.800000000000004,1,-0.08013018737078959
C-FVD,46.900000000000006,1,-0.08531882307682004
C-FVD,47.0,1,-0.08998451111817829
C-FVD,47.1,1,-0.09407863441497
C-FVD,47.2,1,-0.09757834040099311
C-FVD,47.300000000000004,1,-0.10047834847739168
C-FVD,47.400000000000006,1,-0.10278511658141376
C-FVD,47.5,1,-0.10451271250210326
C-FVD,47.6,1,-0.1056799153434671
C-FVD,47.7,1,-0.10630820297818921
C-FVD,47.800000000000004,1,-0.10642037599521004
C-FVD,47.900000000000006,1,-0.10603963734022415
C-FVD,48.0,1,-0.105188996702692
C-FVD,48.1,1,-0.10389090488057917
C-FVD,48.2,1,-0.10216704960403789
C-FVD,48.300000000000004,1,-0.10003826334259003
C-FVD,48.400000000000006,1,-0.09752450743084395
C-FVD,48.5,1,-0.09464490686074001
C-FVD,48.6,1,-0.0914178173441691
C-FVD,48.7,1,-0.08786091150576247
C-FVD,48.800000000000004,1,-0.08399127487041369
C-FVD,48.900000000000006,1,-0.07982550506292796
C-FVD,49.0,1,-0.07537980962762703
C-FVD,49.1,1,-0.0706700993148317
C-FVD,49.2,1,-0.0657120747205262
C-FVD,49.300000000000004,1,-0.06052130491681673
C-FVD,49.400000000000006,1,-0.05511329725385217
C-FVD,49.5,1,-0.04950355790673733
C-FVD,49.6,1,-0.04370764302612429
C-FVD,49.7,1,-0.03774120055804886
C-FVD,49.800000000000004,1,-0.03162000294975087
C-FVD,49.900000000000006,1,-0.025359971068798615
C-FVD,50.0,1,-0.018977189744083134
C-FVD,50.1,1,-0.012487915396469873
C-FVD,50.2,1,-0.005908576271062671
C-FVD,50.300000000000004,1,0.0007442341862162749
C-FVD,50.400000000000006,1,0.0074537702431829445
C-FVD,50.5,1,0.01420315250851445
C-FVD,50.6,1,0.020975391686276268
C-FVD,50.7,1,0.02775341687088506
C-FVD,50.800000000000004,1,0.03452010780039316
C-FVD,50.900000000000006,1,0.04125833049464234
C-FVD,51.0,1,0.04795097571863849
C-FVD,51.1,1,0.05458099973030173
C-FVD,51.2,1,0.06113146679370196
C-FVD,51.300000000000004,1,0.06758559296507904
C-FVD,51.400000000000006,1,0.07392679068903085
C-FVD,51.5,1,0.08013871377444026
C-FVD,51.6,1,0.08620530235506685
C-FVD,51.7,1,0.0847889699518305
C-FVD,51.800000000000004,1,0.07832137433530484
C-FVD,51.900000000000006,1,0.06857267177209181
C-FVD,52.0,1,0.056801256206640005
C-FVD,52.1,1,0.043896701899964086
C-FVD,52.2,1,0.03048315214275199
C-FVD,52.300000000000004,1,0.01699407998346736
C-FVD,52.400000000000006,1,0.0037263318165106085
C-FVD,52.5,1,-0.009120821551666936
C-FVD,52.6,1,-0.021417484590129376
C-FVD,52.7,1,-0.03308279080215648
C-FVD,52.800000000000004,1,-0.04407024199525722
C-FVD,52.900000000000006,1,-0.05435716338979013
C-FVD,53.0,1,-0.06393713807714185
C-FVD,53.1,1,-0.07281459775938082
C-FVD,53.2,1,-0.08100097355006675
C-FVD,53.300000000000004,1,-0.08851197486576012
C-FVD,53.400000000000006,1,-0.095365683404669
C-FVD,53.5,1,-0.10158123540628061
C-FVD,53.6,1,-0.10717792785616176
C-FVD,53.7,1,-0.11217462958418878
C-FVD,53.800000000000004,1,-0.1165894110335941
C-FVD,53.900000000000006,1,-0.12043933027822362
C-FVD,54.0,1,-0.12374033011647256
C-FVD,54.1,1,-0.12650721357072214
C-FVD,54.2,1,-0.1287536741740496
C-FVD,54.300000000000004,1,-0.13049236397648656
C-FVD,54.400000000000006,1,-0.13173498693699237
C-FVD,54.5,1,-0.13249240878388768
C-FVD,54.6,1,-0.13277477688578898
C-FVD,54.7,1,-0.1325916454413143
C-FVD,54.800000000000004,1,-0.1319521025606054
C-FVD,54.900000000000006,1,-0.1308648967124455
C-FVD,55.0,1,-0.12933856065138194
C-FVD,55.1,1,-0.12738153139140174
C-FVD,55.2,1,-0.1250022651123146
C-FVD,55.300000000000004,1,-0.12220934610939693
C-FVD,55.400000000000006,1,-0.11901158905746634
C-FVD,55.5,1,-0.115418133975556
C-FVD,55.6,1,-0.11143853336506915
C-FVD,55.7,1,-0.10708283106328231
C-FVD,55.800000000000004,1,-0.10236163241297191
C-FVD,55.900000000000006,1,-0.09728616540380486
C-FVD,56.0,1,-0.0918683324959968
C-FVD,56.1,1,-0.08612075289356547
C-FVD,56.2,1,-0.08005679509615504
C-FVD,56.300000000000004,1,-0.07369059962386437
C-FVD,56.400000000000006,1,-0.06703709188085227
C-FVD,56.5,1,-0.060111985198631146
C-FVD,56.6,1,-0.052931774179777236
C-FVD,56.7,1,-0.045513718545231896
C-FVD,56.800000000000004,1,-0.037875817772109244
C-FVD,56.900000000000006,1,-0.03003677689403439
C-FVD,57.0,1,-0.022015963918788017
C-FVD,57.1,1,-0.013833359399061607
C-FVD,57.2,1,-0.005509498768232035
C-FVD,57.300000000000004,1,0.0029345918761496392
C-FVD,57.400000000000006,1,0.01147746579503206
C-FVD,57.5,1,0.020097330635493904
C-FVD,57.6,1,0.02877212761698189
C-FVD,57.7,1,0.037479613994863215
C-FVD,57.800000000000004,1,0.04619744789644464
C-FVD,57.900000000000006,1,0.054903274613501196
C-FVD,58.0,1,0.06357481343607851
C-FVD,58.1,1,0.0721899441252436
C-FVD,58.2,1,0.08072679214798661
C-FVD,58.300000000000004,1,0.08916381183501088
C-FVD,58.400000000000006,1,0.09747986666996766
C-FVD,58.5,1,0.10565430597824133
C-FVD,58.6,1,0.1136670373512878
C-FVD,58.7,1,0.12149859421948328
C-FVD,58.800000000000004,1,0.12913019806987158
C-FVD,58.900000000000006,1,0.13654381489431877
C-FVD,59.0,1,0.14372220554719561
C-FVD,59.1,1,0.1506489697869764
C-FVD,59.2,1,0.1573085838731778
C-FVD,59.300000000000004,1,0.16368643168568298
C-FVD,59.400000000000006,1,0.1697688294271753
C-FVD,59.5,1,0.17554304405949672
C-FVD,59.6,1,0.18099730570893868
C-FVD,59.7,1,0.18045540955258055
C-FVD,59.800000000000004,1,0.17110220381651509
C-FVD,59.900000000000006,1,0.15607902751041713
C-FVD,60.0,1,0.13760967493162646
C-FVD,60.1,1,0.11725744727505649
C-FVD,60.2,1,0.09611095722921625
C-FVD,60.300000000000004,1,0.07491839870159467
C-FVD,60.400000000000006,1,0.05418454926835459
C-FVD,60.5,1,0.03424082113120619
C-FVD,60.6,1,0.015295816425336284
C-FVD,60.7,1,-0.0025282238367498877
C-FVD,60.800000000000004,1,-0.019169180260588448
C-FVD,60.900000000000006,1,-0.03460620577110696
C-FVD,61.0,1,-0.048846225816575384
C-FVD,61.1,1,-0.06191431011282589
C-FVD,61.2,1,-0.07384684501043282
C-FVD,61.300000000000004,1,-0.08468673020663608
C-FVD,61.400000000000006,1,-0.09448003694793883
C-FVD,61.5,1,-0.1032737195644966
C-FVD,61.6,1,-0.11111408436747183
C-FVD,61.7,1,-0.11804580134069731
C-FVD,61.800000000000004,1,-0.12411130313832786
C-FVD,61.900000000000006,1,-0.12935045878699825
C-FVD,62.0,1,-0.133800440623558
C-FVD,62.1,1,-0.13749572559374812
C-FVD,62.2,1,-0.1404681884273149
C-FVD,62.300000000000004,1,-0.142747256086043
C-FVD,62.400000000000006,1,-0.14436010148297562
C-FVD,62.5,1,-0.14533186069059312
C-FVD,62.6,1,-0.14568586234232406
C-FVD,62.7,1,-0.14544386116168972
C-FVD,62.800000000000004,1,-0.14462626987078586
C-FVD,62.900000000000006,1,-0.1432523853862211
C-FVD,63.0,1,-0.14134060639165824
C-FVD,63.1,1,-0.13890864021324134
C-FVD,63.2,1,-0.13597369751708221
C-FVD,63.300000000000004,1,-0.13255267376749913
C-FVD,63.400000000000006,1,-0.12866231668206574
C-FVD,63.5,1,-0.12431937913385482
C-FVD,63.6,1,-0.1195407571093341
C-FVD,63.7,1,-0.1143436124518562
C-FVD,63.800000000000004,1,-0.10874548022034602
C-FVD,63.900000000000006,1,-0.10276436057956317
C-FVD,64.0,1,-0.09641879522077268
C-FVD,64.10000000000001,1,-0.08972792839151467
C-FVD,64.2,1,-0.08271155269620678
C-FVD,64.3,1,-0.07539013991473453
C-FVD,64.4,1,-0.0677848571744395
C-FVD,64.5,1,-0.05991756890344746
C-FVD,64.60000000000001,1,-0.0518108250866991
C-FVD,64.7,1,-0.043487836440636585
C-FVD,64.8,1,-0.03497243721592014
C-FVD,64.9,1,-0.026289036428584822
C-FVD,65.0,1,-0.0174625584061463
C-FVD,0.0,2,0.0
C-FVD,0.1,2,-0.08342222095240004
C-FVD,0.2,2,-0.1586642510440175
C-FVD,0.30000000000000004,2,-0.2220330683394547
C-FVD,0.4,2,-0.2725557613155072
C-FVD,0.5,2,-0.3107414734988563
C-FVD,0.6000000000000001,2,-0.33782494258554685
C-FVD,0.7000000000000001,2,-0.3553184940156715
C-FVD,0.8,2,-0.36475870530457755
C-FVD,0.9,2,-0.36757363971973156
C-FVD,1.0,2,-0.3650228764510324
C-FVD,1.1,2,-0.35817991563459906
C-FVD,1.2000000000000002,2,-0.3479378904364623
C-FVD,1.3,2,-0.3350268856547327
C-FVD,1.4000000000000001,2,-0.32003589269537613
C-FVD,1.5,2,-0.3034354270952502
C-FVD,1.6,2,-0.2855986988504444
C-FVD,1.7000000000000002,2,-0.26682035735848864
C-FVD,1.8,2,-0.24733249597131213
C-FVD,1.9000000000000001,2,-0.22731796949033445
C-FVD,2.0,2,-0.20692126445573322
C-FVD,2.1,2,-0.18625723967174856
C-FVD,2.2,2,-0.16541806942747428
C-FVD,2.3000000000000003,2,-0.14447870328769952
C-FVD,2.4000000000000004,2,-0.1235011218132307
C-FVD,2.5,2,-0.10253762754605589
C-FVD,2.6,2,-0.08163337089987266
C-FVD,2.7,2,-0.060828274230537716
C-FVD,2.8000000000000003,2,-0.040158485613883244
C-FVD,2.9000000000000004,2,-0.019657467032212494
C-FVD,3.0,2,0.0006432004697067839
C-FVD,3.1,2,0.020713230047403997
C-FVD,3.2,2,0.04052321047421259
C-FVD,3.3000000000000003,2,0.060044316788518515
C-FVD,3.4000000000000004,2,0.07751855815152808
C-FVD,3.5,2,0.09211765356474011
C-FVD,3.6,2,0.10368078753723431
C-FVD,3.7,2,0.11240219938881957
C-FVD,3.8000000000000003,2,0.11864161334591294
C-FVD,3.9000000000000004,2,0.12281324060972842
C-FVD,4.0,2,0.12532421852344378
C-FVD,4.1000000000000005,2,0.12654349290291123
C-FVD,4.2,2,0.12678890482542293
C-FVD,4.3,2,0.12632470983512611
C-FVD,4.4,2,0.12536468467175155
C-FVD,4.5,2,0.12407787444218066
C-FVD,4.6000000000000005,2,0.1225952477014669
C-FVD,4.7,2,0.12101629171290895
C-FVD,4.800000000000001,2,0.11941505182642587
C-FVD,4.9,2,0.11784540174943992
C-FVD,5.0,2,0.11634549439893149
C-FVD,5.1000000000000005,2,0.11494143113999478
C-FVD,5.2,2,0.11365022976909245
C-FVD,5.300000000000001,2,0.11248218728994352
C-FVD,5.4,2,0.11144273413336236
C-FVD,5.5,2,0.11053386925609132
C-FVD,5.6000000000000005,2,0.10975525488285953
C-FVD,5.7,2,0.10910503805260241
C-FVD,5.800000000000001,2,0.10858045496519608
C-FVD,5.9,2,0.10448642346067238
C-FVD,6.0,2,0.09144210092868121
C-FVD,6.1000000000000005,2,0.07283310110926777
C-FVD,6.2,2,0.051052545889724854
C-FVD,6.300000000000001,2,0.027778914030346158
C-FVD,6.4,2,0.004176872810939258
C-FVD,6.5,2,-0.018957580970136334
C-FVD,6.6000000000000005,2,-0.04109224481841345
C-FVD,6.7,2,-0.061882952570114114
C-FVD,6.800000000000001,2,-0.081118881926459
C-FVD,6.9,2,-0.09868310836289851
C-FVD,7.0,2,-0.1145241979424032
C-FVD,7.1000000000000005,2,-0.12863579467713748
C-FVD,7.2,2,-0.14104199797245975
C-FVD,7.300000000000001,2,-0.1517869326692125
C-FVD,7.4,2,-0.16092735327049645
C-FVD,7.5,2,-0.168527441854037
C-FVD,7.6000000000000005,2,-0.17465518958074888
C-FVD,7.7,2,-0.1793799188479852
C-FVD,7.800000000000001,2,-0.1827706244750562
C-FVD,7.9,2,-0.1848949004611935
C-FVD,8.0,2,-0.18581828293584834
C-FVD,8.1,2,-0.18560388652396753
C-FVD,8.200000000000001,2,-0.18431224525052414
C-FVD,8.3,2,-0.1820012937739488
C-FVD,8.4,2,-0.17872644268117632
C-FVD,8.5,2,-0.17454071462507237
C-FVD,8.6,2,-0.16949491756553314
C-FVD,8.700000000000001,2,-0.16363783825674894
C-FVD,8.8,2,-0.1570164441077786
C-FVD,8.9,2,-0.1496760851457264
C-FVD,9.0,2,-0.14166069040494733
C-FVD,9.1,2,-0.13301295492448162
C-FVD,9.200000000000001,2,-0.12377451486061375
C-FVD,9.3,2,-0.11398610915635565
C-FVD,9.4,2,-0.1036877268641696
C-FVD,9.5,2,-0.09291873966853004
C-FVD,9.600000000000001,2,-0.08171801946129165
C-FVD,9.700000000000001,2,-0.07012404102538561
C-FVD,9.8,2,-0.0581749700140719
C-FVD,9.9,2,-0.04590873649607907
C-FVD,10.0,2,-0.03336309438846463
C-FVD,10.100000000000001,2,-0.020575667131232933
C-FVD,10.200000000000001,2,-0.007583979980021027
C-FVD,10.3,2,0.005574520689076934
C-FVD,10.4,2,0.01886246064963082
C-FVD,10.5,2,0.03224254323563791
C-FVD,10.600000000000001,2,0.0456775664315785
C-FVD,10.700000000000001,2,0.059130451148572405
C-FVD,10.8,2,0.07256428015513627
C-FVD,10.9,2,0.08594234708843373
C-FVD,11.0,2,0.09922821492467016
C-FVD,11.100000000000001,2,0.11238578323734139
C-FVD,11.200000000000001,2,0.12537936352102363
C-FVD,11.3,2,0.13817376180703356
C-FVD,11.4,2,0.150734367748246
C-FVD,11.5,2,0.16224462730685474
C-FVD,11.600000000000001,2,0.17179650491722498
C-FVD,11.700000000000001,2,0.17911893983640859
C-FVD,11.8,2,0.1842883596898055
C-FVD,11.9,2,0.18755182924476266
C-FVD,12.0,2,0.1892223844731813
C-FVD,12.100000000000001,2,0.18961993412571054
C-FVD,12.200000000000001,2,0.18904036642451238
C-FVD,12.3,2,0.1877416579056863
C-FVD,12.4,2,0.18593985246070766
C-FVD,12.5,2,0.18381044707192729
C-FVD,12.600000000000001,2,0.18149245249773927
C-FVD,12.700000000000001,2,0.17909350755338593
C-FVD,12.8,2,0.17669512704094004
C-FVD,12.9,2,0.174357598055348
C-FVD,13.0,2,0.1721243019897134
C-FVD,13.100000000000001,2,0.1700253926073767
C-FVD,13.200000000000001,2,0.16808084499541387
C-FVD,13.3,2,0.16630293262391582
C-FVD,13.4,2,0.16469820713153105
C-FVD,13.5,2,0.16326905859349594
C-FVD,13.600000000000001,2,0.1620149295714466
C-FVD,13.700000000000001,2,0.160933248227348
C-FVD,13.8,2,0.16002013656408387
C-FVD,13.9,2,0.1592709407401216
C-FVD,14.0,2,0.15780067156059197
C-FVD,14.100000000000001,2,0.14912593441331268
C-FVD,14.200000000000001,2,0.13605752035481444
C-FVD,14.3,2,0.12057722014924188
C-FVD,14.4,2,0.10407066365167061
C-FVD,14.5,2,0.08749545963381777
C-FVD,14.600000000000001,2,0.07150258435620671
C-FVD,14.700000000000001,2,0.05652399396944752
C-FVD,14.8,2,0.042835832385810235
C-FVD,14.9,2,0.030604001876380238
C-FVD,15.0,2,0.019916983744693084
C-FVD,15.100000000000001,2,0.010809440101430923
C-FVD,15.200000000000001,2,0.0032791491293178154
C-FVD,15.3,2,-0.0027008801714316633
C-FVD,15.4,2,-0.007173777959419425
C-FVD,15.5,2,-0.01019270118839799
C-FVD,15.600000000000001,2,-0.011816538532450238
C-FVD,15.700000000000001,2,-0.012106925249872447
C-FVD,15.8,2,-0.011126200428778432
C-FVD,15.9,2,-0.008936040360831399
C-FVD,16.0,2,-0.005596575237746038
C-FVD,16.1,2,-0.0011658496386797168
C-FVD,16.2,2,0.0043004740723802115
C-FVD,16.3,2,0.01074924227384777
C-FVD,16.400000000000002,2,0.018129819023046778
C-FVD,16.5,2,0.026394015125053016
C-FVD,16.6,2,0.03549596435418856
C-FVD,16.7,2,0.0453919660962665
C-FVD,16.8,2,0.05604030807110583
C-FVD,16.900000000000002,2,0.06740107874657397
C-FVD,17.0,2,0.07943597613970255
C-FVD,17.1,2,0.09210811760996229
C-FVD,17.2,2,0.10538185375804332
C-FVD,17.3,2,0.11867628276087139
C-FVD,17.400000000000002,2,0.13115007482976004
C-FVD,17.5,2,0.14249884379380973
C-FVD,17.6,2,0.15272078040544734
C-FVD,17.7,2,0.16197085042865922
C-FVD,17.8,2,0.1704724837486431
C-FVD,17.900000000000002,2,0.17846609185019346
C-FVD,18.0,2,0.18618078144540995
C-FVD,18.1,2,0.19382035634943762
C-FVD,18.2,2,0.20155785495483158
C-FVD,18.3,2,0.20953496249214965
C-FVD,18.400000000000002,2,0.21786401196339433
C-FVD,18.5,2,0.22663118157368167
C-FVD,18.6,2,0.23590007035409144
C-FVD,18.7,2,0.24571519615678383
C-FVD,18.8,2,0.2561051844166702
C-FVD,18.900000000000002,2,0.2670855508610721
C-FVD,19.0,2,0.2786610591100249
C-FVD,19.1,2,0.2908276761506521
C-FVD,19.200000000000003,2,0.3035741688555085
C-FVD,19.3,2,0.31688339196205284
C-FVD,19.400000000000002,2,0.3307333178815881
C-FVD,19.5,2,0.34509785486127065
C-FVD,19.6,2,0.35994749449894137
C-FVD,19.700000000000003,2,0.3752498236357873
C-FVD,19.8,2,0.38767222871150153
C-FVD,19.900000000000002,2,0.3950356532528758
C-FVD,20.0,2,0.3993003956792798
C-FVD,20.1,2,0.4018478325691266
C-FVD,20.200000000000003,2,0.40364247432206746
C-FVD,20.3,2,0.40534898179949685
C-FVD,20.400000000000002,2,0.40741664209053674
C-FVD,20.5,2,0.41014033968207997
C-FVD,20.6,2,0.4137045512157975
C-FVD,20.700000000000003,2,0.4182150783995393
C-FVD,20.8,2,0.4237219236280456
C-FVD,20.900000000000002,2,0.4302357671116077
C-FVD,21.0,2,0.43773982163060055
C-FVD,21.1,2,0.4461983482077496
C-FVD,21.200000000000003,2,0.45556276013785
C-FVD,21.3,2,0.46577598578800483
C-FVD,21.400000000000002,2,0.4767755748731197
C-FVD,21.5,2,0.488495898689159
C-FVD,21.6,2,0.5008696977478451
C-FVD,21.700000000000003,2,0.5138291600848657
C-FVD,21.8,2,0.5273066627632641
C-FVD,21.900000000000002,2,0.5412352723872615
C-FVD,22.0,2,0.5555490738968984
C-FVD,22.1,2,0.5701833777211132
C-FVD,22.200000000000003,2,0.5850748414970575
C-FVD,22.3,2,0.6001615325457461
C-FVD,22.400000000000002,2,0.6153829500657668
C-FVD,22.5,2,0.6306800207950101
C-FVD,22.6,2,0.6459950781375738
C-FVD,22.700000000000003,2,0.6612718320524191
C-FVD,22.8,2,0.6764553350577565
C-FVD,22.900000000000002,2,0.6914919483060853
C-FVD,23.0,2,0.7063293106742705
C-FVD,23.1,2,0.7193417458579141
C-FVD,23.200000000000003,2,0.7297647720226177
C-FVD,23.3,2,0.7374013025960799
C-FVD,23.400000000000002,2,0.7423622607671376
C-FVD,23.5,2,0.7449082183154729
C-FVD,23.6,2,0.7453558082622571
C-FVD,23.700000000000003,2,0.7440250305802305
C-FVD,23.8,2,0.7412118616826326
C-FVD,23.900000000000002,2,0.7371761042407474
C-FVD,24.0,2,0.7321380701522457
C-FVD,24.1,2,0.7262800879157041
C-FVD,24.200000000000003,2,0.7197503828353948
C-FVD,24.3,2,0.7126678769377062
C-FVD,24.400000000000002,2,0.7051270858960645
C-FVD,24.5,2,0.6972026805380391
C-FVD,24.6,2,0.6889535158644335
C-FVD,24.700000000000003,2,0.6804260672853903
C-FVD,24.8,2,0.6716572888987518
C-FVD,24.900000000000002,2,0.6626769460497979
C-FVD,25.0,2,0.6535094894648275
C-FVD,25.1,2,0.6441755406263567
C-FVD,25.200000000000003,2,0.6346930537491922
C-FVD,25.3,2,0.6250782123379519
C-FVD,25.400000000000002,2,0.6153461099615889
C-FVD,25.5,2,0.5992531371642063
C-FVD,25.6,2,0.5763689315214453
C-FVD,25.700000000000003,2,0.5491401023278026
C-FVD,25.8,2,0.5193123890405325
C-FVD,25.900000000000002,2,0.48812842234674036
C-FVD,26.0,2,0.4564696752462911
C-FVD,26.1,2,0.4249583753278863
C-FVD,26.200000000000003,2,0.39403069392215073
C-FVD,26.3,2,0.36398932412955354
C-FVD,26.400000000000002,2,0.3350412617108649
C-FVD,26.5,2,0.3073249565929981
C-FVD,26.6,2,0.28092982403615174
C-FVD,26.700000000000003,2,0.25591026054778254
C-FVD,26.8,2,0.23229570512961573
C-FVD,26.900000000000002,2,0.21009785320390506
C-FVD,27.0,2,0.18931581983228796
C-FVD,27.1,2,0.1699398257840823
C-FVD,27.200000000000003,2,0.15195381974683464
C-FVD,27.3,2,0.13533733471420284
C-FVD,27.400000000000002,2,0.12006679361659778
C-FVD,27.5,2,0.10611641947402006
C-FVD,27.6,2,0.09345886222877553
C-FVD,27.700000000000003,2,0.08206562328290268
C-FVD,27.8,2,0.07190733626704038
C-FVD,27.900000000000002,2,0.06295394629448481
C-FVD,28.0,2,0.05517481817504155
C-FVD,28.1,2,0.04853879553103191
C-FVD,28.200000000000003,2,0.043014226575397885
C-FVD,28.3,2,0.03856896783234909
C-FVD,28.400000000000002,2,0.03517037383652344
C-FVD,28.5,2,0.03278527850100055
C-FVD,28.6,2,0.031379972152445035
C-FVD,28.700000000000003,2,0.030920177016577455
C-FVD,28.8,2,0.03137102307036521
C-FVD,28.900000000000002,2,0.03269702556506893
C-FVD,29.0,2,0.03486206509810508
C-FVD,29.1,2,0.03782937082096538
C-FVD,29.200000000000003,2,0.04156150717848561
C-FVD,29.3,2,0.04602036445355395
C-FVD,29.400000000000002,2,0.05116715332065169
C-FVD,29.5,2,0.0569624035752021
C-FVD,29.6,2,0.06336596719287257
C-FVD,29.700000000000003,2,0.07033702587331447
C-FVD,29.8,2,0.07783410323061979
C-FVD,29.900000000000002,2,0.08581508180271058
C-FVD,30.0,2,0.0942372250587784
C-FVD,30.1,2,0.1030572045867455
C-FVD,30.200000000000003,2,0.11223113263838691
C-FVD,30.3,2,0.12171460019691693
C-FVD,30.400000000000002,2,0.13146272071098686
C-FVD,30.5,2,0.14143017960861037
C-FVD,30.6,2,0.1515712896664585
C-FVD,30.700000000000003,2,0.16184005226447873
C-FVD,30.8,2,0.17219022450312949
C-FVD,30.900000000000002,2,0.18257539210454254
C-FVD,31.0,2,0.19155005398019753
C-FVD,31.1,2,0.19803243085624445
C-FVD,31.200000000000003,2,0.20171665301200115
C-FVD,31.3,2,0.20271705508962512
C-FVD,31.400000000000002,2,0.20135144027869423
C-FVD,31.5,2,0.1980132825121732
C-FVD,31.6,2,0.19309997544827517
C-FVD,31.700000000000003,2,0.186975696635848
C-FVD,31.8,2,0.17995507581699677
C-FVD,31.900000000000002,2,0.1722988888117012
C-FVD,32.0,2,0.16421629376803537
C-FVD,32.1,2,0.1558702625293069
C-FVD,32.2,2,0.14738422736339807
C-FVD,32.300000000000004,2,0.1388488254953284
C-FVD,32.4,2,0.13032815693304656
C-FVD,32.5,2,0.12186529209957797
C-FVD,32.6,2,0.11348695206831039
C-FVD,32.7,2,0.10520738630048676
C-FVD,32.800000000000004,2,0.09703152344838628
C-FVD,32.9,2,0.08895749096260275
C-FVD,33.0,2,0.08097860213440455
C-FVD,33.1,2,0.07308490298043147
C-FVD,33.2,2,0.06526436096179111
C-FVD,33.300000000000004,2,0.0575037657872155
C-FVD,33.4,2,0.0497894010568487
C-FVD,33.5,2,0.0408682729359473
C-FVD,33.6,2,0.02208317891920153
C-FVD,33.7,2,-0.0029598735751896754
C-FVD,33.800000000000004,2,-0.03170928266725781
C-FVD,33.9,2,-0.06237283372293945
C-FVD,34.0,2,-0.09370449752837828
C-FVD,34.1,2,-0.12485035495126695
C-FVD,34.2,2,-0.1552372483076443
C-FVD,34.300000000000004,2,-0.18449231855813153
C-FVD,34.4,2,-0.21238488074979145
C-FVD,34.5,2,-0.23878446528511432
C-FVD,34.6,2,-0.26363056471934065
C-FVD,34.7,2,-0.2869108602189616
C-FVD,34.800000000000004,2,-0.30864559243070033
C-FVD,34.9,2,-0.32887638467768454
C-FVD,35.0,2,-0.3476582913698074
C-FVD,35.1,2,-0.3650541810427175
C-FVD,35.2,2,-0.38113080727821114
C-FVD,35.300000000000004,2,-0.3959560976277938
C-FVD,35.4,2,-0.40959731908355046
C-FVD,35.5,2,-0.42211987197013023
C-FVD,35.6,2,-0.4335865320133028
C-FVD,35.7,2,-0.4440570097474996
C-FVD,35.800000000000004,2,-0.4535877324040989
C-FVD,35.9,2,-0.4622317796340827
C-FVD,36.0,2,-0.4700389235194926
C-FVD,36.1,2,-0.4770557372451911
C-FVD,36.2,2,-0.48332574694213903
C-FVD,36.300000000000004,2,-0.4888896085934764
C-FVD,36.4,2,-0.49378529726238973
C-FVD,36.5,2,-0.4980482997974214
C-FVD,36.6,2,-0.5017118049919826
C-FVD,36.7,2,-0.5048068872106679
C-FVD,36.800000000000004,2,-0.5073626809569785
C-FVD,36.9,2,-0.5094065448989404
C-FVD,37.0,2,-0.510964214605595
C-FVD,37.1,2,-0.5120599437602067
C-FVD,37.2,2,-0.5127166339674893
C-FVD,37.300000000000004,2,-0.5129559535059656
C-FVD,37.4,2,-0.5127984455268422
C-FVD,37.5,2,-0.5122636262898634
C-FVD,37.6,2,-0.5113700740748115
C-FVD,37.7,2,-0.5101355094260107
C-FVD,37.800000000000004,2,-0.5085768673858659
C-FVD,37.9,2,-0.5067103623601295
C-FVD,38.0,2,-0.5045515462371561
C-FVD,38.1,2,-0.5021153603576298
C-FVD,38.2,2,-0.4994161819056018
C-FVD,38.300000000000004,2,-0.4964678652644583
C-FVD,38.400000000000006,2,-0.49328377885655783
C-FVD,38.5,2,-0.4898768379603293
C-FVD,38.6,2,-0.4862595339766731
C-FVD,38.7,2,-0.4824439605944626
C-FVD,38.800000000000004,2,-0.4784418372845778
C-FVD,38.900000000000006,2,-0.47426453053146567
C-FVD,39.0,2,-0.4699230731908788
C-FVD,39.1,2,-0.46542818234119565
C-FVD,39.2,2,-0.4607902759726077
C-FVD,39.300000000000004,2,-0.4560194888342899
C-FVD,39.400000000000006,2,-0.4511256877323344
C-FVD,39.5,2,-0.4466422706227906
C-FVD,39.6,2,-0.443531417082621
C-FVD,39.7,2,-0.44210824585397646
C-FVD,39.800000000000004,2,-0.4423286084896443
C-FVD,39.900000000000006,2,-0.44396671912449115
C-FVD,40.0,2,-0.44672166166337135
C-FVD,40.1,2,-0.4502786180970517
C-FVD,40.2,2,-0.45434178674069514
C-FVD,40.300000000000004,2,-0.4586500206677204
C-FVD,40.400000000000006,2,-0.4629822678912525
C-FVD,40.5,2,-0.46715728918208477
C-FVD,40.6,2,-0.47103042568014963
C-FVD,40.7,2,-0.4744890867296636
C-FVD,40.800000000000004,2,-0.4774479255938626
C-FVD,40.900000000000006,2,-0.47984423011313027
C-FVD,41.0,2,-0.48163378537357104
C-FVD,41.1,2,-0.4827873051336731
C-FVD,41.2,2,-0.4832874379011347
C-FVD,41.300000000000004,2,-0.48312630585613725
C-FVD,41.400000000000006,2,-0.4823035132535445
C-FVD,41.5,2,-0.4808245546279508
C-FVD,41.6,2,-0.47869955523444574
C-FVD,41.7,2,-0.4759422824818689
C-FVD,41.800000000000004,2,-0.47256937513993336
C-FVD,41.900000000000006,2,-0.46859974539274774
C-FVD,42.0,2,-0.46405411660002116
C-FVD,42.1,2,-0.45895466655444395
C-FVD,42.2,2,-0.45779442045302154
C-FVD,42.300000000000004,2,-0.46171431957963627
C-FVD,42.400000000000006,2,-0.46851608825921964
C-FVD,42.5,2,-0.4766596937232155
C-FVD,42.6,2,-0.48508000418602926
C-FVD,42.7,2,-0.49305362990543955
C-FVD,42.800000000000004,2,-0.5001022758124023
C-FVD,42.900000000000006,2,-0.505922653227806
C-FVD,43.0,2,-0.5103357085724678
C-FVD,43.1,2,-0.5132498997490362
C-FVD,43.2,2,-0.5146346859441255
C-FVD,43.300000000000004,2,-0.5145014404058887
C-FVD,43.400000000000006,2,-0.5128897550883078
C-FVD,43.5,2,-0.5098576586076096
C-FVD,43.6,2,-0.5054746711757527
C-FVD,43.7,2,-0.4998169130597887
C-FVD,43.800000000000004,2,-0.4929636964427768
C-FVD,43.900000000000006,2,-0.4849951859760555
C-FVD,44.0,2,-0.4759908265455586
C-FVD,44.1,2,-0.4660283192766972
C-FVD,44.2,2,-0.4551829869043953
C-FVD,44.300000000000004,2,-0.4435274134077982
C-FVD,44.400000000000006,2,-0.4311312746758382
C-FVD,44.5,2,-0.41806130015452325
C-FVD,44.6,2,-0.40438132228163326
C-FVD,44.7,2,-0.39015238275450237
C-FVD,44.800000000000004,2,-0.37543287355349086
C-FVD,44.900000000000006,2,-0.3602786970719869
C-FVD,45.0,2,-0.3447434343475546
C-FVD,45.1,2,-0.3288785137382231
C-FVD,45.2,2,-0.3127333747934813
C-FVD,45.300000000000004,2,-0.2963556237947369
C-FVD,45.400000000000006,2,-0.27979117866963854
C-FVD,45.5,2,-0.2630844018597731
C-FVD,45.6,2,-0.24627822033927949
C-FVD,45.7,2,-0.2294142324178008
C-FVD,45.800000000000004,2,-0.21253280126694918
C-FVD,45.900000000000006,2,-0.19567313532361652
C-FVD,46.0,2,-0.17887335587383646
C-FVD,46.1,2,-0.1625873922805745
C-FVD,46.2,2,-0.14766944159548245
C-FVD,46.300000000000004,2,-0.13443682181917538
C-FVD,46.400000000000006,2,-0.12290288470503086
C-FVD,46.5,2,-0.11292228115016911
C-FVD,46.6,2,-0.10427918284069726
C-FVD,46.7,2,-0.09673886362108775
C-FVD,46.800000000000004,2,-0.09007613754084254
C-FVD,46.900000000000006,2,-0.08408949714544889
C-FVD,47.0,2,-0.07860667937848298
C-FVD,47.1,2,-0.07348531487919985
C-FVD,47.2,2,-0.06861095125230499
C-FVD,47.300000000000004,2,-0.06389385052983698
C-FVD,47.400000000000006,2,-0.05926538771713297
C-FVD,47.5,2,-0.05467451396074274
C-FVD,47.6,2,-0.050084522292015876
C-FVD,47.7,2,-0.04547021769434956
C-FVD,47.800000000000004,2,-0.04081551422300933
C-FVD,47.900000000000006,2,-0.036111438842185706
C-FVD,48.0,2,-0.031354500669259266
C-FVD,48.1,2,-0.026545376487037586
C-FVD,48.2,2,-0.02168786301951009
C-FVD,48.300000000000004,2,-0.016788050022725542
C-FVD,48.400000000000006,2,-0.011853673572367995
C-FVD,48.5,2,-0.0068936147740146225
C-FVD,48.6,2,-0.0019175147860064357
C-FVD,48.7,2,-0.0019005748290066293
C-FVD,48.800000000000004,2,-0.006176868320602935
C-FVD,48.900000000000006,2,-0.013060160046157065
C-FVD,49.0,2,-0.021358812820908568
C-FVD,49.1,2,-0.030237614736112306
C-FVD,49.2,2,-0.03911779689029338
C-FVD,49.300000000000004,2,-0.0476047165781015
C-FVD,49.400000000000006,2,-0.05543557775152408
C-FVD,49.5,2,-0.06244166287144104
C-FVD,49.6,2,-0.06852107389115147
C-FVD,49.7,2,-0.07361908356598335
C-FVD,49.800000000000004,2,-0.07771399721027983
C-FVD,49.900000000000006,2,-0.08080700346701697
C-FVD,50.0,2,-0.08291491153286756
C-FVD,50.1,2,-0.08406497569115423
C-FVD,50.2,2,-0.08429122784504273
C-FVD,50.300000000000004,2,-0.08363189808272331
C-FVD,50.400000000000006,2,-0.08212761883037523
C-FVD,50.5,2,-0.07982019192898271
C-FVD,50.6,2,-0.0767517587437645
C-FVD,50.7,2,-0.07296425750583779
C-FVD,50.800000000000004,2,-0.06849908407665062
C-FVD,50.900000000000006,2,-0.06339689553757566
C-FVD,51.0,2,-0.05769751284784519
C-FVD,51.1,2,-0.051439891029255946
C-FVD,51.2,2,-0.0446621341935991
C-FVD,51.300000000000004,2,-0.03740153914740141
C-FVD,51.400000000000006,2,-0.029694655958348193
C-FVD,51.5,2,-0.021577357230086136
C-FVD,51.6,2,-0.01308491026373737
C-FVD,51.7,2,-0.004252048038022593
C-FVD,51.800000000000004,2,0.003586722062426162
C-FVD,51.900000000000006,2,0.009843050085690308
C-FVD,52.0,2,0.014369425019570059
C-FVD,52.1,2,0.017259556876359383
C-FVD,52.2,2,0.01872531231853891
C-FVD,52.300000000000004,2,0.019023171128425886
C-FVD,52.400000000000006,2,0.018412252629167014
C-FVD,52.5,2,0.017132092758176398
C-FVD,52.6,2,0.015392470003369851
C-FVD,52.7,2,0.013370325246420123
C-FVD,52.800000000000004,2,0.011210638624270075
C-FVD,52.900000000000006,2,0.009029318607046477
C-FVD,53.0,2,0.006916931312719754
C-FVD,53.1,2,0.0049425921388479566
C-FVD,53.2,2,0.003157652081299034
C-FVD,53.300000000000004,2,0.0015990014778264339
C-FVD,53.400000000000006,2,0.0002919269800365498
C-FVD,53.5,2,-0.0007474784499041931
C-FVD,53.6,2,-0.0015103192716683367
C-FVD,53.7,2,-0.0019932666488298167
C-FVD,53.800000000000004,2,-0.0021972409759491995
C-FVD,53.900000000000006,2,-0.0021263571753209476
C-FVD,54.0,2,-0.001787087079673455
C-FVD,54.1,2,-0.001187599182332022
C-FVD,54.2,2,-0.00033724215096420096
C-FVD,54.300000000000004,2,-0.0032245135314230566
C-FVD,54.400000000000006,2,-0.011764869600771277
C-FVD,54.5,2,-0.02389124201883952
C-FVD,54.6,2,-0.03813152115106355
C-FVD,54.7,2,-0.05344286245901131
C-FVD,54.800000000000004,2,-0.06909180677716265
C-FVD,54.900000000000006,2,-0.08456756108508046
C-FVD,55.0,2,-0.09951927846650932
C-FVD,55.1,2,-0.11371070847786413
C-FVD,55.2,2,-0.12698742252218764
C-FVD,55.300000000000004,2,-0.1392531448038472
C-FVD,55.400000000000006,2,-0.1504526780830826
C-FVD,55.5,2,-0.1605596065207262
C-FVD,55.6,2,-0.169567459092832
C-FVD,55.7,2,-0.17748337962946614
C-FVD,55.800000000000004,2,-0.18432361195258729
C-FVD,55.900000000000006,2,-0.190110298620489
C-FVD,56.0,2,-0.19486922947191765
C-FVD,56.1,2,-0.1986282759745066
C-FVD,56.2,2,-0.2014163197749408
C-FVD,56.300000000000004,2,-0.20326253638128833
C-FVD,56.400000000000006,2,-0.20419593304605854
C-FVD,56.5,2,-0.20424506761942496
C-FVD,56.6,2,-0.20343789526867795
C-FVD,56.7,2,-0.20180170459010327
C-FVD,56.800000000000004,2,-0.19936311527576756
C-FVD,56.900000000000006,2,-0.19614811723216974
C-FVD,57.0,2,-0.19218213667310735
C-FVD,57.1,2,-0.1874901187978839
C-FVD,57.2,2,-0.1820966196383953
C-FVD,57.300000000000004,2,-0.17602590181525812
C-FVD,57.400000000000006,2,-0.16930203050673498
C-FVD,57.5,2,-0.16194896706297257
C-FVD,57.6,2,-0.15399065851121385
C-FVD,57.7,2,-0.14545112177794906
C-FVD,57.800000000000004,2,-0.13635452186483477
C-FVD,57.900000000000006,2,-0.12672524350280234
C-FVD,58.0,2,-0.11658795600509819
C-FVD,58.1,2,-0.10596767117032257
C-FVD,58.2,2,-0.09488979417023025
C-FVD,58.300000000000004,2,-0.08338016740661658
C-FVD,58.400000000000006,2,-0.0714651073475654
C-FVD,58.5,2,-0.059171434364648334
C-FVD,58.6,2,-0.046526495593891326
C-FVD,58.7,2,-0.03355818084052409
C-FVD,58.800000000000004,2,-0.020294931543057615
C-FVD,58.900000000000006,2,-0.006765742810147302
C-FVD,59.0,2,0.00699984145535737
C-FVD,59.1,2,0.020971740324110755
C-FVD,59.2,2,0.03511935446638148
C-FVD,59.300000000000004,2,0.049411591583943704
C-FVD,59.400000000000006,2,0.06381689856950956
C-FVD,59.5,2,0.07830330028316368
C-FVD,59.6,2,0.09283844479758763
C-FVD,59.7,2,0.10738965492104846
C-FVD,59.800000000000004,2,0.12092178455491798
C-FVD,59.900000000000006,2,0.13214924262846672
C-FVD,60.0,2,0.1406427418377838
C-FVD,60.1,2,0.1464469338499974
C-FVD,60.2,2,0.14984518949460934
C-FVD,60.300000000000004,2,0.15121913186021096
C-FVD,60.400000000000006,2,0.15096831352681406
C-FVD,60.5,2,0.14946736701004326
C-FVD,60.6,2,0.1470459313096537
C-FVD,60.7,2,0.14398194865798253
C-FVD,60.800000000000004,2,0.1405024085605664
C-FVD,60.900000000000006,2,0.13678788694378063
C-FVD,61.0,2,0.13297869150614616
C-FVD,61.1,2,0.12918135395671726
C-FVD,61.2,2,0.12547478979351467
C-FVD,61.300000000000004,2,0.12191579961929122
C-FVD,61.400000000000006,2,0.1185437942862464
C-FVD,61.5,2,0.11538474307326752
C-FVD,61.6,2,0.11245440459047629
C-FVD,61.7,2,0.10976092670148141
C-FVD,61.800000000000004,2,0.10730690876290971
C-FVD,61.900000000000006,2,0.105091015835443
C-FVD,62.0,2,0.10310922567320446
C-FVD,62.1,2,0.10135577846944877
C-FVD,62.2,2,0.09982388834479572
C-FVD,62.300000000000004,2,0.09849757711262974
C-FVD,62.400000000000006,2,0.08705128224833203
C-FVD,62.5,2,0.06917686139592227
C-FVD,62.6,2,0.0474921381780522
C-FVD,62.7,2,0.02384109999108297
C-FVD,62.800000000000004,2,-0.0004891128723656379
C-FVD,62.900000000000006,2,-0.024611380758265966
C-FVD,63.0,2,-0.04792526806843789
C-FVD,63.1,2,-0.07003512995471084
C-FVD,63.2,2,-0.09069096170696689
C-FVD,63.300000000000004,2,-0.1097457058195701
C-FVD,63.400000000000006,2,-0.12712447427659868
C-FVD,63.5,2,-0.1428024006604982
C-FVD,63.6,2,-0.15678874396276932
C-FVD,63.7,2,-0.1691155212960318
C-FVD,63.800000000000004,2,-0.1798294204822799
C-FVD,63.900000000000006,2,-0.18898608635616476
C-FVD,64.0,2,-0.19664612299483508
C-FVD,64.10000000000001,2,-0.20287233418359563
C-FVD,64.2,2,-0.2077278551333972
C-FVD,64.3,2,-0.21127492340687581
C-FVD,64.4,2,-0.2135741060212144
C-FVD,64.5,2,-0.21468384989002942
C-FVD,64.60000000000001,2,-0.21466025929406918
C-FVD,64.7,2,-0.21355703065973053
C-FVD,64.8,2,-0.2114254942846685
C-FVD,64.9,2,-0.20831472674375107
C-FVD,65.0,2,-0.20427170796620508
C-FVD,0.0,3,0.0
C-FVD,0.1,3,0.021178936716774288
C-FVD,0.2,3,0.019182524336741835
C-FVD,0.30000000000000004,3,-0.0019248102613627083
C-FVD,0.4,3,-0.03484347708726965
C-FVD,0.5,3,-0.07401270428977291
C-FVD,0.6000000000000001,3,-0.11539745249220701
C-FVD,0.7000000000000001,3,-0.15620904683108705
C-FVD,0.8,3,-0.1946271878178525
C-FVD,0.9,3,-0.2295542724141839
C-FVD,1.0,3,-0.2604126804626308
C-FVD,1.1,3,-0.28698519318373705
C-FVD,1.2000000000000002,3,-0.30929385736055615
C-FVD,1.3,3,-0.3275108706353471
C-FVD,1.4000000000000001,3,-0.3418949482135307
C-FVD,1.5,3,-0.3527472804450227
C-FVD,1.6,3,-0.3603821272222927
C-FVD,1.7000000000000002,3,-0.36510806754317215
C-FVD,1.8,3,-0.36721680993224126
C-FVD,1.9000000000000001,3,-0.36697722370659847
C-FVD,2.0,3,-0.3646328633531244
C-FVD,2.1,3,-0.3604017388646099
C-FVD,2.2,3,-0.35447745214716875
C-FVD,2.3000000000000003,3,-0.34703109393463194
C-FVD,2.4000000000000004,3,-0.33821349630716213
C-FVD,2.5,3,-0.32815757973077986
C-FVD,2.6,3,-0.3169806344633539
C-FVD,2.7,3,-0.3047864453765854
C-FVD,2.8000000000000003,3,-0.2916672154204498
C-FVD,2.9000000000000004,3,-0.2777052727295093
C-FVD,3.0,3,-0.26297456468754454
C-FVD,3.1,3,-0.2475419527568956
C-FVD,3.2,3,-0.23146832715869614
C-FVD,3.3000000000000003,3,-0.2148095624130395
C-FVD,3.4000000000000004,3,-0.19761733460233621
C-FVD,3.5,3,-0.18024609681953052
C-FVD,3.6,3,-0.16311396989116567
C-FVD,3.7,3,-0.14657050399595306
C-FVD,3.8000000000000003,3,-0.13085254573472227
C-FVD,3.9000000000000004,3,-0.11608407469348059
C-FVD,4.0,3,-0.1022950752444256
C-FVD,4.1000000000000005,3,-0.08944604667309974
C-FVD,4.2,3,-0.07745151337202039
C-FVD,4.3,3,-0.06619972006808972
C-FVD,4.4,3,-0.05556775153611149
C-FVD,4.5,3,-0.045432331839281304
C-FVD,4.6000000000000005,3,-0.03567698460349078
C-FVD,4.7,3,-0.026196345034097845
C-FVD,4.800000000000001,3,-0.016898366502186235
C-FVD,4.9,3,-0.007705050693475712
C-FVD,5.0,3,0.001447800210540251
C-FVD,5.1000000000000005,3,0.01061143355462768
C-FVD,5.2,3,0.019825327185953867
C-FVD,5.300000000000001,3,0.02911851377088759
C-FVD,5.4,3,0.03851092475321671
C-FVD,5.5,3,0.04801467725638631
C-FVD,5.6000000000000005,3,0.057635260582515
C-FVD,5.7,3,0.06737260176231352
C-FVD,5.800000000000001,3,0.07722200454447048
C-FVD,5.9,3,0.08717496546330139
C-FVD,6.0,3,0.09656721596545736
C-FVD,6.1000000000000005,3,0.10394202589998436
C-FVD,6.2,3,0.10878937677976275
C-FVD,6.300000000000001,3,0.11112523729567059
C-FVD,6.4,3,0.11123274671577299
C-FVD,6.5,3,0.10950753742730512
C-FVD,6.6000000000000005,3,0.1063690999221727
C-FVD,6.7,3,0.10221327169970529
C-FVD,6.800000000000001,3,0.09738971733400703
C-FVD,6.9,3,0.09219408688794317
C-FVD,7.0,3,0.08686836477076731
C-FVD,7.1000000000000005,3,0.08160541110919795
C-FVD,7.2,3,0.0765553001524264
C-FVD,7.300000000000001,3,0.07183207707361561
C-FVD,7.4,3,0.06752018837103968
C-FVD,7.5,3,0.06368022701537512
C-FVD,7.6000000000000005,3,0.06035386098003315
C-FVD,7.7,3,0.0575679415623398
C-FVD,7.800000000000001,3,0.05533785415689252
C-FVD,7.9,3,0.05367020345095952
C-FVD,8.0,3,0.052564932963560906
C-FVD,8.1,3,0.052016975168497126
C-FVD,8.200000000000001,3,0.052017519053169536
C-FVD,8.3,3,0.05255497037374113
C-FVD,8.4,3,0.05361566805023088
C-FVD,8.5,3,0.055184409137917
C-FVD,8.6,3,0.05091771060940253
C-FVD,8.700000000000001,3,0.03912050156970537
C-FVD,8.8,3,0.022839364931448003
C-FVD,8.9,3,0.0042179622706353115
C-FVD,9.0,3,-0.015250236158960817
C-FVD,9.1,3,-0.03453916245441668
C-FVD,9.200000000000001,3,-0.05295796131590791
C-FVD,9.3,3,-0.07005540890311401
C-FVD,9.4,3,-0.08555082680743453
C-FVD,9.5,3,-0.09928418010529683
C-FVD,9.600000000000001,3,-0.11118007201886293
C-FVD,9.700000000000001,3,-0.12122180863274679
C-FVD,9.8,3,-0.12943276225999334
C-FVD,9.9,3,-0.13586302468493905
C-FVD,10.0,3,-0.14057989322742337
C-FVD,10.100000000000001,3,-0.14366113209640474
C-FVD,10.200000000000001,3,-0.1451902410971524
C-FVD,10.3,3,-0.14525317386620173
C-FVD,10.4,3,-0.14393610037591387
C-FVD,10.5,3,-0.14132391931691402
C-FVD,10.600000000000001,3,-0.1374993065773964
C-FVD,10.700000000000001,3,-0.1325421446774815
C-FVD,10.8,3,-0.1265292206844002
C-FVD,10.9,3,-0.11953411118357948
C-FVD,11.0,3,-0.11162719547197142
C-FVD,11.100000000000001,3,-0.1028757545697232
C-FVD,11.200000000000001,3,-0.09334412558651017
C-FVD,11.3,3,-0.08309388964513253
C-FVD,11.4,3,-0.07218407784496961
C-FVD,11.5,3,-0.060671384287234176
C-FVD,11.600000000000001,3,-0.048748925289766376
C-FVD,11.700000000000001,3,-0.03672873553511913
C-FVD,11.8,3,-0.024900501591886837
C-FVD,11.9,3,-0.01347700471880664
C-FVD,12.0,3,-0.0025841270821480578
C-FVD,12.100000000000001,3,0.007728639668204806
C-FVD,12.200000000000001,3,0.01747033233117712
C-FVD,12.3,3,0.02669001575503671
C-FVD,12.4,3,0.035460683028107454
C-FVD,12.5,3,0.04386658671877086
C-FVD,12.600000000000001,3,0.051994008595873
C-FVD,12.700000000000001,3,0.05992501637056158
C-FVD,12.8,3,0.0677336057592246
C-FVD,12.9,3,0.07548363322123919
C-FVD,13.0,3,0.08322802219984915
C-FVD,13.100000000000001,3,0.09100882592868587
C-FVD,13.200000000000001,3,0.09885782849203473
C-FVD,13.3,3,0.10679745189257517
C-FVD,13.4,3,0.11484180682009004
C-FVD,13.5,3,0.1229977788600145
C-FVD,13.600000000000001,3,0.13126608198417422
C-FVD,13.700000000000001,3,0.13964223985398938
C-FVD,13.8,3,0.14811747524404062
C-FVD,13.9,3,0.1566795009722881
C-FVD,14.0,3,0.16531321392840326
C-FVD,14.100000000000001,3,0.17384566763049847
C-FVD,14.200000000000001,3,0.18099454118318548
C-FVD,14.3,3,0.1862829063097582
C-FVD,14.4,3,0.18968422204644853
C-FVD,14.5,3,0.19140356989001361
C-FVD,14.600000000000001,3,0.1917465421911615
C-FVD,14.700000000000001,3,0.19104375543367702
C-FVD,14.8,3,0.1896100440771562
C-FVD,14.9,3,0.18772477472959004
C-FVD,15.0,3,0.18562460886848875
C-FVD,15.100000000000001,3,0.18350325381458177
C-FVD,15.200000000000001,3,0.18151483205319074
C-FVD,15.3,3,0.17977884457432936
C-FVD,15.4,3,0.17838555826320146
C-FVD,15.5,3,0.17740118053234255
C-FVD,15.600000000000001,3,0.1768725096297903
C-FVD,15.700000000000001,3,0.17683094134418553
C-FVD,15.8,3,0.1772958213678173
C-FVD,15.9,3,0.1782771893815145
C-FVD,16.0,3,0.17977798658502842
C-FVD,16.1,3,0.18179580598844503
C-FVD,16.2,3,0.18432426246750033
C-FVD,16.3,3,0.1873540523542907
C-FVD,16.400000000000002,3,0.19087376314021043
C-FVD,16.5,3,0.19487048438467447
C-FVD,16.6,3,0.19933026203736048
C-FVD,16.7,3,0.1992097432548583
C-FVD,16.8,3,0.1936670344157463
C-FVD,16.900000000000002,3,0.18505474097639585
C-FVD,17.0,3,0.17502154042678875
C-FVD,17.1,3,0.16471030673823783
C-FVD,17.2,3,0.15490115945148908
C-FVD,17.3,3,0.14611471597122794
C-FVD,17.400000000000002,3,0.13858948543426486
C-FVD,17.5,3,0.13231229396744126
C-FVD,17.6,3,0.12718042758872272
C-FVD,17.7,3,0.1230811945546062
C-FVD,17.8,3,0.11992554672934297
C-FVD,17.900000000000002,3,0.11765751595492091
C-FVD,18.0,3,0.11625202797553413
C-FVD,18.1,3,0.11570807027299956
C-FVD,18.2,3,0.11604086709384376
C-FVD,18.3,3,0.11727479346774139
C-FVD,18.400000000000002,3,0.11943769244636648
C-FVD,18.5,3,0.12255670152220866
C-FVD,18.6,3,0.1266554311589907
C-FVD,18.7,3,0.1317522397717923
C-FVD,18.8,3,0.13785933706782494
C-FVD,18.900000000000002,3,0.144982475870032
C-FVD,19.0,3,0.15312103593849358
C-FVD,19.1,3,0.1622683484735976
C-FVD,19.200000000000003,3,0.1724121505670695
C-FVD,19.3,3,0.18353509245303812
C-FVD,19.400000000000002,3,0.19561524669162367
C-FVD,19.5,3,0.2086265880897411
C-FVD,19.6,3,0.22253942731375354
C-FVD,19.700000000000003,3,0.23732079092549618
C-FVD,19.8,3,0.2529347470238328
C-FVD,19.900000000000002,3,0.2687578637959529
C-FVD,20.0,3,0.28392579559827347
C-FVD,20.1,3,0.29812134667967527
C-FVD,20.200000000000003,3,0.3113338749102823
C-FVD,20.3,3,0.32371000079201373
C-FVD,20.400000000000002,3,0.33546348139980076
C-FVD,20.5,3,0.3468229107333265
C-FVD,20.6,3,0.35800319169034367
C-FVD,20.700000000000003,3,0.3691916120845775
C-FVD,20.8,3,0.3805426160208558
C-FVD,20.900000000000002,3,0.3921775188316676
C-FVD,21.0,3,0.40418682862869026
C-FVD,21.1,3,0.41663375571264893
C-FVD,21.200000000000003,3,0.4295580791839786
C-FVD,21.3,3,0.4429799106050254
C-FVD,21.400000000000002,3,0.456903123022677
C-FVD,21.5,3,0.47131835045932924
C-FVD,21.6,3,0.4862055414799915
C-FVD,21.700000000000003,3,0.5015360925373873
C-FVD,21.8,3,0.517274606701104
C-FVD,21.900000000000002,3,0.5333803302102744
C-FVD,22.0,3,0.5498083188049705
C-FVD,22.1,3,0.5665103815489392
C-FVD,22.200000000000003,3,0.5834358439946676
C-FVD,22.3,3,0.6005321662981906
C-FVD,22.400000000000002,3,0.6117360752494392
C-FVD,22.5,3,0.6182263865686224
C-FVD,22.6,3,0.6217719920932527
C-FVD,22.700000000000003,3,0.6236129305068907
C-FVD,22.8,3,0.6246096308312854
C-FVD,22.900000000000002,3,0.6253504525935885
C-FVD,23.0,3,0.6262291549761798
C-FVD,23.1,3,0.6275006869410156
C-FVD,23.200000000000003,3,0.629042072626758
C-FVD,23.3,3,0.6306015084040464
C-FVD,23.400000000000002,3,0.6319322897496935
C-FVD,23.5,3,0.6328472618348453
C-FVD,23.6,3,0.633231828220163
C-FVD,23.700000000000003,3,0.6330373736507102
C-FVD,23.8,3,0.6322671625119742
C-FVD,23.900000000000002,3,0.6309609717642601
C-FVD,24.0,3,0.6291813781643452
C-FVD,24.1,3,0.6270027761315333
C-FVD,24.200000000000003,3,0.6245032474451673
C-FVD,24.3,3,0.6217589610988874
C-FVD,24.400000000000002,3,0.6188406221787446
C-FVD,24.5,3,0.6158114762244402
C-FVD,24.6,3,0.6127264312972507
C-FVD,24.700000000000003,3,0.6096319401420214
C-FVD,24.8,3,0.6065663665931513
C-FVD,24.900000000000002,3,0.6035606331140304
C-FVD,25.0,3,0.6006390062388167
C-FVD,25.1,3,0.5978199234220796
C-FVD,25.200000000000003,3,0.5951167997845772
C-FVD,25.3,3,0.5925387784765608
C-FVD,25.400000000000002,3,0.5900914059284403
C-FVD,25.5,3,0.5877772249825739
C-FVD,25.6,3,0.5844888655722915
C-FVD,25.700000000000003,3,0.579309719454475
C-FVD,25.8,3,0.5719674796005307
C-FVD,25.900000000000002,3,0.5625454625695312
C-FVD,26.0,3,0.5513052358132153
C-FVD,26.1,3,0.5385807717396016
C-FVD,26.200000000000003,3,0.524717919180377
C-FVD,26.3,3,0.510042066884159
C-FVD,26.400000000000002,3,0.4948429237364351
C-FVD,26.5,3,0.4793693433970354
C-FVD,26.6,3,0.46382974859320925
C-FVD,26.700000000000003,3,0.44839541869826327
C-FVD,26.8,3,0.4332050023565248
C-FVD,26.900000000000002,3,0.41836931292120205
C-FVD,27.0,3,0.4039758978239707
C-FVD,27.1,3,0.39009313656683986
C-FVD,27.200000000000003,3,0.3767737772188511
C-FVD,27.3,3,0.3640579083777631
C-FVD,27.400000000000002,3,0.35197540867583754
C-FVD,27.5,3,0.34054793586850884
C-FVD,27.6,3,0.32979052298774825
C-FVD,27.700000000000003,3,0.31971284659450205
C-FVD,27.8,3,0.31032022585779195
C-FVD,27.900000000000002,3,0.30161440340079615
C-FVD,28.0,3,0.2935941509218569
C-FVD,28.1,3,0.27904345017142873
C-FVD,28.200000000000003,3,0.2593460373930405
C-FVD,28.3,3,0.2366454912182352
C-FVD,28.400000000000002,3,0.21246075347362847
C-FVD,28.5,3,0.1878609143797192
C-FVD,28.6,3,0.16359118824725982
C-FVD,28.700000000000003,3,0.14016374957014932
C-FVD,28.8,3,0.11792326347063486
C-FVD,28.900000000000002,3,0.09709418229492961
C-FVD,29.0,3,0.07781489455225454
C-FVD,29.1,3,0.06016238606158275
C-FVD,29.200000000000003,3,0.04417004867637253
C-FVD,29.3,3,0.029840535833855597
C-FVD,29.400000000000002,3,0.01715503491865178
C-FVD,29.5,3,0.006079945598678194
C-FVD,29.6,3,-0.003428320991408995
C-FVD,29.700000000000003,3,-0.01141990507981916
C-FVD,29.8,3,-0.017949048654577027
C-FVD,29.900000000000002,3,-0.023072362058879747
C-FVD,30.0,3,-0.026847609947362017
C-FVD,30.1,3,-0.02933287370994364
C-FVD,30.200000000000003,3,-0.03058598654900635
C-FVD,30.3,3,-0.030664165731710824
C-FVD,30.400000000000002,3,-0.029623787101984433
C-FVD,30.5,3,-0.027520261870041196
C-FVD,30.6,3,-0.024407986548895977
C-FVD,30.700000000000003,3,-0.020340344796442977
C-FVD,30.8,3,-0.015369745657929812
C-FVD,30.900000000000002,3,-0.009547686874384453
C-FVD,31.0,3,-0.002924834951976152
C-FVD,31.1,3,0.0042012453468238675
C-FVD,31.200000000000003,3,0.01141126961555372
C-FVD,31.3,3,0.01833010489988318
C-FVD,31.400000000000002,3,0.024688196856443412
C-FVD,31.5,3,0.030329852176528505
C-FVD,31.6,3,0.03519753589543129
C-FVD,31.700000000000003,3,0.03930801886932578
C-FVD,31.8,3,0.042728379346952394
C-FVD,31.900000000000002,3,0.04555540641324285
C-FVD,32.0,3,0.047899533598918964
C-FVD,32.1,3,0.04987321135702416
C-FVD,32.2,3,0.051583091659063385
C-FVD,32.300000000000004,3,0.05312523454835372
C-FVD,32.4,3,0.05458257072149486
C-FVD,32.5,3,0.05602396066942106
C-FVD,32.6,3,0.05750432210262346
C-FVD,32.7,3,0.059065424213819995
C-FVD,32.800000000000004,3,0.060737056987321125
C-FVD,32.9,3,0.06253837235788495
C-FVD,33.0,3,0.06447926220178246
C-FVD,33.1,3,0.0665616885758169
C-FVD,33.2,3,0.06878091760073524
C-FVD,33.300000000000004,3,0.07112663313025713
C-FVD,33.4,3,0.07358392266809943
C-FVD,33.5,3,0.07613413820215875
C-FVD,33.6,3,0.07853651736171585
C-FVD,33.7,3,0.07907328072715458
C-FVD,33.800000000000004,3,0.07707906632818684
C-FVD,33.9,3,0.07248103515035353
C-FVD,34.0,3,0.06551459402716908
C-FVD,34.1,3,0.05655233267288118
C-FVD,34.2,3,0.04600498043675039
C-FVD,34.300000000000004,3,0.034267397534621935
C-FVD,34.4,3,0.021692094031756426
C-FVD,34.5,3,0.008579054805307962
C-FVD,34.6,3,-0.004825215025276108
C-FVD,34.7,3,-0.018323812070212497
C-FVD,34.800000000000004,3,-0.03176337160383369
C-FVD,34.9,3,-0.04502735918025813
C-FVD,35.0,3,-0.05802956314606966
C-FVD,35.1,3,-0.07070820952169754
C-FVD,35.2,3,-0.0830208682486191
C-FVD,35.300000000000004,3,-0.0949401761400761
C-FVD,35.4,3,-0.10645032567688517
C-FVD,35.5,3,-0.11754423339426623
C-FVD,35.6,3,-0.12822129003793314
C-FVD,35.7,3,-0.13848559630004154
C-FVD,35.800000000000004,3,-0.14834459625837937
C-FVD,35.9,3,-0.1578080317512871
C-FVD,36.0,3,-0.16688715260315767
C-FVD,36.1,3,-0.17559412868393487
C-FVD,36.2,3,-0.18476596796262257
C-FVD,36.300000000000004,3,-0.203142788580573
C-FVD,36.4,3,-0.2272458598542535
C-FVD,36.5,3,-0.25461394243787083
C-FVD,36.6,3,-0.28351979784273595
C-FVD,36.7,3,-0.31276486934613956
C-FVD,36.800000000000004,3,-0.34153058432538685
C-FVD,36.9,3,-0.3692706699016046
C-FVD,37.0,3,-0.39563318662339064
C-FVD,37.1,3,-0.42040410649426363
C-FVD,37.2,3,-0.4434665180385071
C-FVD,37.300000000000004,3,-0.46477117162227977
C-FVD,37.4,3,-0.484315256913618
C-FVD,37.5,3,-0.5021271570332804
C-FVD,37.6,3,-0.518255541374435
C-FVD,37.7,3,-0.5327616066259431
C-FVD,37.800000000000004,3,-0.5457136003005587
C-FVD,37.9,3,-0.5571829969737703
C-FVD,38.0,3,-0.5672418689545058
C-FVD,38.1,3,-0.575961117912879
C-FVD,38.2,3,-0.5834093248662864
C-FVD,38.300000000000004,3,-0.5896520421331424
C-FVD,38.400000000000006,3,-0.5947513991173103
C-FVD,38.5,3,-0.5987659289622833
C-FVD,38.6,3,-0.601750548754767
C-FVD,38.7,3,-0.6037566446446778
C-FVD,38.800000000000004,3,-0.6048322268580719
C-FVD,38.900000000000006,3,-0.6050221294839826
C-FVD,39.0,3,-0.6043682371128742
C-FVD,39.1,3,-0.6029097256246523
C-FVD,39.2,3,-0.6006833081997573
C-FVD,39.300000000000004,3,-0.5977234803486411
C-FVD,39.400000000000006,3,-0.5940627597074251
C-FVD,39.5,3,-0.589731917740103
C-FVD,39.6,3,-0.584853073869855
C-FVD,39.7,3,-0.5796934362690447
C-FVD,39.800000000000004,3,-0.5745158834143371
C-FVD,39.900000000000006,3,-0.5695177662608941
C-FVD,40.0,3,-0.5648159678620512
C-FVD,40.1,3,-0.560453991474466
C-FVD,40.2,3,-0.5564176325866885
C-FVD,40.300000000000004,3,-0.5526522093491373
C-FVD,40.400000000000006,3,-0.549078038666627
C-FVD,40.5,3,-0.5456029078702542
C-FVD,40.6,3,-0.5421313697175272
C-FVD,40.7,3,-0.53857119514565
C-FVD,40.800000000000004,3,-0.534837506705033
C-FVD,40.900000000000006,3,-0.5308551373819164
C-FVD,41.0,3,-0.5265597027131381
C-FVD,41.1,3,-0.5218977879898965
C-FVD,41.2,3,-0.5168265628962168
C-FVD,41.300000000000004,3,-0.5113130554551262
C-FVD,41.400000000000006,3,-0.5053332503278618
C-FVD,41.5,3,-0.49887112393311916
C-FVD,41.6,3,-0.49191768918340983
C-FVD,41.7,3,-0.4844700937722557
C-FVD,41.800000000000004,3,-0.47653079567463763
C-FVD,41.900000000000006,3,-0.46810682581443785
C-FVD,42.0,3,-0.45920913899687577
C-FVD,42.1,3,-0.44985204882678254
C-FVD,42.2,3,-0.44005273937485967
C-FVD,42.300000000000004,3,-0.43062349966091773
C-FVD,42.400000000000006,3,-0.42238585267671347
C-FVD,42.5,3,-0.415582889830441
C-FVD,42.6,3,-0.41014138810376544
C-FVD,42.7,3,-0.4058327888563795
C-FVD,42.800000000000004,3,-0.4023690218890561
C-FVD,42.900000000000006,3,-0.39945696941932596
C-FVD,43.0,3,-0.3968271714879581
C-FVD,43.1,3,-0.39424689581115224
C-FVD,43.2,3,-0.3915240557045312
C-FVD,43.300000000000004,3,-0.3885060610948372
C-FVD,43.400000000000006,3,-0.3850761217291332
C-FVD,43.5,3,-0.3811485111150734
C-FVD,43.6,3,-0.37666365678300373
C-FVD,43.7,3,-0.3715835207933491
C-FVD,43.800000000000004,3,-0.36588748947544225
C-FVD,43.900000000000006,3,-0.3595688469835743
C-FVD,44.0,3,-0.3526318263497892
C-FVD,44.1,3,-0.34508919009487293
C-FVD,44.2,3,-0.33696027449765076
C-FVD,44.300000000000004,3,-0.3282694273491913
C-FVD,44.400000000000006,3,-0.3190447721939478
C-FVD,44.5,3,-0.30931723886040174
C-FVD,44.6,3,-0.29911980824339324
C-FVD,44.7,3,-0.28848692753518357
C-FVD,44.800000000000004,3,-0.27745405974058635
C-FVD,44.900000000000006,3,-0.26680994317762163
C-FVD,45.0,3,-0.2631078199726087
C-FVD,45.1,3,-0.2636568460343085
C-FVD,45.2,3,-0.266564174852709
C-FVD,45.300000000000004,3,-0.2705127331790145
C-FVD,45.400000000000006,3,-0.2745999189622683
C-FVD,45.5,3,-0.27822059861986226
C-FVD,45.6,3,-0.28098230369140254
C-FVD,45.7,3,-0.28264382666482213
C-FVD,45.800000000000004,3,-0.2830708179893282
C-FVD,45.900000000000006,3,-0.28220373315019387
C-FVD,46.0,3,-0.2800347483547778
C-FVD,46.1,3,-0.27659118614439393
C-FVD,46.2,3,-0.27199782196700006
C-FVD,46.300000000000004,3,-0.2665222458617116
C-FVD,46.400000000000006,3,-0.26044363066507614
C-FVD,46.5,3,-0.25399511644912387
C-FVD,46.6,3,-0.2473459280605379
C-FVD,46.7,3,-0.24060330691862397
C-FVD,46.800000000000004,3,-0.23382294373270618
C-FVD,46.900000000000006,3,-0.22702180204493594
C-FVD,47.0,3,-0.22019029092908582
C-FVD,47.1,3,-0.2133024936230914
C-FVD,47.2,3,-0.20632410635566245
C-FVD,47.300000000000004,3,-0.1992182149201387
C-FVD,47.400000000000006,3,-0.1919492384266217
C-FVD,47.5,3,-0.1844854236548894
C-FVD,47.6,3,-0.1768002529903807
C-FVD,47.7,3,-0.16887307632389614
C-FVD,47.800000000000004,3,-0.160689215727448
C-FVD,47.900000000000006,3,-0.15223973297949378
C-FVD,48.0,3,-0.14352099929891082
C-FVD,48.1,3,-0.13453416550957797
C-FVD,48.2,3,-0.12528459896292432
C-FVD,48.300000000000004,3,-0.1157813297171515
C-FVD,48.400000000000006,3,-0.10603653125604318
C-FVD,48.5,3,-0.09606504900674828
C-FVD,48.6,3,-0.08588398182669188
C-FVD,48.7,3,-0.07551231643448197
C-FVD,48.800000000000004,3,-0.06585206664108867
C-FVD,48.900000000000006,3,-0.05747526246311985
C-FVD,49.0,3,-0.05052852858260337
C-FVD,49.1,3,-0.044926419359589076
C-FVD,49.2,3,-0.04047037554430588
C-FVD,49.300000000000004,3,-0.036919648635407754
C-FVD,49.400000000000006,3,-0.03403166144366487
C-FVD,49.5,3,-0.03158328810500599
C-FVD,49.6,3,-0.02938052340722308
C-FVD,49.7,3,-0.027261338076126407
C-FVD,49.800000000000004,3,-0.025094750216830164
C-FVD,49.900000000000006,3,-0.022777986873547817
C-FVD,50.0,3,-0.020232861491706444
C-FVD,50.1,3,-0.017402015741128096
C-FVD,50.2,3,-0.014245375072126976
C-FVD,50.300000000000004,3,-0.010736984386973347
C-FVD,50.400000000000006,3,-0.006862281903114109
C-FVD,50.5,3,-0.0026158082820941786
C-FVD,50.6,3,0.0020006835345078855
C-FVD,50.7,3,0.006979766227537709
C-FVD,50.800000000000004,3,0.012309575751320523
C-FVD,50.900000000000006,3,0.017974798656286595
C-FVD,51.0,3,0.023957454134109213
C-FVD,51.1,3,0.030237509886170244
C-FVD,51.2,3,0.03679336486263374
C-FVD,51.300000000000004,3,0.04186243044475191
C-FVD,51.400000000000006,3,0.04164157113390843
C-FVD,51.5,3,0.03815943796477406
C-FVD,51.6,3,0.03284964021023207
C-FVD,51.7,3,0.02671677585382426
C-FVD,51.800000000000004,3,0.020456571495913067
C-FVD,51.900000000000006,3,0.014311445672706924
C-FVD,52.0,3,0.008320779191491212
C-FVD,52.1,3,0.0024537446603343227
C-FVD,52.2,3,-0.003326783540092748
C-FVD,52.300000000000004,3,-0.009038301804812576
C-FVD,52.400000000000006,3,-0.01467244539854562
C-FVD,52.5,3,-0.020197963228635984
C-FVD,52.6,3,-0.025567134042963957
C-FVD,52.7,3,-0.030722655773871566
C-FVD,52.800000000000004,3,-0.03560364595407073
C-FVD,52.900000000000006,3,-0.04015027413779748
C-FVD,53.0,3,-0.0443070009164952
C-FVD,53.1,3,-0.04802460457361768
C-FVD,53.2,3,-0.05126124664241338
C-FVD,53.300000000000004,3,-0.05398282771102991
C-FVD,53.400000000000006,3,-0.05616285295661427
C-FVD,53.5,3,-0.05778198422160408
C-FVD,53.6,3,-0.0588274129187063
C-FVD,53.7,3,-0.05929215068566407
C-FVD,53.800000000000004,3,-0.05917430424086234
C-FVD,53.900000000000006,3,-0.05847637732355082
C-FVD,54.0,3,-0.05720462515003888
C-FVD,54.1,3,-0.0553684744048244
C-FVD,54.2,3,-0.05298001332435831
C-FVD,54.300000000000004,3,-0.050053550949751724
C-FVD,54.400000000000006,3,-0.04731183231506897
C-FVD,54.5,3,-0.045648553735034625
C-FVD,54.6,3,-0.04538533706353931
C-FVD,54.7,3,-0.04652010719269306
C-FVD,54.800000000000004,3,-0.04888202570220912
C-FVD,54.900000000000006,3,-0.05222563139102654
C-FVD,55.0,3,-0.05628593699845652
C-FVD,55.1,3,-0.060808859868409115
C-FVD,55.2,3,-0.06556640310536821
C-FVD,55.300000000000004,3,-0.07036268450992544
C-FVD,55.400000000000006,3,-0.07503470564484793
C-FVD,55.5,3,-0.07945030107309492
C-FVD,55.6,3,-0.08350476092790338
C-FVD,55.7,3,-0.08711701024998852
C-FVD,55.800000000000004,3,-0.0902258419626758
C-FVD,55.900000000000006,3,-0.0927864601497781
C-FVD,56.0,3,-0.09476744503383117
C-FVD,56.1,3,-0.09614816654329594
C-FVD,56.2,3,-0.09691662707524351
C-FVD,56.300000000000004,3,-0.09706769129342696
C-FVD,56.400000000000006,3,-0.09660165206351579
C-FVD,56.5,3,-0.0955230808854175
C-FVD,56.6,3,-0.0938399146719977
C-FVD,56.7,3,-0.09156273615803379
C-FVD,56.800000000000004,3,-0.08870421125757666
C-FVD,56.900000000000006,3,-0.08527865257458345
C-FVD,57.0,3,-0.0877175606322389
C-FVD,57.1,3,-0.09454665877961332
C-FVD,57.2,3,-0.10399059130283561
C-FVD,57.300000000000004,3,-0.11479078000141385
C-FVD,57.400000000000006,3,-0.12606170783859838
C-FVD,57.5,3,-0.13718684481350607
C-FVD,57.6,3,-0.14774329129076058
C-FVD,57.7,3,-0.15744722478428308
C-FVD,57.800000000000004,3,-0.16611441935438442
C-FVD,57.900000000000006,3,-0.17363168780024374
C-FVD,58.0,3,-0.17993624110171247
C-FVD,58.1,3,-0.18500078761510963
C-FVD,58.2,3,-0.18882279383691447
C-FVD,58.300000000000004,3,-0.19141676245015127
C-FVD,58.400000000000006,3,-0.19280869765287711
C-FVD,58.5,3,-0.19303215552342934
C-FVD,58.6,3,-0.1921254423115073
C-FVD,58.7,3,-0.19012964333385263
C-FVD,58.800000000000004,3,-0.18708725209068788
C-FVD,58.900000000000006,3,-0.18304123234010028
C-FVD,59.0,3,-0.17803439171415825
C-FVD,59.1,3,-0.17210897876855924
C-FVD,59.2,3,-0.1653064395632704
C-FVD,59.300000000000004,3,-0.15766728746120506
C-FVD,59.400000000000006,3,-0.14923105261547853
C-FVD,59.5,3,-0.14003628690265657
C-FVD,59.6,3,-0.13012060680285487
C-FVD,59.7,3,-0.11952076161994185
C-FVD,59.800000000000004,3,-0.10827271797882965
C-FVD,59.900000000000006,3,-0.09658936851907107
C-FVD,60.0,3,-0.0848616395849735
C-FVD,60.1,3,-0.07346422715379752
C-FVD,60.2,3,-0.06267749790653276
C-FVD,60.300000000000004,3,-0.05266997195747081
C-FVD,60.400000000000006,3,-0.04350937589455839
C-FVD,60.5,3,-0.03518456763164224
C-FVD,60.6,3,-0.02762913821815438
C-FVD,60.7,3,-0.02074240199886468
C-FVD,60.800000000000004,3,-0.014406202010523117
C-FVD,60.900000000000006,3,-0.00849736771942844
C-FVD,61.0,3,-0.002896317299606821
C-FVD,61.1,3,0.0025074672698721656
C-FVD,61.2,3,0.007812346051307983
C-FVD,61.300000000000004,3,0.013103145258481774
C-FVD,61.400000000000006,3,0.018450957081984853
C-FVD,61.5,3,0.023913695425191506
C-FVD,61.6,3,0.029537097195243334
C-FVD,61.7,3,0.035355949131458786
C-FVD,61.800000000000004,3,0.04139539088346922
C-FVD,61.900000000000006,3,0.0476721981875361
C-FVD,62.0,3,0.05419598848726359
C-FVD,62.1,3,0.06097031826831589
C-FVD,62.2,3,0.06799365949520997
C-FVD,62.300000000000004,3,0.07526025417617177
C-FVD,62.400000000000006,3,0.08275931613303023
C-FVD,62.5,3,0.08865215230107104
C-FVD,62.6,3,0.09220000746051582
C-FVD,62.7,3,0.09328880378664195
C-FVD,62.800000000000004,3,0.0921340090773004
C-FVD,62.900000000000006,3,0.08910200519890843
C-FVD,63.0,3,0.0846058405658141
C-FVD,63.1,3,0.07904769711851145
C-FVD,63.2,3,0.07279006380159103
C-FVD,63.300000000000004,3,0.06614403232621768
C-FVD,63.400000000000006,3,0.059367370951525444
C-FVD,63.5,3,0.05266780597741416
C-FVD,63.6,3,0.04620873634798528
C-FVD,63.7,3,0.040115754294586026
C-FVD,63.800000000000004,3,0.034483066530135886
C-FVD,63.900000000000006,3,0.029379354876157393
C-FVD,64.0,3,0.02485288122923457
C-FVD,64.10000000000001,3,0.02093579467319806
C-FVD,64.2,3,0.017647680957992407
C-FVD,64.3,3,0.014998434089537938
C-FVD,64.4,3,0.012990544037865703
C-FVD,64.5,3,0.011620894668222803
C-FVD,64.60000000000001,3,0.010882158774522921
C-FVD,64.7,3,0.010763866650464138
C-FVD,64.8,3,0.01125321334668783
C-FVD,64.9,3,0.012335658919052861
C-FVD,65.0,3,0.011437993835139437
C-FVD,0.0,4,0.0
C-FVD,0.1,4,-0.04859189510542805
C-FVD,0.2,4,-0.07549356369078275
C-FVD,0.30000000000000004,4,-0.09090565066436085
C-FVD,0.4,4,-0.10161135358594464
C-FVD,0.5,4,-0.11132091758640428
C-FVD,0.6000000000000001,4,-0.12178199611428475
C-FVD,0.7000000000000001,4,-0.13355772074674732
C-FVD,0.8,4,-0.1465508454785489
C-FVD,0.9,4,-0.1603421993761529
C-FVD,1.0,4,-0.17439845674304344
C-FVD,1.1,4,-0.18819125252976043
C-FVD,1.2000000000000002,4,-0.2012584303787559
C-FVD,1.3,4,-0.21322917475520242
C-FVD,1.4000000000000001,4,-0.22382787997815612
C-FVD,1.5,4,-0.232866548661244
C-FVD,1.6,4,-0.2402319243973956
C-FVD,1.7000000000000002,4,-0.2458710989184798
C-FVD,1.8,4,-0.24977769403981043
C-FVD,1.9000000000000001,4,-0.25197966536648053
C-FVD,2.0,4,-0.2525291266411056
C-FVD,2.1,4,-0.2514942174478314
C-FVD,2.2,4,-0.24895283763991038
C-FVD,2.3000000000000003,4,-0.24498798326621518
C-FVD,2.4000000000000004,4,-0.23968439625418547
C-FVD,2.5,4,-0.23312625428458844
C-FVD,2.6,4,-0.22539565947342055
C-FVD,2.7,4,-0.21657172324438534
C-FVD,2.8000000000000003,4,-0.20673008355329614
C-FVD,2.9000000000000004,4,-0.20156980573546512
C-FVD,3.0,4,-0.2015990882760441
C-FVD,3.1,4,-0.20469521791661727
C-FVD,3.2,4,-0.2093650458962273
C-FVD,3.3000000000000003,4,-0.2145693083831084
C-FVD,3.4000000000000004,4,-0.21959528683434293
C-FVD,3.5,4,-0.22396454698160895
C-FVD,3.6,4,-0.22742063932844658
C-FVD,3.7,4,-0.22987969777712003
C-FVD,3.8000000000000003,4,-0.2313713165883815
C-FVD,3.9000000000000004,4,-0.23198716155397392
C-FVD,4.0,4,-0.2318428178369203
C-FVD,4.1000000000000005,4,-0.23105274329266123
C-FVD,4.2,4,-0.22971595740456507
C-FVD,4.3,4,-0.22790957233419107
C-FVD,4.4,4,-0.22568752884661336
C-FVD,4.5,4,-0.2230824382199259
C-FVD,4.6000000000000005,4,-0.2201090045462113
C-FVD,4.7,4,-0.21676800189232814
C-FVD,4.800000000000001,4,-0.2130501727878773
C-FVD,4.9,4,-0.20893969943066004
C-FVD,5.0,4,-0.20441709290044408
C-FVD,5.1000000000000005,4,-0.19946146879638427
C-FVD,5.2,4,-0.19405224928055453
C-FVD,5.300000000000001,4,-0.18817036759809014
C-FVD,5.4,4,-0.18179906420324699
C-FVD,5.5,4,-0.17492436274876688
C-FVD,5.6000000000000005,4,-0.167535305716207
C-FVD,5.7,4,-0.15962401755492728
C-FVD,5.800000000000001,4,-0.15118565046111065
C-FVD,5.9,4,-0.14221825586627013
C-FVD,6.0,4,-0.13272261407792385
C-FVD,6.1000000000000005,4,-0.12281759648960744
C-FVD,6.2,4,-0.11285142135718296
C-FVD,6.300000000000001,4,-0.10317840613337914
C-FVD,6.4,4,-0.0940664167696319
C-FVD,6.5,4,-0.08567285151207038
C-FVD,6.6000000000000005,4,-0.07805333107903678
C-FVD,6.7,4,-0.07118324602718751
C-FVD,6.800000000000001,4,-0.06498180241714913
C-FVD,6.9,4,-0.05933368376856052
C-FVD,7.0,4,-0.054106482507009446
C-FVD,7.1000000000000005,4,-0.04916363561577519
C-FVD,7.2,4,-0.04437333998030546
C-FVD,7.300000000000001,4,-0.03961419694865498
C-FVD,7.4,4,-0.03477836621131836
C-FVD,7.5,4,-0.029772925715519705
C-FVD,7.6000000000000005,4,-0.02452000906202656
C-FVD,7.7,4,-0.018956162410086463
C-FVD,7.800000000000001,4,-0.013031247068205687
C-FVD,7.9,4,-0.00670711823515191
C-FVD,8.0,4,4.376453810017722e-05
C-FVD,8.1,4,0.007239695764278409
C-FVD,8.200000000000001,4,0.014890992501371159
C-FVD,8.3,4,0.023001142368203276
C-FVD,8.4,4,0.03156781949651233
C-FVD,8.5,4,0.0405837688933115
C-FVD,8.6,4,0.05003756687361438
C-FVD,8.700000000000001,4,0.058795517775418915
C-FVD,8.8,4,0.0656994307244183
C-FVD,8.9,4,0.07040120554336937
C-FVD,9.0,4,0.07299474319346544
C-FVD,9.1,4,0.07379088626613317
C-FVD,9.200000000000001,4,0.07318407773489533
C-FVD,9.3,4,0.07157696100551014
C-FVD,9.4,4,0.0693408775175115
C-FVD,9.5,4,0.06679802897666853
C-FVD,9.600000000000001,4,0.0642162362367582
C-FVD,9.700000000000001,4,0.06181061430419277
C-FVD,9.8,4,0.05974868281419532
C-FVD,9.9,4,0.05815684298739754
C-FVD,10.0,4,0.05712704462966123
C-FVD,10.100000000000001,4,0.05672302050794187
C-FVD,10.200000000000001,4,0.05698580047381263
C-FVD,10.3,4,0.05793841335917449
C-FVD,10.4,4,0.05958979293878386
C-FVD,10.5,4,0.06193795889661047
C-FVD,10.600000000000001,4,0.06497256640127347
C-FVD,10.700000000000001,4,0.06867692228638234
C-FVD,10.8,4,0.07302956044982878
C-FVD,10.9,4,0.07800545908869694
C-FVD,11.0,4,0.08357697079573434
C-FVD,11.100000000000001,4,0.08971452504241384
C-FVD,11.200000000000001,4,0.09638715202337522
C-FVD,11.3,4,0.09463302002597374
C-FVD,11.4,4,0.08619917455502346
C-FVD,11.5,4,0.07385772849312033
C-FVD,11.600000000000001,4,0.059551121104570726
C-FVD,11.700000000000001,4,0.044600178266829715
C-FVD,11.8,4,0.029856802009094352
C-FVD,11.9,4,0.015838814077250518
C-FVD,12.0,4,0.0028374957228187725
C-FVD,12.100000000000001,4,-0.009002231988310072
C-FVD,12.200000000000001,4,-0.019625092780323428
C-FVD,12.3,4,-0.029027187440931357
C-FVD,12.4,4,-0.03723138021429229
C-FVD,12.5,4,-0.044272310428173256
C-FVD,12.600000000000001,4,-0.05018789198715723
C-FVD,12.700000000000001,4,-0.05501498802007809
C-FVD,12.8,4,-0.058787631488401715
C-FVD,12.9,4,-0.06153669163419018
C-FVD,13.0,4,-0.06329027551935162
C-FVD,13.100000000000001,4,-0.06407442858488999
C-FVD,13.200000000000001,4,-0.06391388436498602
C-FVD,13.3,4,-0.06283273457875893
C-FVD,13.4,4,-0.060854965843914144
C-FVD,13.5,4,-0.05800485288222568
C-FVD,13.600000000000001,4,-0.05430722112775577
C-FVD,13.700000000000001,4,-0.04978760178168251
C-FVD,13.8,4,-0.04447230484535325
C-FVD,13.9,4,-0.03838843398571079
C-FVD,14.0,4,-0.03156386345582618
C-FVD,14.100000000000001,4,-0.024027193040318195
C-FVD,14.200000000000001,4,-0.01583524043168616
C-FVD,14.3,4,-0.007262245032395143
C-FVD,14.4,4,0.0013961119323173676
C-FVD,14.5,4,0.00990625713305704
C-FVD,14.600000000000001,4,0.018120896804367348
C-FVD,14.700000000000001,4,0.025974459133223604
C-FVD,14.8,4,0.03346685501565716
C-FVD,14.9,4,0.0406445178370447
C-FVD,15.0,4,0.04758300630983214
C-FVD,15.100000000000001,4,0.05437285304842021
C-FVD,15.200000000000001,4,0.06110897675614524
C-FVD,15.3,4,0.06788332749012405
C-FVD,15.4,4,0.07478018510968987
C-FVD,15.5,4,0.08187349114060183
C-FVD,15.600000000000001,4,0.08922565381109315
C-FVD,15.700000000000001,4,0.09688736346262594
C-FVD,15.8,4,0.10489805855167411
C-FVD,15.9,4,0.11328677564063838
C-FVD,16.0,4,0.12207319422859442
C-FVD,16.1,4,0.13126874812067157
C-FVD,16.2,4,0.14087772080791439
C-FVD,16.3,4,0.15089827549069845
C-FVD,16.400000000000002,4,0.16132339354186342
C-FVD,16.5,4,0.17214171075971052
C-FVD,16.6,4,0.183338250715396
C-FVD,16.7,4,0.19489506046281058
C-FVD,16.8,4,0.2059024330570871
C-FVD,16.900000000000002,4,0.2155209455029823
C-FVD,17.0,4,0.22352146168336873
C-FVD,17.1,4,0.2300043907127396
C-FVD,17.2,4,0.23522879965671173
C-FVD,17.3,4,0.23951176080079328
C-FVD,17.400000000000002,4,0.24317191349175182
C-FVD,17.5,4,0.24648311326202865
C-FVD,17.6,4,0.2496445090153454
C-FVD,17.7,4,0.2527859236954093
C-FVD,17.8,4,0.25598509273449643
C-FVD,17.900000000000002,4,0.2592858685087709
C-FVD,18.0,4,0.26271310409420323
C-FVD,18.1,4,0.26628318470454637
C-FVD,18.2,4,0.2700106087617993
C-FVD,18.3,4,0.27391151205458897
C-FVD,18.400000000000002,4,0.2780050697428553
C-FVD,18.5,4,0.2823135666694263
C-FVD,18.6,4,0.28686173094524037
C-FVD,18.7,4,0.29167574114554107
C-FVD,18.8,4,0.2967821672471409
C-FVD,18.900000000000002,4,0.3022069940145986
C-FVD,19.0,4,0.3079747987372574
C-FVD,19.1,4,0.31410810594580063
C-FVD,19.200000000000003,4,0.32062691274118826
C-FVD,19.3,4,0.32466805905754903
C-FVD,19.400000000000002,4,0.32226558556906326
C-FVD,19.5,4,0.3161061138241834
C-FVD,19.6,4,0.30808186431388584
C-FVD,19.700000000000003,4,0.29951342318899776
C-FVD,19.8,4,0.29131050866086916
C-FVD,19.900000000000002,4,0.28408797467620417
C-FVD,20.0,4,0.27814561329768317
C-FVD,20.1,4,0.27351103561995416
C-FVD,20.200000000000003,4,0.2701092419517579
C-FVD,20.3,4,0.26784641345834714
C-FVD,20.400000000000002,4,0.2666459560748091
C-FVD,20.5,4,0.26645936001121306
C-FVD,20.6,4,0.2672648963015316
C-FVD,20.700000000000003,4,0.26906138103967336
C-FVD,20.8,4,0.2718607970752327
C-FVD,20.900000000000002,4,0.2756815753179378
C-FVD,21.0,4,0.28054323427705974
C-FVD,21.1,4,0.2864624994893834
C-FVD,21.200000000000003,4,0.2934507523289991
C-FVD,21.3,4,0.3015125550648392
C-FVD,21.400000000000002,4,0.3106449851347186
C-FVD,21.5,4,0.32083753951865646
C-FVD,21.6,4,0.33207241363609796
C-FVD,21.700000000000003,4,0.3443250046043733
C-FVD,21.8,4,0.357564529466611
C-FVD,21.900000000000002,4,0.37175468267330025
C-FVD,22.0,4,0.38685428337588945
C-FVD,22.1,4,0.40281788268369034
C-FVD,22.200000000000003,4,0.41959631505938866
C-FVD,22.3,4,0.4371371876554697
C-FVD,22.400000000000002,4,0.4553853076894807
C-FVD,22.5,4,0.47321839508284036
C-FVD,22.6,4,0.4899898697004126
C-FVD,22.700000000000003,4,0.50550983210438
C-FVD,22.8,4,0.5198364043015555
C-FVD,22.900000000000002,4,0.5331478835965253
C-FVD,23.0,4,0.545666884023607
C-FVD,23.1,4,0.5576174214176515
C-FVD,23.200000000000003,4,0.569202470693817
C-FVD,23.3,4,0.5805444425090815
C-FVD,23.400000000000002,4,0.5916839230633872
C-FVD,23.5,4,0.6026016604910414
C-FVD,23.6,4,0.6132441196683285
C-FVD,23.700000000000003,4,0.62354463474799
C-FVD,23.8,4,0.6334380102491846
C-FVD,23.900000000000002,4,0.6428690258853518
C-FVD,24.0,4,0.6517962293284807
C-FVD,24.1,4,0.6601925212481135
C-FVD,24.200000000000003,4,0.6680438171115632
C-FVD,24.3,4,0.6753467504338548
C-FVD,24.400000000000002,4,0.6821060746154135
C-FVD,24.5,4,0.6883321688778956
C-FVD,24.6,4,0.6940388673132354
C-FVD,24.700000000000003,4,0.6992417023619684
C-FVD,24.8,4,0.7039565732987896
C-FVD,24.900000000000002,4,0.7042626012180637
C-FVD,25.0,4,0.6984557942423866
C-FVD,25.1,4,0.6886605102454748
C-FVD,25.200000000000003,4,0.6763891131630171
C-FVD,25.3,4,0.6627141766376976
C-FVD,25.400000000000002,4,0.6483923463646164
C-FVD,25.5,4,0.6339534359763181
C-FVD,25.6,4,0.6197645235976967
C-FVD,25.700000000000003,4,0.6058796670583497
C-FVD,25.8,4,0.5921548351407431
C-FVD,25.900000000000002,4,0.5784128908591946
C-FVD,26.0,4,0.5645158628358864
C-FVD,26.1,4,0.5503878831640936
C-FVD,26.200000000000003,4,0.5360139102240087
C-FVD,26.3,4,0.5214282707465578
C-FVD,26.400000000000002,4,0.5067004583760735
C-FVD,26.5,4,0.4919218013812614
C-FVD,26.6,4,0.4771944745580061
C-FVD,26.700000000000003,4,0.4626231990727572
C-FVD,26.8,4,0.44830942726207645
C-FVD,26.900000000000002,4,0.4343475899177207
C-FVD,27.0,4,0.4208229374637735
C-FVD,27.1,4,0.40781054405315764
C-FVD,27.200000000000003,4,0.39537511467466757
C-FVD,27.3,4,0.38357131314437964
C-FVD,27.400000000000002,4,0.3724444004035501
C-FVD,27.5,4,0.3620310326625962
C-FVD,27.6,4,0.3523601165589749
C-FVD,27.700000000000003,4,0.34345365459545363
C-FVD,27.8,4,0.33532754047610425
C-FVD,27.900000000000002,4,0.32799228251632684
C-FVD,28.0,4,0.3214536458897914
C-FVD,28.1,4,0.3157132126359059
C-FVD,28.200000000000003,4,0.30949087062850467
C-FVD,28.3,4,0.3020596540261806
C-FVD,28.400000000000002,4,0.29323602320045694
C-FVD,28.5,4,0.28313234031068646
C-FVD,28.6,4,0.27200507784121974
C-FVD,28.700000000000003,4,0.26016457035660423
C-FVD,28.8,4,0.24792376108516656
C-FVD,28.900000000000002,4,0.2355711966264984
C-FVD,29.0,4,0.22335872444445393
C-FVD,29.1,4,0.21149779301555505
C-FVD,29.200000000000003,4,0.20016051862695328
C-FVD,29.3,4,0.18948315682110994
C-FVD,29.400000000000002,4,0.1795705652350179
C-FVD,29.5,4,0.17050084671663157
C-FVD,29.6,4,0.16232973696624775
C-FVD,29.700000000000003,4,0.1550945294605075
C-FVD,29.8,4,0.14881746499801096
C-FVD,29.900000000000002,4,0.14350858863373084
C-FVD,30.0,4,0.13916811568372545
C-FVD,30.1,4,0.13578836545998918
C-FVD,30.200000000000003,4,0.13335532569722552
C-FVD,30.3,4,0.1318499080422466
C-FVD,30.400000000000002,4,0.13124894902088435
C-FVD,30.5,4,0.13152600366639966
C-FVD,30.6,4,0.13265197166645137
C-FVD,30.700000000000003,4,0.12987052444531777
C-FVD,30.8,4,0.12147064795846774
C-FVD,30.900000000000002,4,0.10970000770120691
C-FVD,31.0,4,0.09614690985093866
C-FVD,31.1,4,0.08192435689163702
C-FVD,31.200000000000003,4,0.0677590123351024
C-FVD,31.3,4,0.05407603544925976
C-FVD,31.400000000000002,4,0.04108923797426378
C-FVD,31.5,4,0.0288777480050868
C-FVD,31.6,4,0.017443834258699553
C-FVD,31.700000000000003,4,0.0067527940158527144
C-FVD,31.8,4,-0.00324179130866753
C-FVD,31.900000000000002,4,-0.012583654690807577
C-FVD,32.0,4,-0.021306906187701813
C-FVD,32.1,4,-0.029433858678025615
C-FVD,32.2,4,-0.03697562822557998
C-FVD,32.300000000000004,4,-0.04393413794451284
C-FVD,32.4,4,-0.05030463940491714
C-FVD,32.5,4,-0.056078221797580596
C-FVD,32.6,4,-0.061244025985542905
C-FVD,32.7,4,-0.06579104228708843
C-FVD,32.800000000000004,4,-0.06970947001124372
C-FVD,32.9,4,-0.07299167231858661
C-FVD,33.0,4,-0.07563278658553862
C-FVD,33.1,4,-0.07763105890227884
C-FVD,33.2,4,-0.07898796920766138
C-FVD,33.300000000000004,4,-0.07970820594543859
C-FVD,33.4,4,-0.0797995392660873
C-FVD,33.5,4,-0.07927263165291976
C-FVD,33.6,4,-0.07814081549649288
C-FVD,33.7,4,-0.07645866246394917
C-FVD,33.800000000000004,4,-0.07457334100839041
C-FVD,33.9,4,-0.07286675573865331
C-FVD,34.0,4,-0.07164415473335595
C-FVD,34.1,4,-0.07110052376924791
C-FVD,34.2,4,-0.07132495714831322
C-FVD,34.300000000000004,4,-0.07232076102145335
C-FVD,34.4,4,-0.07402952005353747
C-FVD,34.5,4,-0.07635343887100454
C-FVD,34.6,4,-0.07917366941069481
C-FVD,34.7,4,-0.08236413229865036
C-FVD,34.800000000000004,4,-0.08580120498715438
C-FVD,34.9,4,-0.08936999168214577
C-FVD,35.0,4,-0.09296795595422225
C-FVD,35.1,4,-0.09650662976881463
C-FVD,35.2,4,-0.09991199306159615
C-FVD,35.300000000000004,4,-0.10312398870249417
C-FVD,35.4,4,-0.10609551939890416
C-FVD,35.5,4,-0.10879117398726201
C-FVD,35.6,4,-0.1111858522018796
C-FVD,35.7,4,-0.11326339770940841
C-FVD,35.800000000000004,4,-0.11501530597107212
C-FVD,35.9,4,-0.11643954309482751
C-FVD,36.0,4,-0.11753949125994367
C-FVD,36.1,4,-0.11832302298465613
C-FVD,36.2,4,-0.11880169840899235
C-FVD,36.300000000000004,4,-0.1191359762866373
C-FVD,36.4,4,-0.12099793603885622
C-FVD,36.5,4,-0.12504100432213505
C-FVD,36.6,4,-0.1313430344065285
C-FVD,36.7,4,-0.13968092445065494
C-FVD,36.800000000000004,4,-0.1496963953259982
C-FVD,36.9,4,-0.16099236005441142
C-FVD,37.0,4,-0.1731857689667038
C-FVD,37.1,4,-0.18593376136047368
C-FVD,37.2,4,-0.1989439398444972
C-FVD,37.300000000000004,4,-0.21197561677759502
C-FVD,37.4,4,-0.22483628895112417
C-FVD,37.5,4,-0.2373759192370457
C-FVD,37.6,4,-0.24948053289570993
C-FVD,37.7,4,-0.2610659634551933
C-FVD,37.800000000000004,4,-0.27207216932888834
C-FVD,37.9,4,-0.28245829514743015
C-FVD,38.0,4,-0.29219851017103515
C-FVD,38.1,4,-0.30127858026653875
C-FVD,38.2,4,-0.3096930940009237
C-FVD,38.300000000000004,4,-0.31744325095196047
C-FVD,38.400000000000006,4,-0.3245351210086387
C-FVD,38.5,4,-0.33097829084444896
C-FVD,38.6,4,-0.33678482406728527
C-FVD,38.7,4,-0.3419684725716916
C-FVD,38.800000000000004,4,-0.34654408714711415
C-FVD,38.900000000000006,4,-0.3505271848486835
C-FVD,39.0,4,-0.3600455720335738
C-FVD,39.1,4,-0.3762759166994325
C-FVD,39.2,4,-0.39644557238595546
C-FVD,39.300000000000004,4,-0.4186014632175681
C-FVD,39.400000000000006,4,-0.44138193070103604
C-FVD,39.5,4,-0.4638511921243893
C-FVD,39.6,4,-0.48537926102668294
C-FVD,39.7,4,-0.5055714183744726
C-FVD,39.800000000000004,4,-0.5242272948439766
C-FVD,39.900000000000006,4,-0.5412855897958888
C-FVD,40.0,4,-0.5567729754934447
C-FVD,40.1,4,-0.5707638988521335
C-FVD,40.2,4,-0.5833521912497037
C-FVD,40.300000000000004,4,-0.5946329004894544
C-FVD,40.400000000000006,4,-0.6046919820401033
C-FVD,40.5,4,-0.6136015325297581
C-FVD,40.6,4,-0.621418629117807
C-FVD,40.7,4,-0.6281863028967383
C-FVD,40.800000000000004,4,-0.6339356056875207
C-FVD,40.900000000000006,4,-0.6386880826717416
C-FVD,41.0,4,-0.64245823024903
C-FVD,41.1,4,-0.6452557081021784
C-FVD,41.2,4,-0.6470872014836306
C-FVD,41.300000000000004,4,-0.6479579095573307
C-FVD,41.400000000000006,4,-0.6478726817391447
C-FVD,41.5,4,-0.6468368472151393
C-FVD,41.6,4,-0.6448567913589311
C-FVD,41.7,4,-0.6419403324910711
C-FVD,41.800000000000004,4,-0.6380969473536524
C-FVD,41.900000000000006,4,-0.6333378864494232
C-FVD,42.0,4,-0.627676212647053
C-FVD,42.1,4,-0.6211267891155234
C-FVD,42.2,4,-0.6137062361932948
C-FVD,42.300000000000004,4,-0.6054328713963262
C-FVD,42.400000000000006,4,-0.596467197631199
C-FVD,42.5,4,-0.587079010093591
C-FVD,42.6,4,-0.5775191989783899
C-FVD,42.7,4,-0.5679697892193456
C-FVD,42.800000000000004,4,-0.558534449950999
C-FVD,42.900000000000006,4,-0.5492477958221755
C-FVD,43.0,4,-0.5400915563716193
C-FVD,43.1,4,-0.5310114711299594
C-FVD,43.2,4,-0.5219320923677433
C-FVD,43.300000000000004,4,-0.5127685079513338
C-FVD,43.400000000000006,4,-0.5034349395220534
C-FVD,43.5,4,-0.49385060208224196
C-FVD,43.6,4,-0.48394335925607734
C-FVD,43.7,4,-0.473651710661537
C-FVD,43.800000000000004,4,-0.46292558305568043
C-FVD,43.900000000000006,4,-0.45172630905678623
C-FVD,44.0,4,-0.44002608907464413
C-FVD,44.1,4,-0.42780715413033654
C-FVD,44.2,4,-0.4150607832198965
C-FVD,44.300000000000004,4,-0.40178627890856333
C-FVD,44.400000000000006,4,-0.38798996739495095
C-FVD,44.5,4,-0.37368426221174644
C-FVD,44.6,4,-0.3588868118407813
C-FVD,44.7,4,-0.3436197388489184
C-FVD,44.800000000000004,4,-0.32790897004921327
C-FVD,44.900000000000006,4,-0.31178365235038186
C-FVD,45.0,4,-0.2954090364884845
C-FVD,45.1,4,-0.2800754792509075
C-FVD,45.2,4,-0.26628907237536303
C-FVD,45.300000000000004,4,-0.2541132034313591
C-FVD,45.400000000000006,4,-0.24338060134589412
C-FVD,45.5,4,-0.23382150063358154
C-FVD,45.6,4,-0.2251381941560222
C-FVD,45.7,4,-0.21704589809670338
C-FVD,45.800000000000004,4,-0.2092929178047136
C-FVD,45.900000000000006,4,-0.2016684824377215
C-FVD,46.0,4,-0.1940035601710619
C-FVD,46.1,4,-0.18616796215597908
C-FVD,46.2,4,-0.17806574379121898
C-FVD,46.300000000000004,4,-0.1696432490998241
C-FVD,46.400000000000006,4,-0.16090370498916684
C-FVD,46.5,4,-0.1518954883941248
C-FVD,46.6,4,-0.1426934881441131
C-FVD,46.7,4,-0.1333820913355055
C-FVD,46.800000000000004,4,-0.12404271348560059
C-FVD,46.900000000000006,4,-0.11474612853947619
C-FVD,47.0,4,-0.10554877133030338
C-FVD,47.1,4,-0.09649189907649003
C-FVD,47.2,4,-0.08760257644350844
C-FVD,47.300000000000004,4,-0.07889566092534572
C-FVD,47.400000000000006,4,-0.07037619825741004
C-FVD,47.5,4,-0.06204184164307236
C-FVD,47.6,4,-0.05424731407332395
C-FVD,47.7,4,-0.05438711772912974
C-FVD,47.800000000000004,4,-0.05953669319852217
C-FVD,47.900000000000006,4,-0.06762269968517742
C-FVD,48.0,4,-0.07718635213142022
C-FVD,48.1,4,-0.08721193007103523
C-FVD,48.2,4,-0.09700255271707547
C-FVD,48.300000000000004,4,-0.10609022285419734
C-FVD,48.400000000000006,4,-0.11417071481300844
C-FVD,48.5,4,-0.12105647548751186
C-FVD,48.6,4,-0.12664258748126755
C-FVD,48.7,4,-0.13088220539530226
C-FVD,48.800000000000004,4,-0.13376886266041588
C-FVD,48.900000000000006,4,-0.13548048646701716
C-FVD,49.0,4,-0.13627410048006006
C-FVD,49.1,4,-0.13639001092336756
C-FVD,49.2,4,-0.1360138307843055
C-FVD,49.300000000000004,4,-0.13526873766692304
C-FVD,49.400000000000006,4,-0.13422200198269252
C-FVD,49.5,4,-0.13289692072500436
C-FVD,49.6,4,-0.13128552869123666
C-FVD,49.7,4,-0.129359915801869
C-FVD,49.800000000000004,4,-0.12708134713086316
C-FVD,49.900000000000006,4,-0.12440709815757067
C-FVD,50.0,4,-0.12129525410485265
C-FVD,50.1,4,-0.11770784634491527
C-FVD,50.2,4,-0.11361271131786133
C-FVD,50.300000000000004,4,-0.10898441701543327
C-FVD,50.400000000000006,4,-0.10380454189829713
C-FVD,50.5,4,-0.09806152865894013
C-FVD,50.6,4,-0.09175027890697507
C-FVD,50.7,4,-0.0848716078695233
C-FVD,50.800000000000004,4,-0.07743164103161249
C-FVD,50.900000000000006,4,-0.06944120641602503
C-FVD,51.0,4,-0.06091525551020638
C-FVD,51.1,4,-0.05187233117948864
C-FVD,51.2,4,-0.042334090875469244
C-FVD,51.300000000000004,4,-0.03232488687106283
C-FVD,51.400000000000006,4,-0.022180192767352835
C-FVD,51.5,4,-0.012834175346389642
C-FVD,51.6,4,-0.004643324203964738
C-FVD,51.7,4,0.0023626057949339696
C-FVD,51.800000000000004,4,0.008324284686677785
C-FVD,51.900000000000006,4,0.013457971579930117
C-FVD,52.0,4,0.017959027551661677
C-FVD,52.1,4,0.021973387601386563
C-FVD,52.2,4,0.02559906993340455
C-FVD,52.300000000000004,4,0.028898104579454298
C-FVD,52.400000000000006,4,0.03190971026352685
C-FVD,52.5,4,0.03466106840431138
C-FVD,52.6,4,0.03717477581108142
C-FVD,52.7,4,0.039473267822558
C-FVD,52.800000000000004,4,0.04158092291699056
C-FVD,52.900000000000006,4,0.04352459941656939
C-FVD,53.0,4,0.04533323714677984
C-FVD,53.1,4,0.047036995275677285
C-FVD,53.2,4,0.04866624471467951
C-FVD,53.300000000000004,4,0.05025060952902294
C-FVD,53.400000000000006,4,0.051818160578298134
C-FVD,53.5,4,0.0533948025802502
C-FVD,53.6,4,0.055003856944948026
C-FVD,53.7,4,0.056665820869207906
C-FVD,53.800000000000004,4,0.0583982729731769
C-FVD,53.900000000000006,4,0.060215893012509625
C-FVD,54.0,4,0.0569484694735376
C-FVD,54.1,4,0.04949682536496702
C-FVD,54.2,4,0.039576904463526574
C-FVD,54.300000000000004,4,0.028403121563846057
C-FVD,54.400000000000006,4,0.016828128783526353
C-FVD,54.5,4,0.0053182124933783825
C-FVD,54.6,4,-0.00597396573708231
C-FVD,54.7,4,-0.01702536805817978
C-FVD,54.800000000000004,4,-0.027849146072796316
C-FVD,54.900000000000006,4,-0.038452285099925376
C-FVD,55.0,4,-0.048820702808152205
C-FVD,55.1,4,-0.0589180254336803
C-FVD,55.2,4,-0.06869028383338005
C-FVD,55.300000000000004,4,-0.07807237899301356
C-FVD,55.400000000000006,4,-0.08699427326347475
C-FVD,55.5,4,-0.09538605063060324
C-FVD,55.6,4,-0.10318162380284868
C-FVD,55.7,4,-0.11032117688198895
C-FVD,55.800000000000004,4,-0.11675256064156336
C-FVD,55.900000000000006,4,-0.12243188781848069
C-FVD,56.0,4,-0.12732355816361185
C-FVD,56.1,4,-0.13139990555682424
C-FVD,56.2,4,-0.13464061747442635
C-FVD,56.300000000000004,4,-0.13703203801493125
C-FVD,56.400000000000006,4,-0.1385664326631435
C-FVD,56.5,4,-0.13924126675403592
C-FVD,56.6,4,-0.13905852975151411
C-FVD,56.7,4,-0.13802412304353417
C-FVD,56.800000000000004,4,-0.13614731891018472
C-FVD,56.900000000000006,4,-0.13344029163483917
C-FVD,57.0,4,-0.12991771753087988
C-FVD,57.1,4,-0.12673630856097873
C-FVD,57.2,4,-0.12451795408356325
C-FVD,57.300000000000004,4,-0.1234320150274204
C-FVD,57.400000000000006,4,-0.12339873515090893
C-FVD,57.5,4,-0.12421502693237052
C-FVD,57.6,4,-0.12562995828595014
C-FVD,57.7,4,-0.12738810315260451
C-FVD,57.800000000000004,4,-0.1292527300241968
C-FVD,57.900000000000006,4,-0.1310166437548883
C-FVD,58.0,4,-0.13250571919338583
C-FVD,58.1,4,-0.1335783250306708
C-FVD,58.2,4,-0.1341226278015828
C-FVD,58.300000000000004,4,-0.1340529809619202
C-FVD,58.400000000000006,4,-0.13330610081029448
C-FVD,58.5,4,-0.13183741396267656
C-FVD,58.6,4,-0.12961776569677852
C-FVD,58.7,4,-0.126630561715805
C-FVD,58.800000000000004,4,-0.12286934918062897
C-FVD,58.900000000000006,4,-0.11833580745176064
C-FVD,59.0,4,-0.11303810265090242
C-FVD,59.1,4,-0.10698955504517116
C-FVD,59.2,4,-0.1002075694120208
C-FVD,59.300000000000004,4,-0.09271278288595752
C-FVD,59.400000000000006,4,-0.08452839046566574
C-FVD,59.5,4,-0.07567961430478931
C-FVD,59.6,4,-0.067512961156174
C-FVD,59.7,4,-0.06541187599466447
C-FVD,59.800000000000004,4,-0.06712598710631745
C-FVD,59.900000000000006,4,-0.07105669751559063
C-FVD,60.0,4,-0.07610784720717767
C-FVD,60.1,4,-0.08157892602261008
C-FVD,60.2,4,-0.08705423502962972
C-FVD,60.300000000000004,4,-0.09230832787996235
C-FVD,60.400000000000006,4,-0.09723353627755138
C-FVD,60.5,4,-0.1017885643408345
C-FVD,60.6,4,-0.10596446735891263
C-FVD,60.7,4,-0.1097637631459012
C-FVD,60.800000000000004,4,-0.11318881553709126
C-FVD,60.900000000000006,4,-0.1162363683189227
C-FVD,61.0,4,-0.11889588854050537
C-FVD,61.1,4,-0.12115006538811102
C-FVD,61.2,4,-0.12297635972611332
C-FVD,61.300000000000004,4,-0.12434890979356794
C-FVD,61.400000000000006,4,-0.12524038939434767
C-FVD,61.5,4,-0.12562361099723418
C-FVD,61.6,4,-0.1254727914328715
C-FVD,61.7,4,-0.12476447273945368
C-FVD,61.800000000000004,4,-0.1234781312745028
C-FVD,61.900000000000006,4,-0.12159652651857478
C-FVD,62.0,4,-0.11910584566518523
C-FVD,62.1,4,-0.11599569703276913
C-FVD,62.2,4,-0.11225899844377984
C-FVD,62.300000000000004,4,-0.10789179842898555
C-FVD,62.400000000000006,4,-0.10289305986521136
C-FVD,62.5,4,-0.09726470059361425
C-FVD,62.6,4,-0.09133469021977092
C-FVD,62.7,4,-0.08548256187417635
C-FVD,62.800000000000004,4,-0.08001804841506299
C-FVD,62.900000000000006,4,-0.07514184405156676
C-FVD,63.0,4,-0.0709470850848728
C-FVD,63.1,4,-0.067438230964731
C-FVD,63.2,4,-0.0645548703384442
C-FVD,63.300000000000004,4,-0.06219431263642505
C-FVD,63.400000000000006,4,-0.06023039851245038
C-FVD,63.5,4,-0.058527874134604474
C-FVD,63.6,4,-0.056952612860184715
C-FVD,63.7,4,-0.05537835626471477
C-FVD,63.800000000000004,4,-0.05369073992718576
C-FVD,63.900000000000006,4,-0.05178931771009765
C-FVD,64.0,4,-0.04958818653536845
C-FVD,64.10000000000001,4,-0.0470156876165273
C-FVD,64.2,4,-0.044013542392871585
C-FVD,64.3,4,-0.040535681473000906
C-FVD,64.4,4,-0.03654694505583933
C-FVD,64.5,4,-0.03202177232656567
C-FVD,64.60000000000001,4,-0.026942952486912475
C-FVD,64.7,4,-0.02130047824607395
C-FVD,64.8,4,-0.015090520809936336
C-FVD,64.9,4,-0.008314531111615509
C-FVD,65.0,4,-0.0009784631515401543
C-FVD,0.0,5,0.0
C-FVD,0.1,5,-0.013253450045489501
C-FVD,0.2,5,-0.033282349061169114
C-FVD,0.30000000000000004,5,-0.05448913969654612
C-FVD,0.4,5,-0.07447253347901217
C-FVD,0.5,5,-0.09261892490496848
C-FVD,0.6000000000000001,5,-0.10911449414473573
C-FVD,0.7000000000000001,5,-0.12440280320852892
C-FVD,0.8,5,-0.1389152321855427
C-FVD,0.9,5,-0.1529601984436102
C-FVD,1.0,5,-0.16669849876531728
C-FVD,1.1,5,-0.18016036921029155
C-FVD,1.2000000000000002,5,-0.19327850648835287
C-FVD,1.3,5,-0.2059231714835068
C-FVD,1.4000000000000001,5,-0.2179327526468473
C-FVD,1.5,5,-0.22913737426137182
C-FVD,1.6,5,-0.23937539828694376
C-FVD,1.7000000000000002,5,-0.24850374329222724
C-FVD,1.8,5,-0.25640332833480883
C-FVD,1.9000000000000001,5,-0.26298096157552564
C-FVD,2.0,5,-0.26816882782904905
C-FVD,2.1,5,-0.2719224997409544
C-FVD,2.2,5,-0.2742181654590645
C-FVD,2.3000000000000003,5,-0.275049561216397
C-FVD,2.4000000000000004,5,-0.27442493115196775
C-FVD,2.5,5,-0.2723642097257315
C-FVD,2.6,5,-0.268896529994489
C-FVD,2.7,5,-0.26405809763728527
C-FVD,2.8000000000000003,5,-0.2578904295539566
C-FVD,2.9000000000000004,5,-0.250438931327265
C-FVD,3.0,5,-0.24275101664584398
C-FVD,3.1,5,-0.23571510123904993
C-FVD,3.2,5,-0.22963925330660118
C-FVD,3.3000000000000003,5,-0.22450772659435003
C-FVD,3.4000000000000004,5,-0.2201400968176639
C-FVD,3.5,5,-0.21628721010492313
C-FVD,3.6,5,-0.21268669283768205
C-FVD,3.7,5,-0.20910271503041855
C-FVD,3.8000000000000003,5,-0.2053476377960255
C-FVD,3.9000000000000004,5,-0.201288443187984
C-FVD,4.0,5,-0.1968430828609673
C-FVD,4.1000000000000005,5,-0.19197149915205358
C-FVD,4.2,5,-0.18666483295650593
C-FVD,4.3,5,-0.18093503766385588
C-FVD,4.4,5,-0.17480607149552263
C-FVD,4.5,5,-0.16830710766823387
C-FVD,4.6000000000000005,5,-0.16146774770237293
C-FVD,4.7,5,-0.15431498070516447
C-FVD,4.800000000000001,5,-0.1468715331478876
C-FVD,4.9,5,-0.1391552441260071
C-FVD,5.0,5,-0.13117913971430895
C-FVD,5.1000000000000005,5,-0.12295193951133321
C-FVD,5.2,5,-0.11447879199711686
C-FVD,5.300000000000001,5,-0.10576209362669964
C-FVD,5.4,5,-0.09680229539754848
C-FVD,5.5,5,-0.08759863881656216
C-FVD,5.6000000000000005,5,-0.0848417233096388
C-FVD,5.7,5,-0.08773815134273377
C-FVD,5.800000000000001,5,-0.0941342821030009
C-FVD,5.9,5,-0.10249918280119985
C-FVD,6.0,5,-0.11175179974221727
C-FVD,6.1000000000000005,5,-0.12113569732431095
C-FVD,6.2,5,-0.13014885213624794
C-FVD,6.300000000000001,5,-0.1385134085332016
C-FVD,6.4,5,-0.14611555393664233
C-FVD,6.5,5,-0.15294533390299492
C-FVD,6.6000000000000005,5,-0.1590480295958301
C-FVD,6.7,5,-0.16448967387996127
C-FVD,6.800000000000001,5,-0.16933526535233412
C-FVD,6.9,5,-0.17363685690046538
C-FVD,7.0,5,-0.17742859104829733
C-FVD,7.1000000000000005,5,-0.18072618841466692
C-FVD,7.2,5,-0.18352898529985673
C-FVD,7.300000000000001,5,-0.18582318050441593
C-FVD,7.4,5,-0.18758541808317375
C-FVD,7.5,5,-0.1887861858504838
C-FVD,7.6000000000000005,5,-0.18939275889240648
C-FVD,7.7,5,-0.1893715824948785
C-FVD,7.800000000000001,5,-0.18869009051830865
C-FVD,7.9,5,-0.18731801176366147
C-FVD,8.0,5,-0.18522824310491437
C-FVD,8.1,5,-0.1823973752652872
C-FVD,8.200000000000001,5,-0.178805953054594
C-FVD,8.3,5,-0.17443854207436615
C-FVD,8.4,5,-0.16928366182715848
C-FVD,8.5,5,-0.16333363294823044
C-FVD,8.6,5,-0.15658437507627632
C-FVD,8.700000000000001,5,-0.14903518223808554
C-FVD,8.8,5,-0.14088656313774095
C-FVD,8.9,5,-0.1324951867452029
C-FVD,9.0,5,-0.12419334636453705
C-FVD,9.1,5,-0.11621882692379693
C-FVD,9.200000000000001,5,-0.10870161187884264
C-FVD,9.3,5,-0.10167682040281711
C-FVD,9.4,5,-0.09510712430527235
C-FVD,9.5,5,-0.08890607240615367
C-FVD,9.600000000000001,5,-0.08295842885765126
C-FVD,9.700000000000001,5,-0.07713619232945135
C-FVD,9.8,5,-0.07131027034917459
C-FVD,9.9,5,-0.06535837210436846
C-FVD,10.0,5,-0.059169878250520114
C-FVD,10.100000000000001,5,-0.05264844026143223
C-FVD,10.200000000000001,5,-0.045712965286426765
C-FVD,10.3,5,-0.03829751619530164
C-FVD,10.4,5,-0.030350531703190242
C-FVD,10.5,5,-0.021833662282377375
C-FVD,10.600000000000001,5,-0.01272042865797296
C-FVD,10.700000000000001,5,-0.002994840854457337
C-FVD,10.8,5,0.007349935404405983
C-FVD,10.9,5,0.018312814806444422
C-FVD,11.0,5,0.029885906264645712
C-FVD,11.100000000000001,5,0.04205549641205941
C-FVD,11.200000000000001,5,0.054802905316444495
C-FVD,11.3,5,0.06810522311207556
C-FVD,11.4,5,0.08035701494590164
C-FVD,11.5,5,0.09065302919301743
C-FVD,11.600000000000001,5,0.09878343353981833
C-FVD,11.700000000000001,5,0.10490938551126128
C-FVD,11.8,5,0.10936176801307163
C-FVD,11.9,5,0.11251972122261655
C-FVD,12.0,5,0.11474418300560707
C-FVD,12.100000000000001,5,0.11634690560992311
C-FVD,12.200000000000001,5,0.11758077963233227
C-FVD,12.3,5,0.11864183227681657
C-FVD,12.4,5,0.11967673507568222
C-FVD,12.5,5,0.12079212929002381
C-FVD,12.600000000000001,5,0.12206374185191216
C-FVD,12.700000000000001,5,0.12354432452076303
C-FVD,12.8,5,0.12527008280460628
C-FVD,12.9,5,0.12726561037891848
C-FVD,13.0,5,0.1295475132296655
C-FVD,13.100000000000001,5,0.13212696813302927
C-FVD,13.200000000000001,5,0.13501146065009983
C-FVD,13.3,5,0.13820591916270608
C-FVD,13.4,5,0.14171342195102454
C-FVD,13.5,5,0.14553561412479965
C-FVD,13.600000000000001,5,0.1496729354237889
C-FVD,13.700000000000001,5,0.1541247304566813
C-FVD,13.8,5,0.1588892900704657
C-FVD,13.9,5,0.16134423348787763
C-FVD,14.0,5,0.154535243065979
C-FVD,14.100000000000001,5,0.14198323709432437
C-FVD,14.200000000000001,5,0.12617667264113486
C-FVD,14.3,5,0.10885538571784359
C-FVD,14.4,5,0.09118194768388221
C-FVD,14.5,5,0.07389888197552352
C-FVD,14.600000000000001,5,0.05745716208797447
C-FVD,14.700000000000001,5,0.04211395291846287
C-FVD,14.8,5,0.028003096426415297
C-FVD,14.9,5,0.015183691728159587
C-FVD,15.0,5,0.0036721625434541494
C-FVD,15.100000000000001,5,-0.006537523758925801
C-FVD,15.200000000000001,5,-0.015461780135376912
C-FVD,15.3,5,-0.023120689277687845
C-FVD,15.4,5,-0.02953466974455843
C-FVD,15.5,5,-0.03472315195008058
C-FVD,15.600000000000001,5,-0.03870436190505977
C-FVD,15.700000000000001,5,-0.04149564338189826
C-FVD,15.8,5,-0.04311397842099751
C-FVD,15.9,5,-0.04357651805320195
C-FVD,16.0,5,-0.04290103164240122
C-FVD,16.1,5,-0.04110624145369535
C-FVD,16.2,5,-0.03821204169477532
C-FVD,16.3,5,-0.034239617539286726
C-FVD,16.400000000000002,5,-0.029211485898649414
C-FVD,16.5,5,-0.023151480243864597
C-FVD,16.6,5,-0.01608469936188328
C-FVD,16.7,5,-0.008037436276939758
C-FVD,16.8,5,0.0009629003208786457
C-FVD,16.900000000000002,5,0.010730477807543437
C-FVD,17.0,5,0.020972643557600534
C-FVD,17.1,5,0.031423372907783076
C-FVD,17.2,5,0.041893521236398
C-FVD,17.3,5,0.052278662078833804
C-FVD,17.400000000000002,5,0.06254768794859444
C-FVD,17.5,5,0.07272476232691005
C-FVD,17.6,5,0.08286795345684439
C-FVD,17.7,5,0.09304814589248878
C-FVD,17.8,5,0.10333425834995857
C-FVD,17.900000000000002,5,0.11378516596821342
C-FVD,18.0,5,0.12444674802223687
C-FVD,18.1,5,0.1353521638656492
C-FVD,18.2,5,0.14652378373100206
C-FVD,18.3,5,0.15797568378679117
C-FVD,18.400000000000002,5,0.16971605309779214
C-FVD,18.5,5,0.18174918896111514
C-FVD,18.6,5,0.19407697414576752
C-FVD,18.7,5,0.20669985602932783
C-FVD,18.8,5,0.2196174095522796
C-FVD,18.900000000000002,5,0.2328285863538877
C-FVD,19.0,5,0.24633174901641475
C-FVD,19.1,5,0.2601245741991107
C-FVD,19.200000000000003,5,0.2742038893004626
C-FVD,19.3,5,0.2885654885707485
C-FVD,19.400000000000002,5,0.302694848117234
C-FVD,19.5,5,0.31549811819220963
C-FVD,19.6,5,0.32661665152172326
C-FVD,19.700000000000003,5,0.336096521885489
C-FVD,19.8,5,0.3441859758339749
C-FVD,19.900000000000002,5,0.351214937664869
C-FVD,20.0,5,0.35752638564979833
C-FVD,20.1,5,0.36342153139114863
C-FVD,20.200000000000003,5,0.3691258682958818
C-FVD,20.3,5,0.37479286689164404
C-FVD,20.400000000000002,5,0.3805206572662776
C-FVD,20.5,5,0.3863701828897206
C-FVD,20.6,5,0.3923802337810418
C-FVD,20.700000000000003,5,0.39857818809109524
C-FVD,20.8,5,0.40498680722147107
C-FVD,20.900000000000002,5,0.4116279593915184
C-FVD,21.0,5,0.4185242038105308
C-FVD,21.1,5,0.4256990286708451
C-FVD,21.200000000000003,5,0.43317634151648576
C-FVD,21.3,5,0.4409796251703
C-FVD,21.400000000000002,5,0.449131021178653
C-FVD,21.5,5,0.45765049050143247
C-FVD,21.6,5,0.4665551238698349
C-FVD,21.700000000000003,5,0.47585862472327634
C-FVD,21.8,5,0.485570958577064
C-FVD,21.900000000000002,5,0.49294401032605606
C-FVD,22.0,5,0.4935576465214453
C-FVD,22.1,5,0.49019520014083007
C-FVD,22.200000000000003,5,0.48481229864758824
C-FVD,22.3,5,0.47876959309268585
C-FVD,22.400000000000002,5,0.4730005020042789
C-FVD,22.5,5,0.4681321057679444
C-FVD,22.6,5,0.4643833099792829
C-FVD,22.700000000000003,5,0.4617579649146517
C-FVD,22.8,5,0.4601844918909208
C-FVD,22.900000000000002,5,0.45958278999001223
C-FVD,23.0,5,0.4598913348710898
C-FVD,23.1,5,0.46107378897091245
C-FVD,23.200000000000003,5,0.4631161200272924
C-FVD,23.3,5,0.46602021973511043
C-FVD,23.400000000000002,5,0.4697883021100342
C-FVD,23.5,5,0.47441063931203686
C-FVD,23.6,5,0.4798598830483307
C-FVD,23.700000000000003,5,0.48609096483384384
C-FVD,23.8,5,0.49304443955116994
C-FVD,23.900000000000002,5,0.5006513058481019
C-FVD,24.0,5,0.5088379124166664
C-FVD,24.1,5,0.5175301472447273
C-FVD,24.200000000000003,5,0.5266565651419448
C-FVD,24.3,5,0.536150412371331
C-FVD,24.400000000000002,5,0.5459506788352861
C-FVD,24.5,5,0.5560023840393509
C-FVD,24.6,5,0.5662563171701933
C-FVD,24.700000000000003,5,0.5766684309750367
C-FVD,24.8,5,0.5871990525761817
C-FVD,24.900000000000002,5,0.597812033868987
C-FVD,25.0,5,0.6077771424546814
C-FVD,25.1,5,0.6162325473818768
C-FVD,25.200000000000003,5,0.622889647021454
C-FVD,25.3,5,0.6277786703358004
C-FVD,25.400000000000002,5,0.6310917329200709
C-FVD,25.5,5,0.6330887241722856
C-FVD,25.6,5,0.6340431447512334
C-FVD,25.700000000000003,5,0.6342128976678438
C-FVD,25.8,5,0.6337915281201081
C-FVD,25.900000000000002,5,0.6328913965522371
C-FVD,26.0,5,0.6315594674549718
C-FVD,26.1,5,0.6298012581270225
C-FVD,26.200000000000003,5,0.6276024219872198
C-FVD,26.3,5,0.6249445105982616
C-FVD,26.400000000000002,5,0.6218147457559642
C-FVD,26.5,5,0.6182109228274086
C-FVD,26.6,5,0.6141428679200462
C-FVD,26.700000000000003,5,0.6096317355216865
C-FVD,26.8,5,0.604708146581121
C-FVD,26.900000000000002,5,0.5994098675733
C-FVD,27.0,5,0.5937794764313011
C-FVD,27.1,5,0.5878622676612846
C-FVD,27.200000000000003,5,0.5817045135815722
C-FVD,27.3,5,0.5753521110739168
C-FVD,27.400000000000002,5,0.5677096570188009
C-FVD,27.5,5,0.5534750298079629
C-FVD,27.6,5,0.535050168043135
C-FVD,27.700000000000003,5,0.5141520504988559
C-FVD,27.8,5,0.49200470693597254
C-FVD,27.900000000000002,5,0.46947730332961335
C-FVD,28.0,5,0.4471834738032463
C-FVD,28.1,5,0.4255528054842159
C-FVD,28.200000000000003,5,0.4048823084186637
C-FVD,28.3,5,0.38514663589909937
C-FVD,28.400000000000002,5,0.366178107962293
C-FVD,28.5,5,0.34779919428609496
C-FVD,28.6,5,0.32987810902149306
C-FVD,28.700000000000003,5,0.31234395492293565
C-FVD,28.8,5,0.2951824280083155
C-FVD,28.900000000000002,5,0.27842374663463154
C-FVD,29.0,5,0.2621289194228389
C-FVD,29.1,5,0.24637726101365587
C-FVD,29.200000000000003,5,0.231256283348948
C-FVD,29.3,5,0.2168541566338149
C-FVD,29.400000000000002,5,0.20325449152275077
C-FVD,29.5,5,0.1905330249565811
C-FVD,29.6,5,0.17875576663492154
C-FVD,29.700000000000003,5,0.16797820592855395
C-FVD,29.8,5,0.15824524794927086
C-FVD,29.900000000000002,5,0.14959162025292727
C-FVD,30.0,5,0.14204255761550044
C-FVD,30.1,5,0.1356146273743697
C-FVD,30.200000000000003,5,0.1303166013118613
C-FVD,30.3,5,0.12615031299049484
C-FVD,30.400000000000002,5,0.12311146350612567
C-FVD,30.5,5,0.12119035560163738
C-FVD,30.6,5,0.12037254763264471
C-FVD,30.700000000000003,5,0.12063942639967351
C-FVD,30.8,5,0.12113059939894022
C-FVD,30.900000000000002,5,0.12088688843997453
C-FVD,31.0,5,0.11956983979719737
C-FVD,31.1,5,0.1171884345976082
C-FVD,31.200000000000003,5,0.11392960423142284
C-FVD,31.3,5,0.11004815302131199
C-FVD,31.400000000000002,5,0.10579951109986929
C-FVD,31.5,5,0.1014049835718751
C-FVD,31.6,5,0.09703872252240231
C-FVD,31.700000000000003,5,0.09282759625136094
C-FVD,31.8,5,0.08885761047121221
C-FVD,31.900000000000002,5,0.08518275919348994
C-FVD,32.0,5,0.08183389442358191
C-FVD,32.1,5,0.07882639625062637
C-FVD,32.2,5,0.07616618719243462
C-FVD,32.300000000000004,5,0.07385407772942543
C-FVD,32.4,5,0.07188865479953321
C-FVD,32.5,5,0.07026801154161966
C-FVD,32.6,5,0.06899062270282919
C-FVD,32.7,5,0.06805563502395273
C-FVD,32.800000000000004,5,0.06746279031633584
C-FVD,32.9,5,0.06721214527278896
C-FVD,33.0,5,0.06730370382139306
C-FVD,33.1,5,0.06773703817853693
C-FVD,33.2,5,0.06851094426396998
C-FVD,33.300000000000004,5,0.06821230517074461
C-FVD,33.4,5,0.060826502202512955
C-FVD,33.5,5,0.04891785618960398
C-FVD,33.6,5,0.03431302853627827
C-FVD,33.7,5,0.01830605552992992
C-FVD,33.800000000000004,5,0.0017997349320033607
C-FVD,33.9,5,-0.01463713683432033
C-FVD,34.0,5,-0.03068453615092004
C-FVD,34.1,5,-0.046189774827587016
C-FVD,34.2,5,-0.06110186467283363
C-FVD,34.300000000000004,5,-0.07542392131177422
C-FVD,34.4,5,-0.08918155259950566
C-FVD,34.5,5,-0.10240374729749391
C-FVD,34.6,5,-0.11511273296399516
C-FVD,34.7,5,-0.1273198025318596
C-FVD,34.800000000000004,5,-0.13902480092606595
C-FVD,34.9,5,-0.15021761995171978
C-FVD,35.0,5,-0.16088059411629807
C-FVD,35.1,5,-0.1709911053174995
C-FVD,35.2,5,-0.18052400172775407
C-FVD,35.300000000000004,5,-0.18945363741516452
C-FVD,35.4,5,-0.19775546740289407
C-FVD,35.5,5,-0.20540720856929262
C-FVD,35.6,5,-0.2123896166643906
C-FVD,35.7,5,-0.2186869463739889
C-FVD,35.800000000000004,5,-0.22428716388959202
C-FVD,35.9,5,-0.22918197610230173
C-FVD,36.0,5,-0.2333667314517136
C-FVD,36.1,5,-0.23684023719702907
C-FVD,36.2,5,-0.23960452792887743
C-FVD,36.300000000000004,5,-0.24166461128211658
C-FVD,36.4,5,-0.24305406284006104
C-FVD,36.5,5,-0.2440958653792773
C-FVD,36.6,5,-0.245151506452574
C-FVD,36.7,5,-0.24651160452026843
C-FVD,36.800000000000004,5,-0.2483620188108553
C-FVD,36.9,5,-0.250787052067615
C-FVD,37.0,5,-0.25378821770184956
C-FVD,37.1,5,-0.25730712358855
C-FVD,37.2,5,-0.2612468946860389
C-FVD,37.300000000000004,5,-0.2654898518829274
C-FVD,37.4,5,-0.2699109163578708
C-FVD,37.5,5,-0.2743870596897633
C-FVD,37.6,5,-0.2788034639793171
C-FVD,37.7,5,-0.28305713020967005
C-FVD,37.800000000000004,5,-0.28705861567462243
C-FVD,37.9,5,-0.2907324708288819
C-FVD,38.0,5,-0.29401682423184106
C-FVD,38.1,5,-0.29686245183480686
C-FVD,38.2,5,-0.2992315720451231
C-FVD,38.300000000000004,5,-0.3010965326151336
C-FVD,38.400000000000006,5,-0.3024384980629691
C-FVD,38.5,5,-0.3032462043210593
C-FVD,38.6,5,-0.3035148175969624
C-FVD,38.7,5,-0.3032449141862177
C-FVD,38.800000000000004,5,-0.30244158477066563
C-FVD,38.900000000000006,5,-0.30111365860432215
C-FVD,39.0,5,-0.29927303840680963
C-FVD,39.1,5,-0.2980169336593601
C-FVD,39.2,5,-0.2983876047742182
C-FVD,39.300000000000004,5,-0.30069543525456055
C-FVD,39.400000000000006,5,-0.30484965021712895
C-FVD,39.5,5,-0.3105613613822804
C-FVD,39.6,5,-0.31746443060695917
C-FVD,39.7,5,-0.3251842027354215
C-FVD,39.800000000000004,5,-0.3333767260134035
C-FVD,39.900000000000006,5,-0.34175151831660777
C-FVD,40.0,5,-0.35007966366933196
C-FVD,40.1,5,-0.3581916890243537
C-FVD,40.2,5,-0.3659696289760568
C-FVD,40.300000000000004,5,-0.37333668325439184
C-FVD,40.400000000000006,5,-0.380246721162246
C-FVD,40.5,5,-0.3866749144682835
C-FVD,40.6,5,-0.39261007354743604
C-FVD,40.7,5,-0.39804880402511067
C-FVD,40.800000000000004,5,-0.40299133943341126
C-FVD,40.900000000000006,5,-0.4074387814457623
C-FVD,41.0,5,-0.4113914436388022
C-FVD,41.1,5,-0.4148480101006147
C-FVD,41.2,5,-0.41780526074880164
C-FVD,41.300000000000004,5,-0.42025816445512376
C-FVD,41.400000000000006,5,-0.422200189382373
C-FVD,41.5,5,-0.42362372240809876
C-FVD,41.6,5,-0.4245205242275514
C-FVD,41.7,5,-0.42488217355104396
C-FVD,41.800000000000004,5,-0.43391997724976505
C-FVD,41.900000000000006,5,-0.4483991160039409
C-FVD,42.0,5,-0.4659184019748075
C-FVD,42.1,5,-0.48478630941854384
C-FVD,42.2,5,-0.5038239494681775
C-FVD,42.300000000000004,5,-0.5222219864277111
C-FVD,42.400000000000006,5,-0.539436763733752
C-FVD,42.5,5,-0.5551399645519446
C-FVD,42.6,5,-0.5691772523352157
C-FVD,42.7,5,-0.5815161524929469
C-FVD,42.800000000000004,5,-0.5921991357656964
C-FVD,42.900000000000006,5,-0.6013073988460569
C-FVD,43.0,5,-0.6089357735424468
C-FVD,43.1,5,-0.6151770735687805
C-FVD,43.2,5,-0.6201135828640556
C-FVD,43.300000000000004,5,-0.6238134987058768
C-FVD,43.400000000000006,5,-0.626330532683772
C-FVD,43.5,5,-0.6277053219253954
C-FVD,43.6,5,-0.6279677105943353
C-FVD,43.7,5,-0.6271392907215549
C-FVD,43.800000000000004,5,-0.6252358373621476
C-FVD,43.900000000000006,5,-0.6222694457733926
C-FVD,44.0,5,-0.6182502925147642
C-FVD,44.1,5,-0.6131880128690774
C-FVD,44.2,5,-0.6070927265710164
C-FVD,44.300000000000004,5,-0.599975762667615
C-FVD,44.400000000000006,5,-0.5918501400219984
C-FVD,44.5,5,-0.5827308579244423
C-FVD,44.6,5,-0.5726350451702036
C-FVD,44.7,5,-0.5615820081857823
C-FVD,44.800000000000004,5,-0.5495932107857637
C-FVD,44.900000000000006,5,-0.5366922107309655
C-FVD,45.0,5,-0.5229045718261354
C-FVD,45.1,5,-0.5082814134971887
C-FVD,45.2,5,-0.4930925964742574
C-FVD,45.300000000000004,5,-0.47763465443448894
C-FVD,45.400000000000006,5,-0.46214733803629393
C-FVD,45.5,5,-0.44678814297321523
C-FVD,45.6,5,-0.4316353318978692
C-FVD,45.7,5,-0.4167028834782638
C-FVD,45.800000000000004,5,-0.4019585463328692
C-FVD,45.900000000000006,5,-0.38734069526151416
C-FVD,46.0,5,-0.3727722298544389
C-FVD,46.1,5,-0.3581711102094811
C-FVD,46.2,5,-0.3434577838866506
C-FVD,46.300000000000004,5,-0.32856002540480667
C-FVD,46.400000000000006,5,-0.3134180987722086
C-FVD,46.5,5,-0.29799134394128224
C-FVD,46.6,5,-0.2822612014662713
C-FVD,46.7,5,-0.2662303591281212
C-FVD,46.800000000000004,5,-0.24991926502254636
C-FVD,46.900000000000006,5,-0.23336143547068922
C-FVD,47.0,5,-0.2165986638182389
C-FVD,47.1,5,-0.19967681244842694
C-FVD,47.2,5,-0.18264250833515838
C-FVD,47.300000000000004,5,-0.16554080796216297
C-FVD,47.400000000000006,5,-0.14841374489585135
C-FVD,47.5,5,-0.13129959936714997
C-FVD,47.6,5,-0.11423270833933152
C-FVD,47.7,5,-0.09730779018593161
C-FVD,47.800000000000004,5,-0.08191198127592081
C-FVD,47.900000000000006,5,-0.06858337061828301
C-FVD,48.0,5,-0.05737973813353392
C-FVD,48.1,5,-0.04810747528444814
C-FVD,48.2,5,-0.04046002471248755
C-FVD,48.300000000000004,5,-0.03409852788034762
C-FVD,48.400000000000006,5,-0.028696173754935828
C-FVD,48.5,5,-0.023960246052872947
C-FVD,48.6,5,-0.01964087848670637
C-FVD,48.7,5,-0.01553223238092194
C-FVD,48.800000000000004,5,-0.01146965350593021
C-FVD,48.900000000000006,5,-0.00732496721941267
C-FVD,49.0,5,-0.0030289864427963664
C-FVD,49.1,5,0.0014295919376028365
C-FVD,49.2,5,0.006021390686658634
C-FVD,49.300000000000004,5,0.010695616362045968
C-FVD,49.400000000000006,5,0.015395748813258336
C-FVD,49.5,5,0.020070196571497334
C-FVD,49.6,5,0.02467832192575159
C-FVD,49.7,5,0.029192897919035232
C-FVD,49.800000000000004,5,0.033600136026258554
C-FVD,49.900000000000006,5,0.03789825531743496
C-FVD,50.0,5,0.04209532447428188
C-FVD,50.1,5,0.046206878151121344
C-FVD,50.2,5,0.05025362052906246
C-FVD,50.300000000000004,5,0.05191821397460039
C-FVD,50.400000000000006,5,0.0463476807259422
C-FVD,50.5,5,0.036346291219453875
C-FVD,50.6,5,0.023899505591165493
C-FVD,50.7,5,0.010402098694271444
C-FVD,50.800000000000004,5,-0.003176770959600006
C-FVD,50.900000000000006,5,-0.01617413780272514
C-FVD,51.0,5,-0.028146842798410177
C-FVD,51.1,5,-0.03880906108493498
C-FVD,51.2,5,-0.047987144564633155
C-FVD,51.300000000000004,5,-0.05558700533146954
C-FVD,51.400000000000006,5,-0.06157058483381839
C-FVD,51.5,5,-0.06599379853340359
C-FVD,51.6,5,-0.0690873309549982
C-FVD,51.7,5,-0.07110998466116492
C-FVD,51.800000000000004,5,-0.07228290392367498
C-FVD,51.900000000000006,5,-0.07276759014648349
C-FVD,52.0,5,-0.07266592532800509
C-FVD,52.1,5,-0.07203712198532664
C-FVD,52.2,5,-0.07091549601498315
C-FVD,52.300000000000004,5,-0.06932364393707324
C-FVD,52.400000000000006,5,-0.06728038225070421
C-FVD,52.5,5,-0.06480455295524479
C-FVD,52.6,5,-0.06191614610707141
C-FVD,52.7,5,-0.058635978097576924
C-FVD,52.800000000000004,5,-0.05498479887303098
C-FVD,52.900000000000006,5,-0.05098235777639637
C-FVD,53.0,5,-0.04664669545672773
C-FVD,53.1,5,-0.04199375432245134
C-FVD,53.2,5,-0.03703729732130867
C-FVD,53.300000000000004,5,-0.031789074308537835
C-FVD,53.400000000000006,5,-0.026259158578865183
C-FVD,53.5,5,-0.020456379043283235
C-FVD,53.6,5,-0.014388786062699666
C-FVD,53.7,5,-0.00806410473204977
C-FVD,53.800000000000004,5,-0.0014901447615667252
C-FVD,53.900000000000006,5,0.005324850805044079
C-FVD,54.0,5,0.01237192561930378
C-FVD,54.1,5,0.01872161905068026
C-FVD,54.2,5,0.02382259887221494
C-FVD,54.300000000000004,5,0.02754854792521577
C-FVD,54.400000000000006,5,0.030003624017441055
C-FVD,54.5,5,0.03140302985285359
C-FVD,54.6,5,0.03197969053153393
C-FVD,54.7,5,0.0319269567130025
C-FVD,54.800000000000004,5,0.03138763265689448
C-FVD,54.900000000000006,5,0.030461698225950684
C-FVD,55.0,5,0.029219139535070937
C-FVD,55.1,5,0.027711907232188082
C-FVD,55.2,5,0.02598293058123602
C-FVD,55.300000000000004,5,0.024071967373094694
C-FVD,55.400000000000006,5,0.02201882219237028
C-FVD,55.5,5,0.0198646654018102
C-FVD,55.6,5,0.01765213428735457
C-FVD,55.7,5,0.015424755330698758
C-FVD,55.800000000000004,5,0.013226070689192682
C-FVD,55.900000000000006,5,0.011098716398537434
C-FVD,56.0,5,0.009083595201717642
C-FVD,56.1,5,0.0072192128164196845
C-FVD,56.2,5,0.005541197940788223
C-FVD,56.300000000000004,5,0.004081997277683769
C-FVD,56.400000000000006,5,0.0028707216618908404
C-FVD,56.5,5,0.0019331133603799344
C-FVD,56.6,5,-0.0007364362083670528
C-FVD,56.7,5,-0.008461072210346643
C-FVD,56.800000000000004,5,-0.019204167911670567
C-FVD,56.900000000000006,5,-0.031518576387567165
C-FVD,57.0,5,-0.04438281498761043
C-FVD,57.1,5,-0.057082515239967435
C-FVD,57.2,5,-0.06932749365317292
C-FVD,57.300000000000004,5,-0.08104626870556686
C-FVD,57.400000000000006,5,-0.09224750398398385
C-FVD,57.5,5,-0.10295244531500103
C-FVD,57.6,5,-0.11316669880691066
C-FVD,57.7,5,-0.1228725873270573
C-FVD,57.800000000000004,5,-0.1320312809786337
C-FVD,57.900000000000006,5,-0.14058872758915975
C-FVD,58.0,5,-0.1484822777837369
C-FVD,58.1,5,-0.15564655342649836
C-FVD,58.2,5,-0.16201802334647297
C-FVD,58.300000000000004,5,-0.16753822530472284
C-FVD,58.400000000000006,5,-0.17215579371355716
C-FVD,58.5,5,-0.1758275320039555
C-FVD,58.6,5,-0.1785187744527228
C-FVD,58.7,5,-0.18020325402105009
C-FVD,58.800000000000004,5,-0.18086265221768905
C-FVD,58.900000000000006,5,-0.18048596564119457
C-FVD,59.0,5,-0.1790687870516532
C-FVD,59.1,5,-0.1766125685408113
C-FVD,59.2,5,-0.17312391077634182
C-FVD,59.300000000000004,5,-0.1686139047032551
C-FVD,59.400000000000006,5,-0.1630975394847738
C-FVD,59.5,5,-0.15659318180430581
C-FVD,59.6,5,-0.14912212598046892
C-FVD,59.7,5,-0.14094269273574866
C-FVD,59.800000000000004,5,-0.13321104413093465
C-FVD,59.900000000000006,5,-0.12641250148290695
C-FVD,60.0,5,-0.12064521174482934
C-FVD,60.1,5,-0.11580421744185365
C-FVD,60.2,5,-0.11169971031075931
C-FVD,60.300000000000004,5,-0.10812600298497621
C-FVD,60.400000000000006,5,-0.10489682801183875
C-FVD,60.5,5,-0.10185944980552897
C-FVD,60.6,5,-0.09889662878538807
C-FVD,60.7,5,-0.09592249085845417
C-FVD,60.800000000000004,5,-0.0928760610001067
C-FVD,60.900000000000006,5,-0.08971459482441091
C-FVD,61.0,5,-0.0864077677805355
C-FVD,61.1,5,-0.08293311937350367
C-FVD,61.2,5,-0.07927277515165976
C-FVD,61.300000000000004,5,-0.07541128323695645
C-FVD,61.400000000000006,5,-0.07133433220813679
C-FVD,61.5,5,-0.06702811291800614
C-FVD,61.6,5,-0.06247911548641305
C-FVD,61.7,5,-0.05767419405271568
C-FVD,61.800000000000004,5,-0.05260077438355992
C-FVD,61.900000000000006,5,-0.0472471172737734
C-FVD,62.0,5,-0.04160258150873375
C-FVD,62.1,5,-0.03565785364702023
C-FVD,62.2,5,-0.029405128736245345
C-FVD,62.300000000000004,5,-0.026996295186998864
C-FVD,62.400000000000006,5,-0.030045758935232314
C-FVD,62.5,5,-0.03651797593337136
C-FVD,62.6,5,-0.04496121933016184
C-FVD,62.7,5,-0.054403290701328544
C-FVD,62.800000000000004,5,-0.06422943634403744
C-FVD,62.900000000000006,5,-0.07407247930050787
C-FVD,63.0,5,-0.08372555721840058
C-FVD,63.1,5,-0.09307828808196028
C-FVD,63.2,5,-0.10207311609526748
C-FVD,63.300000000000004,5,-0.1106773750621084
C-FVD,63.400000000000006,5,-0.11886675384358547
C-FVD,63.5,5,-0.12661654634545094
C-FVD,63.6,5,-0.13389790001771473
C-FVD,63.7,5,-0.14067704726495833
C-FVD,63.800000000000004,5,-0.14691613895375966
C-FVD,63.900000000000006,5,-0.15257478507413502
C-FVD,64.0,5,-0.1576117592928039
C-FVD,64.10000000000001,5,-0.16198656646919218
C-FVD,64.2,5,-0.1656607310955902
C-FVD,64.3,5,-0.16859876298560472
C-FVD,64.4,5,-0.17076881290843637
C-FVD,64.5,5,-0.17214305938279573
C-FVD,64.60000000000001,5,-0.1726978787879787
C-FVD,64.7,5,-0.17241385149988098
C-FVD,64.8,5,-0.1712756517367815
C-FVD,64.9,5,-0.1692718612942521
C-FVD,65.0,5,-0.16639473923848414
C-FVD,0.0,6,0.0
C-FVD,0.1,6,-0.015404821622908571
C-FVD,0.2,6,-0.0256988446931512
C-FVD,0.30000000000000004,6,-0.03373728492562478
C-FVD,0.4,6,-0.04062218052837352
C-FVD,0.5,6,-0.04671672885815248
C-FVD,0.6000000000000001,6,-0.05215231450792146
C-FVD,0.7000000000000001,6,-0.057032677121970465
C-FVD,0.8,6,-0.06149077155291316
C-FVD,0.9,6,-0.06568352504277364
C-FVD,1.0,6,-0.06976791387533865
C-FVD,1.1,6,-0.07387805472981057
C-FVD,1.2000000000000002,6,-0.07811031550728131
C-FVD,1.3,6,-0.08251724803911564
C-FVD,1.4000000000000001,6,-0.08710857257683635
C-FVD,1.5,6,-0.09185676610295346
C-FVD,1.6,6,-0.0990070311405713
C-FVD,1.7000000000000002,6,-0.11139279260527069
C-FVD,1.8,6,-0.1270339630269568
C-FVD,1.9000000000000001,6,-0.14448648140484188
C-FVD,2.0,6,-0.16269777469603142
C-FVD,2.1,6,-0.180902237009386
C-FVD,2.2,6,-0.19854541162658812
C-FVD,2.3000000000000003,6,-0.2152287872830314
C-FVD,2.4000000000000004,6,-0.23066943343120982
C-FVD,2.5,6,-0.24467035116432534
C-FVD,2.6,6,-0.2570985929234837
C-FVD,2.7,6,-0.2678690405933821
C-FVD,2.8000000000000003,6,-0.27693232606081786
C-FVD,2.9000000000000004,6,-0.28426580103768195
C-FVD,3.0,6,-0.2898667640525332
C-FVD,3.1,6,-0.29392512974625795
C-FVD,3.2,6,-0.29674883846823263
C-FVD,3.3000000000000003,6,-0.2986331593950293
C-FVD,3.4000000000000004,6,-0.29980723963188893
C-FVD,3.5,6,-0.30042145043175417
C-FVD,3.6,6,-0.30055433388172936
C-FVD,3.7,6,-0.3002272864066331
C-FVD,3.8000000000000003,6,-0.2994224325800303
C-FVD,3.9000000000000004,6,-0.29809983308696
C-FVD,4.0,6,-0.29621160780791733
C-FVD,4.1000000000000005,6,-0.2937120275139318
C-FVD,4.2,6,-0.29056367004018036
C-FVD,4.3,6,-0.2867403079532185
C-FVD,4.4,6,-0.2822274028437466
C-FVD,4.5,6,-0.2770210599852785
C-FVD,4.6000000000000005,6,-0.2711261573911994
C-FVD,4.7,6,-0.26455418237096495
C-FVD,4.800000000000001,6,-0.2573211326730913
C-FVD,4.9,6,-0.24944569121893068
C-FVD,5.0,6,-0.24094777108687104
C-FVD,5.1000000000000005,6,-0.23184744978956218
C-FVD,5.2,6,-0.2221642636627834
C-FVD,5.300000000000001,6,-0.21191680756801112
C-FVD,5.4,6,-0.20112257549795132
C-FVD,5.5,6,-0.18979797843992685
C-FVD,5.6000000000000005,6,-0.17795848261595282
C-FVD,5.7,6,-0.1668069169090387
C-FVD,5.800000000000001,6,-0.15712031068950516
C-FVD,5.9,6,-0.14911919271740004
C-FVD,6.0,6,-0.14271642789539918
C-FVD,6.1000000000000005,6,-0.137671237736269
C-FVD,6.2,6,-0.13368175871546484
C-FVD,6.300000000000001,6,-0.13044196614405124
C-FVD,6.4,6,-0.12767937172276156
C-FVD,6.5,6,-0.12517325015740788
C-FVD,6.6000000000000005,6,-0.1227583196956985
C-FVD,6.7,6,-0.12031951039459976
C-FVD,6.800000000000001,6,-0.11778243821883905
C-FVD,6.9,6,-0.1151027721952218
C-FVD,7.0,6,-0.1122563912715151
C-FVD,7.1000000000000005,6,-0.10923125581072135
C-FVD,7.2,6,-0.10602127215498669
C-FVD,7.300000000000001,6,-0.10262204781251683
C-FVD,7.4,6,-0.09902824546726663
C-FVD,7.5,6,-0.09523217978286347
C-FVD,7.6000000000000005,6,-0.09122331041679566
C-FVD,7.7,6,-0.0869883315667277
C-FVD,7.800000000000001,6,-0.08251161928685491
C-FVD,7.9,6,-0.07777585886890037
C-FVD,8.0,6,-0.07276272856040222
C-FVD,8.1,6,-0.06745355986402579
C-FVD,8.200000000000001,6,-0.062488383620966204
C-FVD,8.3,6,-0.06520722993718309
C-FVD,8.4,6,-0.07282363039645112
C-FVD,8.5,6,-0.08334681916062792
C-FVD,8.6,6,-0.09536140505557889
C-FVD,8.700000000000001,6,-0.10786773293095919
C-FVD,8.8,6,-0.12016623454866426
C-FVD,8.9,6,-0.13180889561053277
C-FVD,9.0,6,-0.14255748320913497
C-FVD,9.1,6,-0.15232211524291372
C-FVD,9.200000000000001,6,-0.16110391310821903
C-FVD,9.3,6,-0.1689503067158249
C-FVD,9.4,6,-0.1759241861722849
C-FVD,9.5,6,-0.1820849590175726
C-FVD,9.600000000000001,6,-0.18747862132381954
C-FVD,9.700000000000001,6,-0.19213403233626103
C-FVD,9.8,6,-0.1960630738658189
C-FVD,9.9,6,-0.1992629614971353
C-FVD,10.0,6,-0.20171951010051004
C-FVD,10.100000000000001,6,-0.20341058798443967
C-FVD,10.200000000000001,6,-0.2043093150289792
C-FVD,10.3,6,-0.20438678341632865
C-FVD,10.4,6,-0.20361422506237226
C-FVD,10.5,6,-0.20196463760908934
C-FVD,10.600000000000001,6,-0.1994139281526266
C-FVD,10.700000000000001,6,-0.19594165441033162
C-FVD,10.8,6,-0.19153144691163604
C-FVD,10.9,6,-0.18617119018351325
C-FVD,11.0,6,-0.17985303059471391
C-FVD,11.100000000000001,6,-0.1725732665805566
C-FVD,11.200000000000001,6,-0.16433216520825766
C-FVD,11.3,6,-0.15513373843492317
C-FVD,11.4,6,-0.14498550338321436
C-FVD,11.5,6,-0.1341777707909042
C-FVD,11.600000000000001,6,-0.12309025589590128
C-FVD,11.700000000000001,6,-0.11204870648297849
C-FVD,11.8,6,-0.10127464685429999
C-FVD,11.9,6,-0.09088268995518867
C-FVD,12.0,6,-0.08089932732849014
C-FVD,12.100000000000001,6,-0.0712881996408079
C-FVD,12.200000000000001,6,-0.061974121772221835
C-FVD,12.3,6,-0.05286257685189
C-FVD,12.4,6,-0.043853891146223845
C-FVD,12.5,6,-0.034852551062851234
C-FVD,12.600000000000001,6,-0.025772623788732574
C-FVD,12.700000000000001,6,-0.016540329736452364
C-FVD,12.8,6,-0.00709470015917546
C-FVD,12.9,6,0.002612937480574118
C-FVD,13.0,6,0.012620102325263005
C-FVD,13.100000000000001,6,0.022954560877002095
C-FVD,13.200000000000001,6,0.03363575303092148
C-FVD,13.3,6,0.04467611175117625
C-FVD,13.4,6,0.05608221413242376
C-FVD,13.5,6,0.06785574599091326
C-FVD,13.600000000000001,6,0.07999428813711873
C-FVD,13.700000000000001,6,0.09249194575386355
C-FVD,13.8,6,0.10533984730098744
C-FVD,13.9,6,0.11852653938556124
C-FVD,14.0,6,0.13157527618033704
C-FVD,14.100000000000001,6,0.14289292578877166
C-FVD,14.200000000000001,6,0.15189281300962953
C-FVD,14.3,6,0.15855073672518394
C-FVD,14.4,6,0.16313033146324507
C-FVD,14.5,6,0.16601164350370645
C-FVD,14.600000000000001,6,0.16759222174920296
C-FVD,14.700000000000001,6,0.16823608240160937
C-FVD,14.8,6,0.1682523674616565
C-FVD,14.9,6,0.16789110845748567
C-FVD,15.0,6,0.16734785620323045
C-FVD,15.100000000000001,6,0.16677208912128805
C-FVD,15.200000000000001,6,0.16627647152231617
C-FVD,15.3,6,0.16594543731981304
C-FVD,15.4,6,0.16584243912671326
C-FVD,15.5,6,0.1660157004802869
C-FVD,15.600000000000001,6,0.16650256929638374
C-FVD,15.700000000000001,6,0.16733268502530407
C-FVD,15.8,6,0.1685302021612678
C-FVD,15.9,6,0.17011529865309782
C-FVD,16.0,6,0.17210516391118702
C-FVD,16.1,6,0.1745146216943798
C-FVD,16.2,6,0.17735650570858752
C-FVD,16.3,6,0.18064187366491424
C-FVD,16.400000000000002,6,0.1843801198555628
C-FVD,16.5,6,0.1885790267597951
C-FVD,16.6,6,0.18571976915281851
C-FVD,16.7,6,0.17547220012956366
C-FVD,16.8,6,0.1608723657552673
C-FVD,16.900000000000002,6,0.14405994615384188
C-FVD,17.0,6,0.12650133794990914
C-FVD,17.1,6,0.10915892573247632
C-FVD,17.2,6,0.09263648398404811
C-FVD,17.3,6,0.07729352202679785
C-FVD,17.400000000000002,6,0.06332994324348462
C-FVD,17.5,6,0.05084579708897685
C-FVD,17.6,6,0.03988168161589023
C-FVD,17.7,6,0.03044437746367379
C-FVD,17.8,6,0.022521664829790566
C-FVD,17.900000000000002,6,0.016090277051777235
C-FVD,18.0,6,0.01111998204419784
C-FVD,18.1,6,0.007575730812948933
C-FVD,18.2,6,0.005418977875285336
C-FVD,18.3,6,0.004608715555042053
C-FVD,18.400000000000002,6,0.005102430067079666
C-FVD,18.5,6,0.00685701546698958
C-FVD,18.6,6,0.009829611339212008
C-FVD,18.7,6,0.013978316115903056
C-FVD,18.8,6,0.019262740050637106
C-FVD,18.900000000000002,6,0.02564438221358145
C-FVD,19.0,6,0.033086835089122246
C-FVD,19.1,6,0.04155583453361089
C-FVD,19.200000000000003,6,0.051019181186282125
C-FVD,19.3,6,0.06144656265867354
C-FVD,19.400000000000002,6,0.07280930527826968
C-FVD,19.5,6,0.08499000675561419
C-FVD,19.6,6,0.09770221055399197
C-FVD,19.700000000000003,6,0.11066186569533087
C-FVD,19.8,6,0.12365693806728295
C-FVD,19.900000000000002,6,0.13656403588387356
C-FVD,20.0,6,0.1493400706782122
C-FVD,20.1,6,0.16200437813927238
C-FVD,20.200000000000003,6,0.1746160272505346
C-FVD,20.3,6,0.18725107397506768
C-FVD,20.400000000000002,6,0.19998627692630322
C-FVD,20.5,6,0.2128898206236176
C-FVD,20.6,6,0.22601746823002777
C-FVD,20.700000000000003,6,0.23941219572721018
C-FVD,20.8,6,0.25310567431712805
C-FVD,20.900000000000002,6,0.2671204581093427
C-FVD,21.0,6,0.2814721842343939
C-FVD,21.1,6,0.2961714324732281
C-FVD,21.200000000000003,6,0.3112251173572691
C-FVD,21.3,6,0.326637418546845
C-FVD,21.400000000000002,6,0.3424103216235821
C-FVD,21.5,6,0.3585438648255259
C-FVD,21.6,6,0.37503618578033127
C-FVD,21.700000000000003,6,0.3918834484707787
C-FVD,21.8,6,0.40907971244527275
C-FVD,21.900000000000002,6,0.4266167882367853
C-FVD,22.0,6,0.4439976794697422
C-FVD,22.1,6,0.4600625315550406
C-FVD,22.200000000000003,6,0.4744212416708997
C-FVD,22.3,6,0.48710701287833835
C-FVD,22.400000000000002,6,0.4983642678667106
C-FVD,22.5,6,0.5085226387225728
C-FVD,22.6,6,0.5179253054799524
C-FVD,22.700000000000003,6,0.5268576111455374
C-FVD,22.8,6,0.5355272809104772
C-FVD,22.900000000000002,6,0.5440734033539805
C-FVD,23.0,6,0.5525841047877229
C-FVD,23.1,6,0.5611138928444763
C-FVD,23.200000000000003,6,0.5696973533218213
C-FVD,23.3,6,0.5783586228527273
C-FVD,23.400000000000002,6,0.5871172092277845
C-FVD,23.5,6,0.5959895237000676
C-FVD,23.6,6,0.6049878204605044
C-FVD,23.700000000000003,6,0.6141183524932234
C-FVD,23.8,6,0.6233799086944476
C-FVD,23.900000000000002,6,0.6327632309751614
C-FVD,24.0,6,0.6422513480806682
C-FVD,24.1,6,0.6518206190557567
C-FVD,24.200000000000003,6,0.6614421976141731
C-FVD,24.3,6,0.6710836443989141
C-FVD,24.400000000000002,6,0.6807104758196552
C-FVD,24.5,6,0.6849285875748841
C-FVD,24.6,6,0.6825509213493248
C-FVD,24.700000000000003,6,0.6761631784146029
C-FVD,24.8,6,0.6675744317444892
C-FVD,24.900000000000002,6,0.658038254289055
C-FVD,25.0,6,0.648411557533155
C-FVD,25.1,6,0.6391450677766279
C-FVD,25.200000000000003,6,0.6303714217667071
C-FVD,25.3,6,0.6220929343864778
C-FVD,25.400000000000002,6,0.6142757666140302
C-FVD,25.5,6,0.6068919417936325
C-FVD,25.6,6,0.599933730578023
C-FVD,25.700000000000003,6,0.5934145255690062
C-FVD,25.8,6,0.5873640409458893
C-FVD,25.900000000000002,6,0.5818157900368064
C-FVD,26.0,6,0.5767943818032055
C-FVD,26.1,6,0.5723084131523777
C-FVD,26.200000000000003,6,0.5683489935420223
C-FVD,26.3,6,0.5648921012174117
C-FVD,26.400000000000002,6,0.5619028317880268
C-FVD,26.5,6,0.5593400641857809
C-FVD,26.6,6,0.557160635364994
C-FVD,26.700000000000003,6,0.5553225870753984
C-FVD,26.8,6,0.5537873752739078
C-FVD,26.900000000000002,6,0.5525211271008761
C-FVD,27.0,6,0.5514951241628516
C-FVD,27.1,6,0.550685717825182
C-FVD,27.200000000000003,6,0.5500738699892889
C-FVD,27.3,6,0.5496444813626216
C-FVD,27.400000000000002,6,0.549385631516154
C-FVD,27.5,6,0.5490860061993157
C-FVD,27.6,6,0.5476391020586195
C-FVD,27.700000000000003,6,0.544624517869714
C-FVD,27.8,6,0.5400108478805876
C-FVD,27.900000000000002,6,0.5339711534156759
C-FVD,28.0,6,0.5267712147687273
C-FVD,28.1,6,0.518704240483034
C-FVD,28.200000000000003,6,0.5100547548055179
C-FVD,28.3,6,0.501080425926494
C-FVD,28.400000000000002,6,0.4919644178149909
C-FVD,28.5,6,0.4828107740519112
C-FVD,28.6,6,0.4736635799282176
C-FVD,28.700000000000003,6,0.4645305409042191
C-FVD,28.8,6,0.4554029777448818
C-FVD,28.900000000000002,6,0.4462699202223934
C-FVD,29.0,6,0.43712655465234285
C-FVD,29.1,6,0.42797823016177716
C-FVD,29.200000000000003,6,0.41884138851296093
C-FVD,29.3,6,0.40974260442783006
C-FVD,29.400000000000002,6,0.40071663991660955
C-FVD,29.5,6,0.39180413666010416
C-FVD,29.6,6,0.38304933874259106
C-FVD,29.700000000000003,6,0.37449806442200817
C-FVD,29.8,6,0.36619602542460683
C-FVD,29.900000000000002,6,0.3581875151697833
C-FVD,30.0,6,0.34780257089246014
C-FVD,30.1,6,0.3321591129562176
C-FVD,30.200000000000003,6,0.31339258168448225
C-FVD,30.3,6,0.29302609311161376
C-FVD,30.400000000000002,6,0.2721410846979122
C-FVD,30.5,6,0.25150030440183535
C-FVD,30.6,6,0.23163649295429067
C-FVD,30.700000000000003,6,0.21291636544693127
C-FVD,30.8,6,0.19558680050494637
C-FVD,30.900000000000002,6,0.17965928814848908
C-FVD,31.0,6,0.1649526321501824
C-FVD,31.1,6,0.15125139933576115
C-FVD,31.200000000000003,6,0.13837655094025436
C-FVD,31.3,6,0.12620880638739962
C-FVD,31.400000000000002,6,0.11468704292387066
C-FVD,31.5,6,0.10379542320169755
C-FVD,31.6,6,0.09354767303274691
C-FVD,31.700000000000003,6,0.0839729426433049
C-FVD,31.8,6,0.07510505190891337
C-FVD,31.900000000000002,6,0.06697538403449776
C-FVD,32.0,6,0.059608926736554935
C-FVD,32.1,6,0.05302268012683342
C-FVD,32.2,6,0.04722564350170977
C-FVD,32.300000000000004,6,0.042219716329885415
C-FVD,32.4,6,0.03800101471317774
C-FVD,32.5,6,0.03456126579231977
C-FVD,32.6,6,0.03188907703909649
C-FVD,32.7,6,0.02997097855198838
C-FVD,32.800000000000004,6,0.028792206037040913
C-FVD,32.9,6,0.028337235482446488
C-FVD,33.0,6,0.02859010401652995
C-FVD,33.1,6,0.029534561063798037
C-FVD,33.2,6,0.031154094648940145
C-FVD,33.300000000000004,6,0.03343187332447428
C-FVD,33.4,6,0.036100276416794586
C-FVD,33.5,6,0.037884623534296225
C-FVD,33.6,6,0.038265753197048724
C-FVD,33.7,6,0.037158267866804096
C-FVD,33.800000000000004,6,0.0347089123363844
C-FVD,33.9,6,0.031171997406355345
C-FVD,34.0,6,0.026826624214189465
C-FVD,34.1,6,0.02192954567658667
C-FVD,34.2,6,0.016693741699040032
C-FVD,34.300000000000004,6,0.011283366945935569
C-FVD,34.4,6,0.005817807950055709
C-FVD,34.5,6,0.00037983643327521577
C-FVD,34.6,6,-0.0049752599796928365
C-FVD,34.7,6,-0.010211287330964325
C-FVD,34.800000000000004,6,-0.015304270075942483
C-FVD,34.9,6,-0.020237286320883285
C-FVD,35.0,6,-0.024996890059213683
C-FVD,35.1,6,-0.02957085100215373
C-FVD,35.2,6,-0.03394690245774257
C-FVD,35.300000000000004,6,-0.03811220603062715
C-FVD,35.4,6,-0.042053287582119125
C-FVD,35.5,6,-0.045756252880341464
C-FVD,35.6,6,-0.049207143077357074
C-FVD,35.7,6,-0.052392334481075054
C-FVD,35.800000000000004,6,-0.055298922332209344
C-FVD,35.9,6,-0.05791505464329205
C-FVD,36.0,6,-0.06485059303538598
C-FVD,36.1,6,-0.0775866380355037
C-FVD,36.2,6,-0.09392295544400575
C-FVD,36.300000000000004,6,-0.11229179885192764
C-FVD,36.4,6,-0.1315824764147866
C-FVD,36.5,6,-0.1510189575529548
C-FVD,36.6,6,-0.17011791320699743
C-FVD,36.7,6,-0.18861572471494092
C-FVD,36.800000000000004,6,-0.20639623913906036
C-FVD,36.9,6,-0.2234317290307164
C-FVD,37.0,6,-0.23973985963935007
C-FVD,37.1,6,-0.25535514040250185
C-FVD,37.2,6,-0.270311816180401
C-FVD,37.300000000000004,6,-0.28463500488992644
C-FVD,37.4,6,-0.2983373270237557
C-FVD,37.5,6,-0.3114188902488806
C-FVD,37.6,6,-0.32386909298714706
C-FVD,37.7,6,-0.3356692148003937
C-FVD,37.800000000000004,6,-0.3467951486133032
C-FVD,37.9,6,-0.357219908488533
C-FVD,38.0,6,-0.3669157358510624
C-FVD,38.1,6,-0.3758557478021114
C-FVD,38.2,6,-0.3840151425043672
C-FVD,38.300000000000004,6,-0.39137201408808053
C-FVD,38.400000000000006,6,-0.3979078449734512
C-FVD,38.5,6,-0.4036077455132894
C-FVD,38.6,6,-0.40846050537506606
C-FVD,38.7,6,-0.41245851202608463
C-FVD,38.800000000000004,6,-0.4155975815187567
C-FVD,38.900000000000006,6,-0.4178767369261909
C-FVD,39.0,6,-0.4192979610000105
C-FVD,39.1,6,-0.41986594222052886
C-FVD,39.2,6,-0.41977981372960826
C-FVD,39.300000000000004,6,-0.41937621062288954
C-FVD,39.400000000000006,6,-0.4189673448154121
C-FVD,39.5,6,-0.41877782420467113
C-FVD,39.6,6,-0.41893254830515403
C-FVD,39.7,6,-0.41946833137322415
C-FVD,39.800000000000004,6,-0.42035421353344304
C-FVD,39.900000000000006,6,-0.4215132325528188
C-FVD,40.0,6,-0.42284254637103125
C-FVD,40.1,6,-0.4242298682856944
C-FVD,40.2,6,-0.42556544169828214
C-FVD,40.300000000000004,6,-0.42674971894123637
C-FVD,40.400000000000006,6,-0.42769743662791093
C-FVD,40.5,6,-0.4283389780300588
C-FVD,40.6,6,-0.4286198966127319
C-FVD,40.7,6,-0.4284993446192793
C-FVD,40.800000000000004,6,-0.4279479780617592
C-FVD,40.900000000000006,6,-0.42694573846910266
C-FVD,41.0,6,-0.425479764856151
C-FVD,41.1,6,-0.42354257495097336
C-FVD,41.2,6,-0.42113057266568177
C-FVD,41.300000000000004,6,-0.4182428847583832
C-FVD,41.400000000000006,6,-0.41488049766662627
C-FVD,41.5,6,-0.4110456496371615
C-FVD,41.6,6,-0.4067414283403643
C-FVD,41.7,6,-0.4019715260101666
C-FVD,41.800000000000004,6,-0.39674010973213925
C-FVD,41.900000000000006,6,-0.3926859930467028
C-FVD,42.0,6,-0.3904813536054714
C-FVD,42.1,6,-0.3902269099165476
C-FVD,42.2,6,-0.3917201886993613
C-FVD,42.300000000000004,6,-0.3946187447310052
C-FVD,42.400000000000006,6,-0.39853600978186066
C-FVD,42.5,6,-0.40309462271898866
C-FVD,42.6,6,-0.4079579267658584
C-FVD,42.7,6,-0.4128469878433787
C-FVD,42.800000000000004,6,-0.41754497503914756
C-FVD,42.900000000000006,6,-0.4218929685663291
C-FVD,43.0,6,-0.42578112611533747
C-FVD,43.1,6,-0.4291381896243429
C-FVD,43.2,6,-0.43192126316226265
C-FVD,43.300000000000004,6,-0.4341069190690927
C-FVD,43.400000000000006,6,-0.4356840643097524
C-FVD,43.5,6,-0.43664860174923703
C-FVD,43.6,6,-0.4369997005185109
C-FVD,43.7,6,-0.43673739190134064
C-FVD,43.800000000000004,6,-0.43586118690289766
C-FVD,43.900000000000006,6,-0.4343694350298506
C-FVD,44.0,6,-0.4322591876843571
C-FVD,44.1,6,-0.4295263793731401
C-FVD,44.2,6,-0.4261661873278957
C-FVD,44.300000000000004,6,-0.42217347102616465
C-FVD,44.400000000000006,6,-0.4175432260669947
C-FVD,44.5,6,-0.4149044984630521
C-FVD,44.6,6,-0.4200014310214293
C-FVD,44.7,6,-0.42975948945378484
C-FVD,44.800000000000004,6,-0.4420010991397394
C-FVD,44.900000000000006,6,-0.4551975961317787
C-FVD,45.0,6,-0.46828896871926595
C-FVD,45.1,6,-0.4805529122195935
C-FVD,45.2,6,-0.4915139609773096
C-FVD,45.300000000000004,6,-0.5009121294945675
C-FVD,45.400000000000006,6,-0.5086474854034044
C-FVD,45.5,6,-0.514725151102132
C-FVD,45.6,6,-0.5192104039067811
C-FVD,45.7,6,-0.5221960927459737
C-FVD,45.800000000000004,6,-0.5237812273452676
C-FVD,45.900000000000006,6,-0.524058399495571
C-FVD,46.0,6,-0.5231075668392773
C-FVD,46.1,6,-0.520994061730363
C-FVD,46.2,6,-0.5177691634064292
C-FVD,46.300000000000004,6,-0.5134720374045294
C-FVD,46.400000000000006,6,-0.508132238462979
C-FVD,46.5,6,-0.5017726897238202
C-FVD,46.6,6,-0.4944132701398676
C-FVD,46.7,6,-0.48607422697831026
C-FVD,46.800000000000004,6,-0.4767787657510123
C-FVD,46.900000000000006,6,-0.46655454670854546
C-FVD,47.0,6,-0.45543413314188186
C-FVD,47.1,6,-0.44345461849767887
C-FVD,47.2,6,-0.43065672241412223
C-FVD,47.300000000000004,6,-0.4170836305117298
C-FVD,47.400000000000006,6,-0.4027797973065983
C-FVD,47.5,6,-0.38778986360853906
C-FVD,47.6,6,-0.3721577759018242
C-FVD,47.7,6,-0.35592614356096597
C-FVD,47.800000000000004,6,-0.3391471983177681
C-FVD,47.900000000000006,6,-0.32210937867592193
C-FVD,48.0,6,-0.3051292782332897
C-FVD,48.1,6,-0.28846120852026225
C-FVD,48.2,6,-0.2722695450900936
C-FVD,48.300000000000004,6,-0.2566319324613726
C-FVD,48.400000000000006,6,-0.24155541995254026
C-FVD,48.5,6,-0.2269959833003803
C-FVD,48.6,6,-0.21287677658643211
C-FVD,48.7,6,-0.19910320840043205
C-FVD,48.800000000000004,6,-0.18557440028421723
C-FVD,48.900000000000006,6,-0.17219129794922594
C-FVD,49.0,6,-0.1588619944673031
C-FVD,49.1,6,-0.14550980684563442
C-FVD,49.2,6,-0.13207927353795768
C-FVD,49.300000000000004,6,-0.11853778010296878
C-FVD,49.400000000000006,6,-0.10487355311533797
C-FVD,49.5,6,-0.09109154498050742
C-FVD,49.6,6,-0.07720858971326372
C-FVD,49.7,6,-0.06324878480977958
C-FVD,49.800000000000004,6,-0.04923962845640162
C-FVD,49.900000000000006,6,-0.035209114142800146
C-FVD,50.0,6,-0.021183771725299394
C-FVD,50.1,6,-0.007187526975339864
C-FVD,50.2,6,0.006758796412098533
C-FVD,50.300000000000004,6,0.020637512675442338
C-FVD,50.400000000000006,6,0.03401953244626732
C-FVD,50.5,6,0.04571628240106129
C-FVD,50.6,6,0.05531701731827887
C-FVD,50.7,6,0.06284405350081812
C-FVD,50.800000000000004,6,0.06854022303844687
C-FVD,50.900000000000006,6,0.07274150368863985
C-FVD,51.0,6,0.07580376168115066
C-FVD,51.1,6,0.07806326335237301
C-FVD,51.2,6,0.07981776487604897
C-FVD,51.300000000000004,6,0.08131973312703344
C-FVD,51.400000000000006,6,0.08277637227507917
C-FVD,51.5,6,0.08435316580990282
C-FVD,51.6,6,0.08616922237096425
C-FVD,51.7,6,0.0882788614015908
C-FVD,51.800000000000004,6,0.09068306456522279
C-FVD,51.900000000000006,6,0.0933491514217053
C-FVD,52.0,6,0.09622912007758799
C-FVD,52.1,6,0.09927331315309651
C-FVD,52.2,6,0.10243773063442951
C-FVD,52.300000000000004,6,0.10568650006658231
C-FVD,52.400000000000006,6,0.10899153751752522
C-FVD,52.5,6,0.11233100761041115
C-FVD,52.6,6,0.11568758376884425
C-FVD,52.7,6,0.1190470048834058
C-FVD,52.800000000000004,6,0.1223970883321499
C-FVD,52.900000000000006,6,0.1257271723894693
C-FVD,53.0,6,0.12352399678304238
C-FVD,53.1,6,0.11512102211656305
C-FVD,53.2,6,0.10299417008722145
C-FVD,53.300000000000004,6,0.08888450843537576
C-FVD,53.400000000000006,6,0.07400502914835094
C-FVD,53.5,6,0.059190030104874225
C-FVD,53.6,6,0.04500295969642565
C-FVD,53.7,6,0.03181421032696541
C-FVD,53.800000000000004,6,0.019857174512354803
C-FVD,53.900000000000006,6,0.009268580369448998
C-FVD,54.0,6,0.00011746126770084686
C-FVD,54.1,6,-0.007574088066887086
C-FVD,54.2,6,-0.013979504628370165
C-FVD,54.300000000000004,6,-0.019350803954949924
C-FVD,54.400000000000006,6,-0.023922735243466775
C-FVD,54.5,6,-0.0278750771624221
C-FVD,54.6,6,-0.03132521110709874
C-FVD,54.7,6,-0.03433886951523135
C-FVD,54.800000000000004,6,-0.03694828153114216
C-FVD,54.900000000000006,6,-0.03916779573974338
C-FVD,55.0,6,-0.04100438030013187
C-FVD,55.1,6,-0.042463411402280826
C-FVD,55.2,6,-0.04355108604883817
C-FVD,55.300000000000004,6,-0.04427480972134212
C-FVD,55.400000000000006,6,-0.04464260237573292
C-FVD,55.5,6,-0.04466220916010322
C-FVD,55.6,6,-0.04434030281789347
C-FVD,55.7,6,-0.04368195091979388
C-FVD,55.800000000000004,6,-0.04269038636946654
C-FVD,55.900000000000006,6,-0.0413670459092792
C-FVD,56.0,6,-0.03971180942342656
C-FVD,56.1,6,-0.037723366672908654
C-FVD,56.2,6,-0.0353996459023147
C-FVD,56.300000000000004,6,-0.0327382526268849
C-FVD,56.400000000000006,6,-0.029736882011942356
C-FVD,56.5,6,-0.026393681970654725
C-FVD,56.6,6,-0.022707555266242352
C-FVD,56.7,6,-0.019038312927635914
C-FVD,56.800000000000004,6,-0.01625370965928319
C-FVD,56.900000000000006,6,-0.01465892563751936
C-FVD,57.0,6,-0.014242497367090934
C-FVD,57.1,6,-0.014829239243537629
C-FVD,57.2,6,-0.016172824103300343
C-FVD,57.300000000000004,6,-0.01804574158975747
C-FVD,57.400000000000006,6,-0.020270860825625903
C-FVD,57.5,6,-0.02272121879421718
C-FVD,57.6,6,-0.025308462278546884
C-FVD,57.7,6,-0.02796958357438406
C-FVD,57.800000000000004,6,-0.030655865269762828
C-FVD,57.900000000000006,6,-0.03332509493498392
C-FVD,58.0,6,-0.03593682922658736
C-FVD,58.1,6,-0.038450027117722385
C-FVD,58.2,6,-0.04082231021489058
C-FVD,58.300000000000004,6,-0.04301021455972176
C-FVD,58.400000000000006,6,-0.044969954882219554
C-FVD,58.5,6,-0.04665837352686353
C-FVD,58.6,6,-0.04803387044611007
C-FVD,58.7,6,-0.04905720297758975
C-FVD,58.800000000000004,6,-0.049692107543210184
C-FVD,58.900000000000006,6,-0.04990573565481249
C-FVD,59.0,6,-0.04966891972520848
C-FVD,59.1,6,-0.04895629544814284
C-FVD,59.2,6,-0.04774631110657701
C-FVD,59.300000000000004,6,-0.050240518180787674
C-FVD,59.400000000000006,6,-0.056713106363256216
C-FVD,59.5,6,-0.06539127820170165
C-FVD,59.6,6,-0.07501996251473209
C-FVD,59.7,6,-0.08471803548006207
C-FVD,59.800000000000004,6,-0.0939159488872825
C-FVD,59.900000000000006,6,-0.10242991383183764
C-FVD,60.0,6,-0.11024268612835009
C-FVD,60.1,6,-0.1173898970594589
C-FVD,60.2,6,-0.12390760778327525
C-FVD,60.300000000000004,6,-0.12981406396034068
C-FVD,60.400000000000006,6,-0.1351084081810363
C-FVD,60.5,6,-0.13977620183355022
C-FVD,60.6,6,-0.14379634270043695
C-FVD,60.7,6,-0.14714689603630582
C-FVD,60.800000000000004,6,-0.1498090283307043
C-FVD,60.900000000000006,6,-0.151769085880332
C-FVD,61.0,6,-0.15301921843021837
C-FVD,61.1,6,-0.15355703174323487
C-FVD,61.2,6,-0.15338470219654
C-FVD,61.300000000000004,6,-0.15250788451959352
C-FVD,61.400000000000006,6,-0.15093463567208687
C-FVD,61.5,6,-0.1486744848624344
C-FVD,61.6,6,-0.1457377091450116
C-FVD,61.7,6,-0.1421348258049786
C-FVD,61.800000000000004,6,-0.13787628335318658
C-FVD,61.900000000000006,6,-0.1329723178683082
C-FVD,62.0,6,-0.12743293626439112
C-FVD,62.1,6,-0.12126798917544512
C-FVD,62.2,6,-0.1144873007480669
C-FVD,62.300000000000004,6,-0.10710082875496063
C-FVD,62.400000000000006,6,-0.09985753664960129
C-FVD,62.5,6,-0.0936181656942292
C-FVD,62.6,6,-0.08868531559934567
C-FVD,62.7,6,-0.08504591680600626
C-FVD,62.800000000000004,6,-0.08253287309124957
C-FVD,62.900000000000006,6,-0.08092409595620254
C-FVD,63.0,6,-0.07999739514528947
C-FVD,63.1,6,-0.07955657366268731
C-FVD,63.2,6,-0.07944017494838995
C-FVD,63.300000000000004,6,-0.07952077589207818
C-FVD,63.400000000000006,6,-0.0796999001348393
C-FVD,63.5,6,-0.07990157576759849
C-FVD,63.6,6,-0.08006616865562322
C-FVD,63.7,6,-0.0801452353401313
C-FVD,63.800000000000004,6,-0.0800976136479239
C-FVD,63.900000000000006,6,-0.07988668650916964
C-FVD,64.0,6,-0.07947862601016809
C-FVD,64.10000000000001,6,-0.07884138747593816
C-FVD,64.2,6,-0.0779442353076174
C-FVD,64.3,6,-0.07675761676420301
C-FVD,64.4,6,-0.07525324108296516
C-FVD,64.5,6,-0.07340426071006512
C-FVD,64.60000000000001,6,-0.07118548496479882
C-FVD,64.7,6,-0.06857358291841287
C-FVD,64.8,6,-0.06554725185192645
C-FVD,64.9,6,-0.062087341301836574
C-FVD,65.0,6,-0.06511133348945108
C-FVD,0.0,7,0.0
C-FVD,0.1,7,-0.015950337671805315
C-FVD,0.2,7,-0.03093693880701842
C-FVD,0.30000000000000004,7,-0.04423391932158971
C-FVD,0.4,7,-0.05579202325081489
C-FVD,0.5,7,-0.0657619468951971
C-FVD,0.6000000000000001,7,-0.07431617379773847
C-FVD,0.7000000000000001,7,-0.08160455394219923
C-FVD,0.8,7,-0.08775668041361762
C-FVD,0.9,7,-0.0928934573371265
C-FVD,1.0,7,-0.09713468713361806
C-FVD,1.1,7,-0.10060041666073438
C-FVD,1.2000000000000002,7,-0.10340778373284287
C-FVD,1.3,7,-0.10566588559669121
C-FVD,1.4000000000000001,7,-0.10747069814860133
C-FVD,1.5,7,-0.10890126192157368
C-FVD,1.6,7,-0.1100176265788324
C-FVD,1.7000000000000002,7,-0.11126955365030966
C-FVD,1.8,7,-0.11350839202995644
C-FVD,1.9000000000000001,7,-0.1170392195779133
C-FVD,2.0,7,-0.12185195948376659
C-FVD,2.1,7,-0.1277672243541037
C-FVD,2.2,7,-0.13452639535066346
C-FVD,2.3000000000000003,7,-0.1418456060846527
C-FVD,2.4000000000000004,7,-0.1494466628704636
C-FVD,2.5,7,-0.15707347206672395
C-FVD,2.6,7,-0.1644995621882792
C-FVD,2.7,7,-0.1715303050018715
C-FVD,2.8000000000000003,7,-0.17800212958271366
C-FVD,2.9000000000000004,7,-0.18378016434399136
C-FVD,3.0,7,-0.18875518396668234
C-FVD,3.1,7,-0.19284037949756794
C-FVD,3.2,7,-0.19599986618786147
C-FVD,3.3000000000000003,7,-0.1982574279499545
C-FVD,3.4000000000000004,7,-0.19968038911681774
C-FVD,3.5,7,-0.2003582338476928
C-FVD,3.6,7,-0.20038428077611847
C-FVD,3.7,7,-0.1998429719296677
C-FVD,3.8000000000000003,7,-0.19880267177270916
C-FVD,3.9000000000000004,7,-0.19731315351437217
C-FVD,4.0,7,-0.19540651488329353
C-FVD,4.1000000000000005,7,-0.19310017485955022
C-FVD,4.2,7,-0.19040077945799894
C-FVD,4.3,7,-0.19042904348640732
C-FVD,4.4,7,-0.19487348573406393
C-FVD,4.5,7,-0.20197315639506996
C-FVD,4.6000000000000005,7,-0.21047308871542825
C-FVD,4.7,7,-0.21948523121282193
C-FVD,4.800000000000001,7,-0.2283873564638661
C-FVD,4.9,7,-0.23674949531442024
C-FVD,5.0,7,-0.24428035634697132
C-FVD,5.1000000000000005,7,-0.25078828557492194
C-FVD,5.2,7,-0.2561528272520146
C-FVD,5.300000000000001,7,-0.26030402915469786
C-FVD,5.4,7,-0.26320741476954623
C-FVD,5.5,7,-0.26485310681291097
C-FVD,5.6000000000000005,7,-0.265247993166577
C-FVD,5.7,7,-0.2644101216488153
C-FVD,5.800000000000001,7,-0.2625760734825917
C-FVD,5.9,7,-0.26007239127087445
C-FVD,6.0,7,-0.25719559616958776
C-FVD,6.1000000000000005,7,-0.2541654303627361
C-FVD,6.2,7,-0.25111636890325073
C-FVD,6.300000000000001,7,-0.2481071494480407
C-FVD,6.4,7,-0.24513770212184127
C-FVD,6.5,7,-0.24216839841768234
C-FVD,6.6000000000000005,7,-0.23913773224287738
C-FVD,6.7,7,-0.2359763476324339
C-FVD,6.800000000000001,7,-0.23261680587113176
C-FVD,6.9,7,-0.22899942072087676
C-FVD,7.0,7,-0.22507494802504624
C-FVD,7.1000000000000005,7,-0.22080503927926465
C-FVD,7.2,7,-0.21616129645203053
C-FVD,7.300000000000001,7,-0.21112360213167314
C-FVD,7.4,7,-0.20567821299169076
C-FVD,7.5,7,-0.1998159337547083
C-FVD,7.6000000000000005,7,-0.1935305504840965
C-FVD,7.7,7,-0.18681760025521932
C-FVD,7.800000000000001,7,-0.17967348601818323
C-FVD,7.9,7,-0.1720949045601401
C-FVD,8.0,7,-0.16407853496838598
C-FVD,8.1,7,-0.15562092851603815
C-FVD,8.200000000000001,7,-0.1467185432132645
C-FVD,8.3,7,-0.1374847574209408
C-FVD,8.4,7,-0.1293112066572828
C-FVD,8.5,7,-0.12276452124907244
C-FVD,8.6,7,-0.11793576602306999
C-FVD,8.700000000000001,7,-0.11465998478357875
C-FVD,8.8,7,-0.11265091959574391
C-FVD,8.9,7,-0.11158099525264831
C-FVD,9.0,7,-0.11113277375707575
C-FVD,9.1,7,-0.11103059270286231
C-FVD,9.200000000000001,7,-0.111054056346644
C-FVD,9.3,7,-0.1110386746237193
C-FVD,9.4,7,-0.11086903400016368
C-FVD,9.5,7,-0.11046869685512384
C-FVD,9.600000000000001,7,-0.10978961938807252
C-FVD,9.700000000000001,7,-0.10880267905546326
C-FVD,9.8,7,-0.10749003002958801
C-FVD,9.9,7,-0.10583944166195458
C-FVD,10.0,7,-0.10384045467758263
C-FVD,10.100000000000001,7,-0.10148204041793996
C-FVD,10.200000000000001,7,-0.09875140790195047
C-FVD,10.3,7,-0.09563362505737949
C-FVD,10.4,7,-0.09211177201145127
C-FVD,10.5,7,-0.08816740542795287
C-FVD,10.600000000000001,7,-0.08378117180381217
C-FVD,10.700000000000001,7,-0.07893345855207912
C-FVD,10.8,7,-0.07360501249302587
C-FVD,10.9,7,-0.07052959172900941
C-FVD,11.0,7,-0.07422452782620859
C-FVD,11.100000000000001,7,-0.08211428625155648
C-FVD,11.200000000000001,7,-0.09236195988810181
C-FVD,11.3,7,-0.10366477812044117
C-FVD,11.4,7,-0.11510594080903758
C-FVD,11.5,7,-0.12604727186398357
C-FVD,11.600000000000001,7,-0.13610118245315128
C-FVD,11.700000000000001,7,-0.14507790205042248
C-FVD,11.8,7,-0.1529221683416484
C-FVD,11.9,7,-0.1596578404343436
C-FVD,12.0,7,-0.1653464561658602
C-FVD,12.100000000000001,7,-0.17005980460136172
C-FVD,12.200000000000001,7,-0.1738640292403293
C-FVD,12.3,7,-0.176812102460433
C-FVD,12.4,7,-0.17894175929274603
C-FVD,12.5,7,-0.18027658555867987
C-FVD,12.600000000000001,7,-0.1808286194202111
C-FVD,12.700000000000001,7,-0.18060140541869174
C-FVD,12.8,7,-0.1795928875426256
C-FVD,12.9,7,-0.17779784237635532
C-FVD,13.0,7,-0.17520975584723253
C-FVD,13.100000000000001,7,-0.17182216463441868
C-FVD,13.200000000000001,7,-0.16762954164925503
C-FVD,13.3,7,-0.1626278252846891
C-FVD,13.4,7,-0.15681469018424643
C-FVD,13.5,7,-0.15018964407553703
C-FVD,13.600000000000001,7,-0.1427540178120985
C-FVD,13.700000000000001,7,-0.13451089832780383
C-FVD,13.8,7,-0.12546503887951133
C-FVD,13.9,7,-0.11562276858721887
C-FVD,14.0,7,-0.10499191395988561
C-FVD,14.100000000000001,7,-0.09366370584781691
C-FVD,14.200000000000001,7,-0.08198981760131652
C-FVD,14.3,7,-0.07034061433193095
C-FVD,14.4,7,-0.059002992350821515
C-FVD,14.5,7,-0.04815200687790444
C-FVD,14.600000000000001,7,-0.0378592623194276
C-FVD,14.700000000000001,7,-0.0281160415846351
C-FVD,14.8,7,-0.018859155524889815
C-FVD,14.9,7,-0.009993754917619668
C-FVD,15.0,7,-0.0014110030196210488
C-FVD,15.100000000000001,7,0.006999543290605814
C-FVD,15.200000000000001,7,0.0153420964854174
C-FVD,15.3,7,0.02371030260737328
C-FVD,15.4,7,0.03218538376951585
C-FVD,15.5,7,0.040835896113355474
C-FVD,15.600000000000001,7,0.04971844148099258
C-FVD,15.700000000000001,7,0.05887886212724425
C-FVD,15.8,7,0.06835360698637061
C-FVD,15.9,7,0.07817107972934778
C-FVD,16.0,7,0.0883528657373116
C-FVD,16.1,7,0.09891479322564223
C-FVD,16.2,7,0.10986781988532002
C-FVD,16.3,7,0.12121875679322436
C-FVD,16.400000000000002,7,0.13297085110010443
C-FVD,16.5,7,0.14512425204304158
C-FVD,16.6,7,0.1576763839610198
C-FVD,16.7,7,0.16929240209251617
C-FVD,16.8,7,0.1789045485833647
C-FVD,16.900000000000002,7,0.1862295721016327
C-FVD,17.0,7,0.1914083106236113
C-FVD,17.1,7,0.1947811642468924
C-FVD,17.2,7,0.19675275278344806
C-FVD,17.3,7,0.19771727848590537
C-FVD,17.400000000000002,7,0.19802279748949125
C-FVD,17.5,7,0.19795885300032445
C-FVD,17.6,7,0.19775700434864874
C-FVD,17.7,7,0.1975975863663475
C-FVD,17.8,7,0.19761861179113183
C-FVD,17.900000000000002,7,0.19792448908062177
C-FVD,18.0,7,0.19859351151221283
C-FVD,18.1,7,0.1996838478811398
C-FVD,18.2,7,0.20123815419721858
C-FVD,18.3,7,0.2032870709600516
C-FVD,18.400000000000002,7,0.20585188356893624
C-FVD,18.5,7,0.20894657817912687
C-FVD,18.6,7,0.21257946451705756
C-FVD,18.7,7,0.21675448178340417
C-FVD,18.8,7,0.22147226155343525
C-FVD,18.900000000000002,7,0.22673099321386658
C-FVD,19.0,7,0.23252712051787228
C-FVD,19.1,7,0.2388558889933119
C-FVD,19.200000000000003,7,0.24321310766945992
C-FVD,19.3,7,0.23829744749879467
C-FVD,19.400000000000002,7,0.22770075155042946
C-FVD,19.5,7,0.2139610833984822
C-FVD,19.6,7,0.19884220399007368
C-FVD,19.700000000000003,7,0.18352056359765
C-FVD,19.8,7,0.1687497348112963
C-FVD,19.900000000000002,7,0.15499173735316418
C-FVD,20.0,7,0.14251547968274103
C-FVD,20.1,7,0.13146703890834743
C-FVD,20.200000000000003,7,0.12191775004342986
C-FVD,20.3,7,0.11389520797422037
C-FVD,20.400000000000002,7,0.10740170571391694
C-FVD,20.5,7,0.10242456075660122
C-FVD,20.6,7,0.0989417086981863
C-FVD,20.700000000000003,7,0.09692478666277005
C-FVD,20.8,7,0.0963410098459061
C-FVD,20.900000000000002,7,0.09715451823858778
C-FVD,21.0,7,0.09932749150738829
C-FVD,21.1,7,0.10282112723755255
C-FVD,21.200000000000003,7,0.10759648677992573
C-FVD,21.3,7,0.113615185235167
C-FVD,21.400000000000002,7,0.12083990524749133
C-FVD,21.5,7,0.12923472875887576
C-FVD,21.6,7,0.13876529627185086
C-FVD,21.700000000000003,7,0.14939881486395912
C-FVD,21.8,7,0.16110394292506136
C-FVD,21.900000000000002,7,0.17385058179106316
C-FVD,22.0,7,0.18760960325164255
C-FVD,22.1,7,0.20226652149599822
C-FVD,22.200000000000003,7,0.2175257257830303
C-FVD,22.3,7,0.2330911938083915
C-FVD,22.400000000000002,7,0.24874004066779776
C-FVD,22.5,7,0.26434034247616367
C-FVD,22.6,7,0.27984270810894607
C-FVD,22.700000000000003,7,0.2952618082232483
C-FVD,22.8,7,0.3106503374779255
C-FVD,22.900000000000002,7,0.3260762860717641
C-FVD,23.0,7,0.3416076087134261
C-FVD,23.1,7,0.35730384061587905
C-FVD,23.200000000000003,7,0.37321278012431947
C-FVD,23.3,7,0.3893702888599009
C-FVD,23.400000000000002,7,0.40580167914074217
C-FVD,23.5,7,0.4225236619600139
C-FVD,23.6,7,0.4395459826764103
C-FVD,23.700000000000003,7,0.45687239118535494
C-FVD,23.8,7,0.4745009967717362
C-FVD,23.900000000000002,7,0.49242424412405406
C-FVD,24.0,7,0.5106287696804639
C-FVD,24.1,7,0.5290953350198961
C-FVD,24.200000000000003,7,0.547798946407303
C-FVD,24.3,7,0.5667091912432873
C-FVD,24.400000000000002,7,0.5857907671886355
C-FVD,24.5,7,0.6050041497178871
C-FVD,24.6,7,0.6233608357473237
C-FVD,24.700000000000003,7,0.6399026140637964
C-FVD,24.8,7,0.654351453096254
C-FVD,24.900000000000002,7,0.6667952014480232
C-FVD,25.0,7,0.6774972325577995
C-FVD,25.1,7,0.6867849677258153
C-FVD,25.200000000000003,7,0.6949659860504198
C-FVD,25.3,7,0.7022809496012759
C-FVD,25.400000000000002,7,0.7089009629141305
C-FVD,25.5,7,0.7149413848769015
C-FVD,25.6,7,0.7204788317244191
C-FVD,25.700000000000003,7,0.7255658874742057
C-FVD,25.8,7,0.7302419090614869
C-FVD,25.900000000000002,7,0.7345400587877187
C-FVD,26.0,7,0.7384902493606376
C-FVD,26.1,7,0.7421190476883464
C-FVD,26.200000000000003,7,0.7454482994132938
C-FVD,26.3,7,0.7484937775722678
C-FVD,26.400000000000002,7,0.7512645097620183
C-FVD,26.5,7,0.7537629385570437
C-FVD,26.6,7,0.7559857811356014
C-FVD,26.700000000000003,7,0.7579253364484071
C-FVD,26.8,7,0.7595709800834207
C-FVD,26.900000000000002,7,0.7609106349294539
C-FVD,27.0,7,0.7606491485558617
C-FVD,27.1,7,0.7518653990933295
C-FVD,27.200000000000003,7,0.7376980515454914
C-FVD,27.3,7,0.7203569600826842
C-FVD,27.400000000000002,7,0.7013879562005307
C-FVD,27.5,7,0.6818627037338096
C-FVD,27.6,7,0.6624790018226392
C-FVD,27.700000000000003,7,0.6435079702730064
C-FVD,27.8,7,0.6250302430792409
C-FVD,27.900000000000002,7,0.6070581998642552
C-FVD,28.0,7,0.5895938270521555
C-FVD,28.1,7,0.5726517360268915
C-FVD,28.200000000000003,7,0.5562645044268439
C-FVD,28.3,7,0.540480003110785
C-FVD,28.400000000000002,7,0.5253559011609816
C-FVD,28.5,7,0.510946820707046
C-FVD,28.6,7,0.497293546900627
C-FVD,28.700000000000003,7,0.48441795057879133
C-FVD,28.8,7,0.4723229778773632
C-FVD,28.900000000000002,7,0.4609958409651984
C-FVD,29.0,7,0.45041262023770834
C-FVD,29.1,7,0.4405429870811304
C-FVD,29.200000000000003,7,0.4313542887803141
C-FVD,29.3,7,0.4228146594565736
C-FVD,29.400000000000002,7,0.4148951042243141
C-FVD,29.5,7,0.40757066631700845
C-FVD,29.6,7,0.4008208608415895
C-FVD,29.700000000000003,7,0.3946295751577278
C-FVD,29.8,7,0.38898461935049866
C-FVD,29.900000000000002,7,0.38387707831338425
C-FVD,30.0,7,0.3793005807397254
C-FVD,30.1,7,0.37477006478187747
C-FVD,30.200000000000003,7,0.3694006991157561
C-FVD,30.3,7,0.3628904679327931
C-FVD,30.400000000000002,7,0.355263854661521
C-FVD,30.5,7,0.3467131332638367
C-FVD,30.6,7,0.3375026938593688
C-FVD,30.700000000000003,7,0.3279135449191166
C-FVD,30.8,7,0.31821299609945797
C-FVD,30.900000000000002,7,0.30863977658861685
C-FVD,31.0,7,0.2993719199950782
C-FVD,31.1,7,0.2905095096726402
C-FVD,31.200000000000003,7,0.28208897869056493
C-FVD,31.3,7,0.27410570604660656
C-FVD,31.400000000000002,7,0.2665347289919229
C-FVD,31.5,7,0.25934585131897236
C-FVD,31.6,7,0.2525127089222341
C-FVD,31.700000000000003,7,0.24601688187894588
C-FVD,31.8,7,0.23984859852737728
C-FVD,31.900000000000002,7,0.23400547340761157
C-FVD,32.0,7,0.2284903890733858
C-FVD,32.1,7,0.22330926029651188
C-FVD,32.2,7,0.2184690989704965
C-FVD,32.300000000000004,7,0.21397656052902292
C-FVD,32.4,7,0.20983699745030115
C-FVD,32.5,7,0.20605395774712676
C-FVD,32.6,7,0.20062786697753587
C-FVD,32.7,7,0.1898754665675817
C-FVD,32.800000000000004,7,0.17588795122288836
C-FVD,32.9,7,0.16015008751829463
C-FVD,33.0,7,0.1437097873554034
C-FVD,33.1,7,0.12730052997651242
C-FVD,33.2,7,0.1114297338653163
C-FVD,33.300000000000004,7,0.09644253882392206
C-FVD,33.4,7,0.0825678266957901
C-FVD,33.5,7,0.06990689970146313
C-FVD,33.6,7,0.05828906090280306
C-FVD,33.7,7,0.04747365714074192
C-FVD,33.800000000000004,7,0.03724485690873003
C-FVD,33.9,7,0.027447482607289686
C-FVD,34.0,7,0.017992246527507305
C-FVD,34.1,7,0.008845307414658166
C-FVD,34.2,7,1.2216474560844404e-05
C-FVD,34.300000000000004,7,-0.00847793183191392
C-FVD,34.4,7,-0.016585397938770896
C-FVD,34.5,7,-0.024268930411963652
C-FVD,34.6,7,-0.03149137761366383
C-FVD,34.7,7,-0.038222487523039916
C-FVD,34.800000000000004,7,-0.04443971587899931
C-FVD,34.9,7,-0.05012778599441248
C-FVD,35.0,7,-0.055277588799359734
C-FVD,35.1,7,-0.059884842802079064
C-FVD,35.2,7,-0.06394878336786292
C-FVD,35.300000000000004,7,-0.06747103197845661
C-FVD,35.4,7,-0.07045471064041209
C-FVD,35.5,7,-0.07290381040650473
C-FVD,35.6,7,-0.07482278994499758
C-FVD,35.7,7,-0.07621636392715914
C-FVD,35.800000000000004,7,-0.07708943616984776
C-FVD,35.9,7,-0.07744713457324615
C-FVD,36.0,7,-0.0772949107026939
C-FVD,36.1,7,-0.07745898124614747
C-FVD,36.2,7,-0.07883423874783624
C-FVD,36.300000000000004,7,-0.0817203364687149
C-FVD,36.4,7,-0.08608266042630319
C-FVD,36.5,7,-0.09171466528167471
C-FVD,36.6,7,-0.09833697715918888
C-FVD,36.7,7,-0.10566412862271868
C-FVD,36.800000000000004,7,-0.11344202571672746
C-FVD,36.9,7,-0.12146383135162964
C-FVD,37.0,7,-0.12957204880547835
C-FVD,37.1,7,-0.13765302993897954
C-FVD,37.2,7,-0.14562825546084213
C-FVD,37.300000000000004,7,-0.15344509624266678
C-FVD,37.4,7,-0.16106853232952645
C-FVD,37.5,7,-0.16847447052242615
C-FVD,37.6,7,-0.1756447869026161
C-FVD,37.7,7,-0.182563939551045
C-FVD,37.800000000000004,7,-0.18921687130652032
C-FVD,37.9,7,-0.19558789243804675
C-FVD,38.0,7,-0.20166025570878787
C-FVD,38.1,7,-0.20741618313394916
C-FVD,38.2,7,-0.21283715739827969
C-FVD,38.300000000000004,7,-0.2179043417181692
C-FVD,38.400000000000006,7,-0.222599035292129
C-FVD,38.5,7,-0.2269031058873363
C-FVD,38.6,7,-0.2307993668201913
C-FVD,38.7,7,-0.23958844141512792
C-FVD,38.800000000000004,7,-0.25352775041298337
C-FVD,38.900000000000006,7,-0.27057143145290574
C-FVD,39.0,7,-0.2892613528176682
C-FVD,39.1,7,-0.3085645404216457
C-FVD,39.2,7,-0.32775533042823746
C-FVD,39.300000000000004,7,-0.34636412551691365
C-FVD,39.400000000000006,7,-0.36413149776704756
C-FVD,39.5,7,-0.38094693021215065
C-FVD,39.6,7,-0.3967927871420063
C-FVD,39.7,7,-0.41170077800713756
C-FVD,39.800000000000004,7,-0.4257217131924982
C-FVD,39.900000000000006,7,-0.43890661672002373
C-FVD,40.0,7,-0.4512965460251017
C-FVD,40.1,7,-0.46291862843546916
C-FVD,40.2,7,-0.4737861107600114
C-FVD,40.300000000000004,7,-0.4839006420629808
C-FVD,40.400000000000006,7,-0.49325548421567333
C-FVD,40.5,7,-0.5018387894962952
C-FVD,40.6,7,-0.5096364514406542
C-FVD,40.7,7,-0.5166343076044182
C-FVD,40.800000000000004,7,-0.5228196552524071
C-FVD,40.900000000000006,7,-0.5281821486065201
C-FVD,41.0,7,-0.5327141980962118
C-FVD,41.1,7,-0.5364110060819058
C-FVD,41.2,7,-0.539270364683766
C-FVD,41.300000000000004,7,-0.54129232081773
C-FVD,41.400000000000006,7,-0.5424787889554334
C-FVD,41.5,7,-0.542833168210537
C-FVD,41.6,7,-0.542359999647859
C-FVD,41.7,7,-0.5410646832444765
C-FVD,41.800000000000004,7,-0.5389532617840906
C-FVD,41.900000000000006,7,-0.5360322706834655
C-FVD,42.0,7,-0.5325985189091433
C-FVD,42.1,7,-0.5289973584941201
C-FVD,42.2,7,-0.5255113538030756
C-FVD,42.300000000000004,7,-0.5223236801319242
C-FVD,42.400000000000006,7,-0.5195188348094817
C-FVD,42.5,7,-0.517099486188279
C-FVD,42.6,7,-0.5150080611110841
C-FVD,42.7,7,-0.5131481962512652
C-FVD,42.800000000000004,7,-0.5114036833348159
C-FVD,42.900000000000006,7,-0.5096534284582912
C-FVD,43.0,7,-0.5077820010069001
C-FVD,43.1,7,-0.5056861148578164
C-FVD,43.2,7,-0.5032777959356309
C-FVD,43.300000000000004,7,-0.500485119055817
C-FVD,43.400000000000006,7,-0.49725134616184263
C-FVD,43.5,7,-0.4935331559185805
C-FVD,43.6,7,-0.48929848318004154
C-FVD,43.7,7,-0.4845243233103975
C-FVD,43.800000000000004,7,-0.47919471911890454
C-FVD,43.900000000000006,7,-0.4732990432616031
C-FVD,44.0,7,-0.46683061513459556
C-FVD,44.1,7,-0.4597856437763923
C-FVD,44.2,7,-0.45216246118789627
C-FVD,44.300000000000004,7,-0.44396099802712463
C-FVD,44.400000000000006,7,-0.43518245094328734
C-FVD,44.5,7,-0.42582909403725466
C-FVD,44.6,7,-0.41637103583525636
C-FVD,44.7,7,-0.4081855277163875
C-FVD,44.800000000000004,7,-0.4017783937156665
C-FVD,44.900000000000006,7,-0.3971645992025046
C-FVD,45.0,7,-0.39410466336350325
C-FVD,45.1,7,-0.3922476175978655
C-FVD,45.2,7,-0.39121417631601396
C-FVD,45.300000000000004,7,-0.39064305077923045
C-FVD,45.400000000000006,7,-0.3902206367255232
C-FVD,45.5,7,-0.3896942293542338
C-FVD,45.6,7,-0.388873036789839
C-FVD,45.7,7,-0.38762177668221476
C-FVD,45.800000000000004,7,-0.3858507637156947
C-FVD,45.900000000000006,7,-0.3835051892812835
C-FVD,46.0,7,-0.38055520890137196
C-FVD,46.1,7,-0.37698763307215266
C-FVD,46.2,7,-0.3727994679454998
C-FVD,46.300000000000004,7,-0.36799322481383
C-FVD,46.400000000000006,7,-0.36257375080712606
C-FVD,46.5,7,-0.35654627278326245
C-FVD,46.6,7,-0.34991542310987356
C-FVD,46.7,7,-0.3426851089055667
C-FVD,46.800000000000004,7,-0.3348589908720143
C-FVD,46.900000000000006,7,-0.32644128619655355
C-FVD,47.0,7,-0.31743763402923086
C-FVD,47.1,7,-0.307855833081911
C-FVD,47.2,7,-0.29770634476434665
C-FVD,47.300000000000004,7,-0.29402561613913925
C-FVD,47.400000000000006,7,-0.29685615800317144
C-FVD,47.5,7,-0.30353074259043744
C-FVD,47.6,7,-0.312172725103089
C-FVD,47.7,7,-0.32147630242482883
C-FVD,47.800000000000004,7,-0.33054679838151557
C-FVD,47.900000000000006,7,-0.33878666136789626
C-FVD,48.0,7,-0.34585314943710266
C-FVD,48.1,7,-0.3515922309533579
C-FVD,48.2,7,-0.35597461826977295
C-FVD,48.300000000000004,7,-0.35904394947034746
C-FVD,48.400000000000006,7,-0.36087918553149656
C-FVD,48.5,7,-0.3615697419033541
C-FVD,48.6,7,-0.36120064605390034
C-FVD,48.7,7,-0.3598449218169115
C-FVD,48.800000000000004,7,-0.3575607961360081
C-FVD,48.900000000000006,7,-0.3543918638074768
C-FVD,49.0,7,-0.3503688677614889
C-FVD,49.1,7,-0.34551218978149834
C-FVD,49.2,7,-0.3398353564849881
C-FVD,49.300000000000004,7,-0.3333489372814533
C-FVD,49.400000000000006,7,-0.3260639592697103
C-FVD,49.5,7,-0.31799430909321913
C-FVD,49.6,7,-0.3091579888726397
C-FVD,49.7,7,-0.29957736711108396
C-FVD,49.800000000000004,7,-0.28927869725663413
C-FVD,49.900000000000006,7,-0.2782912016748895
C-FVD,50.0,7,-0.26664598095741887
C-FVD,50.1,7,-0.2543749432860274
C-FVD,50.2,7,-0.24150987943154867
C-FVD,50.300000000000004,7,-0.22808174875260967
C-FVD,50.400000000000006,7,-0.214120195551315
C-FVD,50.5,7,-0.1997266436563443
C-FVD,50.6,7,-0.1851911246089326
C-FVD,50.7,7,-0.17080872246903134
C-FVD,50.800000000000004,7,-0.15680326005234413
C-FVD,50.900000000000006,7,-0.14330733834894538
C-FVD,51.0,7,-0.13036935385534854
C-FVD,51.1,7,-0.11797118842717325
C-FVD,51.2,7,-0.1060480393644454
C-FVD,51.300000000000004,7,-0.09450635063101842
C-FVD,51.400000000000006,7,-0.08323830156097145
C-FVD,51.5,7,-0.07213261385284753
C-FVD,51.6,7,-0.06108205210344586
C-FVD,51.7,7,-0.04998994463691453
C-FVD,51.800000000000004,7,-0.03877843715837059
C-FVD,51.900000000000006,7,-0.02739280267630484
C-FVD,52.0,7,-0.015801373733014046
C-FVD,52.1,7,-0.00399243100996749
C-FVD,52.2,7,0.008030389033898189
C-FVD,52.300000000000004,7,0.02025271563909392
C-FVD,52.400000000000006,7,0.03265327706244925
C-FVD,52.5,7,0.04520668716371823
C-FVD,52.6,7,0.057885265964513266
C-FVD,52.7,7,0.07066012140801803
C-FVD,52.800000000000004,7,0.08350174180774417
C-FVD,52.900000000000006,7,0.09638030812641318
C-FVD,53.0,7,0.10926587422359724
C-FVD,53.1,7,0.12115501992752087
C-FVD,53.2,7,0.13116693633068977
C-FVD,53.300000000000004,7,0.13906070204693144
C-FVD,53.400000000000006,7,0.14494165951860793
C-FVD,53.5,7,0.14908256955997956
C-FVD,53.6,7,0.15181820445619998
C-FVD,53.7,7,0.15348620079602426
C-FVD,53.800000000000004,7,0.15439646394989204
C-FVD,53.900000000000006,7,0.15481771512831166
C-FVD,54.0,7,0.15497393213601995
C-FVD,54.1,7,0.15504615918661102
C-FVD,54.2,7,0.15517692685041418
C-FVD,54.300000000000004,7,0.15544668480524493
C-FVD,54.400000000000006,7,0.15587613089460994
C-FVD,54.5,7,0.1564442624318243
C-FVD,54.6,7,0.15710814932925565
C-FVD,54.7,7,0.15781888685649292
C-FVD,54.800000000000004,7,0.15853165583803452
C-FVD,54.900000000000006,7,0.1592101623730251
C-FVD,55.0,7,0.1598273452853558
C-FVD,55.1,7,0.16036418239685268
C-FVD,55.2,7,0.16080787609859293
C-FVD,55.300000000000004,7,0.16115013862239636
C-FVD,55.400000000000006,7,0.16138588325283898
C-FVD,55.5,7,0.16151237422626252
C-FVD,55.6,7,0.1603201866443289
C-FVD,55.7,7,0.15117864755913502
C-FVD,55.800000000000004,7,0.1370792069290463
C-FVD,55.900000000000006,7,0.12013565547409044
C-FVD,56.0,7,0.10183078772776888
C-FVD,56.1,7,0.08319452082484347
C-FVD,56.2,7,0.06493244605863957
C-FVD,56.300000000000004,7,0.047518548664122306
C-FVD,56.400000000000006,7,0.03126202872962658
C-FVD,56.5,7,0.016355404198115764
C-FVD,56.6,7,0.0029090876151069978
C-FVD,56.7,7,-0.009023809223478452
C-FVD,56.800000000000004,7,-0.019493690295924182
C-FVD,56.900000000000006,7,-0.028716607740955524
C-FVD,57.0,7,-0.03693233411604879
C-FVD,57.1,7,-0.04434131047625378
C-FVD,57.2,7,-0.0510841332306029
C-FVD,57.300000000000004,7,-0.05724229148933446
C-FVD,57.400000000000006,7,-0.06285449544406418
C-FVD,57.5,7,-0.06793451413465057
C-FVD,57.6,7,-0.07248463077577938
C-FVD,57.7,7,-0.07650386169561507
C-FVD,57.800000000000004,7,-0.07999196502264105
C-FVD,57.900000000000006,7,-0.08295067605839535
C-FVD,58.0,7,-0.08538342115211783
C-FVD,58.1,7,-0.08729440484281703
C-FVD,58.2,7,-0.08868762120115647
C-FVD,58.300000000000004,7,-0.08956607430621588
C-FVD,58.400000000000006,7,-0.08993131320806391
C-FVD,58.5,7,-0.08978327976773137
C-FVD,58.6,7,-0.0891204137780992
C-FVD,58.7,7,-0.08793994049609566
C-FVD,58.800000000000004,7,-0.08623826682739377
C-FVD,58.900000000000006,7,-0.08401142378095905
C-FVD,59.0,7,-0.08125550792464864
C-FVD,59.1,7,-0.07796708960225729
C-FVD,59.2,7,-0.0741435686733034
C-FVD,59.300000000000004,7,-0.06978346876565134
C-FVD,59.400000000000006,7,-0.06563564066117067
C-FVD,59.5,7,-0.06232211199685089
C-FVD,59.6,7,-0.06001071840847594
C-FVD,59.7,7,-0.058619968748880424
C-FVD,59.800000000000004,7,-0.0579454113362754
C-FVD,59.900000000000006,7,-0.057742679085514226
C-FVD,60.0,7,-0.05780300031847574
C-FVD,60.1,7,-0.05797162961288649
C-FVD,60.2,7,-0.05814219904779705
C-FVD,60.300000000000004,7,-0.058243715240775984
C-FVD,60.400000000000006,7,-0.05822792766533702
C-FVD,60.5,7,-0.05805983684455285
C-FVD,60.6,7,-0.05771166622862545
C-FVD,60.7,7,-0.05715962243761297
C-FVD,60.800000000000004,7,-0.056382527223965084
C-FVD,60.900000000000006,7,-0.05536150804406681
C-FVD,61.0,7,-0.05408015377343389
C-FVD,61.1,7,-0.05252476424489494
C-FVD,61.2,7,-0.05068450035473582
C-FVD,61.300000000000004,7,-0.048551364637916095
C-FVD,61.400000000000006,7,-0.04612001634110818
C-FVD,61.5,7,-0.0433874619325767
C-FVD,61.6,7,-0.040352673895444724
C-FVD,61.7,7,-0.0370161877627595
C-FVD,61.800000000000004,7,-0.03337971717999544
C-FVD,61.900000000000006,7,-0.029680735629867172
C-FVD,62.0,7,-0.03166584408528905
C-FVD,62.1,7,-0.03715444538319801
C-FVD,62.2,7,-0.04459732020193563
C-FVD,62.300000000000004,7,-0.05290072630161369
C-FVD,62.400000000000006,7,-0.06129910002292682
C-FVD,62.5,7,-0.06939444318936339
C-FVD,62.6,7,-0.07707850729665644
C-FVD,62.7,7,-0.08435760303484763
C-FVD,62.800000000000004,7,-0.09126453465555961
C-FVD,62.900000000000006,7,-0.0978213656432807
C-FVD,63.0,7,-0.10402920360423096
C-FVD,63.1,7,-0.10987047585203236
C-FVD,63.2,7,-0.11531552134500167
C-FVD,63.300000000000004,7,-0.12032937782921849
C-FVD,63.400000000000006,7,-0.1248770493948772
C-FVD,63.5,7,-0.1289268485767323
C-FVD,63.6,7,-0.13245203152124496
C-FVD,63.7,7,-0.13543117204448407
C-FVD,63.800000000000004,7,-0.13784773829285157
C-FVD,63.900000000000006,7,-0.1396892591935064
C-FVD,64.0,7,-0.14094636237275715
C-FVD,64.10000000000001,7,-0.14161186430065875
C-FVD,64.2,7,-0.14168001140984288
C-FVD,64.3,7,-0.14114591137247423
C-FVD,64.4,7,-0.14000515473371422
C-FVD,64.5,7,-0.13825360463426506
C-FVD,64.60000000000001,7,-0.13588732194042308
C-FVD,64.7,7,-0.13290259073146515
C-FVD,64.8,7,-0.1292960115728441
C-FVD,64.9,7,-0.1250646349784308
C-FVD,65.0,7,-0.12020611333614539
C-FVD,0.0,8,0.0
C-FVD,0.1,8,-0.024308411021227272
C-FVD,0.2,8,-0.0390852852907706
C-FVD,0.30000000000000004,8,-0.04734632027524022
C-FVD,0.4,8,-0.05109310692162872
C-FVD,0.5,8,-0.05171657405761998
C-FVD,0.6000000000000001,8,-0.0502071948911631
C-FVD,0.7000000000000001,8,-0.04727549756619531
C-FVD,0.8,8,-0.0434304978461455
C-FVD,0.9,8,-0.03903592744672757
C-FVD,1.0,8,-0.034352229853423566
C-FVD,1.1,8,-0.029567770621097722
C-FVD,1.2000000000000002,8,-0.024821289731049134
C-FVD,1.3,8,-0.020217300055538345
C-FVD,1.4000000000000001,8,-0.017826296938878272
C-FVD,1.5,8,-0.021817667069123914
C-FVD,1.6,8,-0.029873268616272597
C-FVD,1.7000000000000002,8,-0.040355308900021925
C-FVD,1.8,8,-0.05218680323927316
C-FVD,1.9000000000000001,8,-0.06476974743101493
C-FVD,2.0,8,-0.07775971484509725
C-FVD,2.1,8,-0.09093943899796031
C-FVD,2.2,8,-0.10415097097676984
C-FVD,2.3000000000000003,8,-0.11726158586326463
C-FVD,2.4000000000000004,8,-0.130148440588556
C-FVD,2.5,8,-0.1426931139233183
C-FVD,2.6,8,-0.15478092879489758
C-FVD,2.7,8,-0.16630223691706902
C-FVD,2.8000000000000003,8,-0.17715419510540364
C-FVD,2.9000000000000004,8,-0.18724233873506613
C-FVD,3.0,8,-0.19648168650203068
C-FVD,3.1,8,-0.20479733334581063
C-FVD,3.2,8,-0.2121245923744901
C-FVD,3.3000000000000003,8,-0.21841440795336453
C-FVD,3.4000000000000004,8,-0.2236392469189621
C-FVD,3.5,8,-0.22779494239833475
C-FVD,3.6,8,-0.23089853194652044
C-FVD,3.7,8,-0.232983572775586
C-FVD,3.8000000000000003,8,-0.23409449547978944
C-FVD,3.9000000000000004,8,-0.23428115538533945
C-FVD,4.0,8,-0.2335943171581718
C-FVD,4.1000000000000005,8,-0.2320824156817789
C-FVD,4.2,8,-0.2297896250523941
C-FVD,4.3,8,-0.22675506313869853
C-FVD,4.4,8,-0.22356762508124461
C-FVD,4.5,8,-0.22098086176624676
C-FVD,4.6000000000000005,8,-0.2192646965619396
C-FVD,4.7,8,-0.21841505137957462
C-FVD,4.800000000000001,8,-0.2182850395761342
C-FVD,4.9,8,-0.21866496470945052
C-FVD,5.0,8,-0.2193293100475504
C-FVD,5.1000000000000005,8,-0.22006277673207997
C-FVD,5.2,8,-0.22067329922405854
C-FVD,5.300000000000001,8,-0.22099719774461235
C-FVD,5.4,8,-0.2208997818823839
C-FVD,5.5,8,-0.22027349830536913
C-FVD,5.6000000000000005,8,-0.21903491445226564
C-FVD,5.7,8,-0.21712131030344572
C-FVD,5.800000000000001,8,-0.2144873177054052
C-FVD,5.9,8,-0.21113944191631617
C-FVD,6.0,8,-0.2071397391853207
C-FVD,6.1000000000000005,8,-0.20258770128333659
C-FVD,6.2,8,-0.1975984855350621
C-FVD,6.300000000000001,8,-0.19228496667589923
C-FVD,6.4,8,-0.18674571642317517
C-FVD,6.5,8,-0.18105868568036776
C-FVD,6.6000000000000005,8,-0.1752795783104535
C-FVD,6.7,8,-0.16944350788639007
C-FVD,6.800000000000001,8,-0.16356853062420917
C-FVD,6.9,8,-0.15765989568190264
C-FVD,7.0,8,-0.15562896167348583
C-FVD,7.1000000000000005,8,-0.1581254247053181
C-FVD,7.2,8,-0.1634535293232684
C-FVD,7.300000000000001,8,-0.17040097387095976
C-FVD,7.4,8,-0.17810573784172412
C-FVD,7.5,8,-0.18595931768504137
C-FVD,7.6000000000000005,8,-0.1935363636823837
C-FVD,7.7,8,-0.20054349001472183
C-FVD,7.800000000000001,8,-0.2067820329156369
C-FVD,7.9,8,-0.2121209733315652
C-FVD,8.0,8,-0.21647727829812524
C-FVD,8.1,8,-0.21980166334841655
C-FVD,8.200000000000001,8,-0.22206831874406063
C-FVD,8.3,8,-0.22326753391527276
C-FVD,8.4,8,-0.22342123075509868
C-FVD,8.5,8,-0.2228016261961585
C-FVD,8.6,8,-0.22172421156103184
C-FVD,8.700000000000001,8,-0.2204535612076981
C-FVD,8.8,8,-0.21917076502695387
C-FVD,8.9,8,-0.21797221640478703
C-FVD,9.0,8,-0.21688242364968602
C-FVD,9.1,8,-0.21587247756432326
C-FVD,9.200000000000001,8,-0.2148794183497138
C-FVD,9.3,8,-0.2138231937413746
C-FVD,9.4,8,-0.21261962277832858
C-FVD,9.5,8,-0.2111890903389888
C-FVD,9.600000000000001,8,-0.20946147801388548
C-FVD,9.700000000000001,8,-0.20737818200574765
C-FVD,9.8,8,-0.20489212359531095
C-FVD,9.9,8,-0.2019665511994848
C-FVD,10.0,8,-0.19857325847959828
C-FVD,10.100000000000001,8,-0.19469065874776526
C-FVD,10.200000000000001,8,-0.19030199332452646
C-FVD,10.3,8,-0.18539382331798215
C-FVD,10.4,8,-0.17995486216973688
C-FVD,10.5,8,-0.17397514605831077
C-FVD,10.600000000000001,8,-0.16744550433184813
C-FVD,10.700000000000001,8,-0.1603572757347127
C-FVD,10.8,8,-0.1527022122492312
C-FVD,10.9,8,-0.14447251604687317
C-FVD,11.0,8,-0.13614948784746161
C-FVD,11.100000000000001,8,-0.12890285817679903
C-FVD,11.200000000000001,8,-0.1231702834102304
C-FVD,11.3,8,-0.11897254863087703
C-FVD,11.4,8,-0.1161107037136766
C-FVD,11.5,8,-0.11428628841866839
C-FVD,11.600000000000001,8,-0.1131720803433538
C-FVD,11.700000000000001,8,-0.11246034837634156
C-FVD,11.8,8,-0.11189020814986073
C-FVD,11.9,8,-0.11125759386272982
C-FVD,12.0,8,-0.11041360032476888
C-FVD,12.100000000000001,8,-0.10925648406196231
C-FVD,12.200000000000001,8,-0.1077212609755982
C-FVD,12.3,8,-0.10576940811632696
C-FVD,12.4,8,-0.10338000645322687
C-FVD,12.5,8,-0.10054283692172383
C-FVD,12.600000000000001,8,-0.09725343273636433
C-FVD,12.700000000000001,8,-0.09350982370732552
C-FVD,12.8,8,-0.08931060569448057
C-FVD,12.9,8,-0.08465396534532665
C-FVD,13.0,8,-0.07953733897243431
C-FVD,13.100000000000001,8,-0.07395745299906942
C-FVD,13.200000000000001,8,-0.06791056285017838
C-FVD,13.3,8,-0.06139276770636393
C-FVD,13.4,8,-0.05440032640034609
C-FVD,13.5,8,-0.04692993470014706
C-FVD,13.600000000000001,8,-0.04394734780590248
C-FVD,13.700000000000001,8,-0.047051646633709865
C-FVD,13.8,8,-0.0538901211539482
C-FVD,13.9,8,-0.0627896831697452
C-FVD,14.0,8,-0.0725680983692687
C-FVD,14.100000000000001,8,-0.08239723552042832
C-FVD,14.200000000000001,8,-0.09171860239221452
C-FVD,14.3,8,-0.10021424509466215
C-FVD,14.4,8,-0.10774439756990972
C-FVD,14.5,8,-0.11428406044692174
C-FVD,14.600000000000001,8,-0.11987126659604286
C-FVD,14.700000000000001,8,-0.124570262670467
C-FVD,14.8,8,-0.1284482843329151
C-FVD,14.9,8,-0.13156290612923804
C-FVD,15.0,8,-0.1339567418799099
C-FVD,15.100000000000001,8,-0.13565673679674184
C-FVD,15.200000000000001,8,-0.1366759691844095
C-FVD,15.3,8,-0.13701653620293897
C-FVD,15.4,8,-0.13667263783047368
C-FVD,15.5,8,-0.13563337230240258
C-FVD,15.600000000000001,8,-0.13388502693836735
C-FVD,15.700000000000001,8,-0.13141281614660727
C-FVD,15.8,8,-0.1282021113230858
C-FVD,15.9,8,-0.12423924977317569
C-FVD,16.0,8,-0.119512020839462
C-FVD,16.1,8,-0.11400992096341511
C-FVD,16.2,8,-0.10772425474174696
C-FVD,16.3,8,-0.10064814194572236
C-FVD,16.400000000000002,8,-0.09277647421629354
C-FVD,16.5,8,-0.08410585130093828
C-FVD,16.6,8,-0.07463451577289604
C-FVD,16.7,8,-0.0643622970815354
C-FVD,16.8,8,-0.05352592822901947
C-FVD,16.900000000000002,8,-0.042493404234576815
C-FVD,17.0,8,-0.03159418435700445
C-FVD,17.1,8,-0.021055734747406518
C-FVD,17.2,8,-0.010995138715200525
C-FVD,17.3,8,-0.0014360646621689455
C-FVD,17.400000000000002,8,0.00766591940962158
C-FVD,17.5,8,0.016398494874572123
C-FVD,17.6,8,0.02487204692659617
C-FVD,17.7,8,0.033204476987185316
C-FVD,17.8,8,0.041511020081191674
C-FVD,17.900000000000002,8,0.04989811752391127
C-FVD,18.0,8,0.05846025399580057
C-FVD,18.1,8,0.06727878156724998
C-FVD,18.2,8,0.07642196752462382
C-FVD,18.3,8,0.08594572568572723
C-FVD,18.400000000000002,8,0.09589467860647538
C-FVD,18.5,8,0.10630333765560884
C-FVD,18.6,8,0.11719728242213989
C-FVD,18.7,8,0.12859427980651716
C-FVD,18.8,8,0.14050531693258606
C-FVD,18.900000000000002,8,0.15293553969384632
C-FVD,19.0,8,0.1658850969993093
C-FVD,19.1,8,0.1793498940805538
C-FVD,19.200000000000003,8,0.1933222592661501
C-FVD,19.3,8,0.20735007641640557
C-FVD,19.400000000000002,8,0.21979900341585612
C-FVD,19.5,8,0.23006566098014858
C-FVD,19.6,8,0.23812270987584228
C-FVD,19.700000000000003,8,0.24423575201777226
C-FVD,19.8,8,0.24878862550877123
C-FVD,19.900000000000002,8,0.2521834718035656
C-FVD,20.0,8,0.2547895177583932
C-FVD,20.1,8,0.2569217647051101
C-FVD,20.200000000000003,8,0.25883675931444294
C-FVD,20.3,8,0.2607371492396986
C-FVD,20.400000000000002,8,0.2627798467567164
C-FVD,20.5,8,0.26508478210117126
C-FVD,20.6,8,0.26774278652450434
C-FVD,20.700000000000003,8,0.2708220989204797
C-FVD,20.8,8,0.2743734906885731
C-FVD,20.900000000000002,8,0.27843421511505184
C-FVD,21.0,8,0.2830310380242249
C-FVD,21.1,8,0.28818258096724136
C-FVD,21.200000000000003,8,0.2939011567572063
C-FVD,21.3,8,0.3001942252799257
C-FVD,21.400000000000002,8,0.30706555572523797
C-FVD,21.5,8,0.31451615198339944
C-FVD,21.6,8,0.32254497938968996
C-FVD,21.700000000000003,8,0.3311495204441215
C-FVD,21.8,8,0.34032618176303053
C-FVD,21.900000000000002,8,0.3402898632034166
C-FVD,22.0,8,0.3334355877848534
C-FVD,22.1,8,0.3226570506480577
C-FVD,22.200000000000003,8,0.3099734268295187
C-FVD,22.3,8,0.29674252071479224
C-FVD,22.400000000000002,8,0.28384552771086646
C-FVD,22.5,8,0.2718336241160255
C-FVD,22.6,8,0.26103758658009113
C-FVD,22.700000000000003,8,0.25164610181837865
C-FVD,22.8,8,0.2437595397257386
C-FVD,22.900000000000002,8,0.23742446398150996
C-FVD,23.0,8,0.23265459164974978
C-FVD,23.1,8,0.22944310059705053
C-FVD,23.200000000000003,8,0.22776981271319663
C-FVD,23.3,8,0.22760552613607565
C-FVD,23.400000000000002,8,0.22891483216363895
C-FVD,23.5,8,0.23165813250853695
C-FVD,23.6,8,0.23579320162924056
C-FVD,23.700000000000003,8,0.2412763906321267
C-FVD,23.8,8,0.2480634764428018
C-FVD,23.900000000000002,8,0.25611016260348585
C-FVD,24.0,8,0.2653722737158404
C-FVD,24.1,8,0.2758057170122825
C-FVD,24.200000000000003,8,0.2873662977986804
C-FVD,24.3,8,0.30000947064181993
C-FVD,24.400000000000002,8,0.3136900912736795
C-FVD,24.5,8,0.32836221229259976
C-FVD,24.6,8,0.3439789444115906
C-FVD,24.700000000000003,8,0.36032532451580224
C-FVD,24.8,8,0.37706578718634276
C-FVD,24.900000000000002,8,0.39389360465606416
C-FVD,25.0,8,0.4105868099671799
C-FVD,25.1,8,0.42701671068247293
C-FVD,25.200000000000003,8,0.443135072729012
C-FVD,25.3,8,0.4589502074407257
C-FVD,25.400000000000002,8,0.4745011486241637
C-FVD,25.5,8,0.4898380891298171
C-FVD,25.6,8,0.5050102511731556
C-FVD,25.700000000000003,8,0.5200597725786835
C-FVD,25.8,8,0.5350196293033473
C-FVD,25.900000000000002,8,0.5499138674363397
C-FVD,26.0,8,0.5647589017908228
C-FVD,26.1,8,0.5795649098625226
C-FVD,26.200000000000003,8,0.5943367847009426
C-FVD,26.3,8,0.6090745548455363
C-FVD,26.400000000000002,8,0.6237734273384472
C-FVD,26.5,8,0.6384236802302148
C-FVD,26.6,8,0.6530105969304394
C-FVD,26.700000000000003,8,0.6675145603149506
C-FVD,26.8,8,0.6819113497859828
C-FVD,26.900000000000002,8,0.6961726282461154
C-FVD,27.0,8,0.710266572788866
C-FVD,27.1,8,0.7239324279171058
C-FVD,27.200000000000003,8,0.7357460557146513
C-FVD,27.3,8,0.7451835629025734
C-FVD,27.400000000000002,8,0.7522194328931953
C-FVD,27.5,8,0.7570810242160579
C-FVD,27.6,8,0.760102905054632
C-FVD,27.700000000000003,8,0.7616377002864336
C-FVD,27.8,8,0.7619807826722163
C-FVD,27.900000000000002,8,0.7613553952969134
C-FVD,28.0,8,0.759922285468809
C-FVD,28.1,8,0.7577962815428503
C-FVD,28.200000000000003,8,0.7550620839053632
C-FVD,28.3,8,0.7517865546785707
C-FVD,28.400000000000002,8,0.7480271483861394
C-FVD,28.5,8,0.7438370813821376
C-FVD,28.6,8,0.7392668376557712
C-FVD,28.700000000000003,8,0.7343633256594604
C-FVD,28.8,8,0.7291682805116668
C-FVD,28.900000000000002,8,0.7237169758744173
C-FVD,29.0,8,0.7180377145133594
C-FVD,29.1,8,0.7121521428734177
C-FVD,29.200000000000003,8,0.7060762074618623
C-FVD,29.3,8,0.699821492040261
C-FVD,29.400000000000002,8,0.6933966862433909
C-FVD,29.5,8,0.6868089911099347
C-FVD,29.6,8,0.6746910997008975
C-FVD,29.700000000000003,8,0.6559006291089222
C-FVD,29.8,8,0.6331106718095114
C-FVD,29.900000000000002,8,0.6082011295923877
C-FVD,30.0,8,0.5824848508593341
C-FVD,30.1,8,0.5568697145937556
C-FVD,30.200000000000003,8,0.5318895627780069
C-FVD,30.3,8,0.507736912141457
C-FVD,30.400000000000002,8,0.48445808541862156
C-FVD,30.5,8,0.462052474399016
C-FVD,30.6,8,0.44051807651016084
C-FVD,30.700000000000003,8,0.41986829091103317
C-FVD,30.8,8,0.40013441862273247
C-FVD,30.900000000000002,8,0.38136193255615325
C-FVD,31.0,8,0.36360479876773155
C-FVD,31.1,8,0.34691525927002687
C-FVD,31.200000000000003,8,0.33133279430164997
C-FVD,31.3,8,0.3168780146582364
C-FVD,31.400000000000002,8,0.30355171714692375
C-FVD,31.5,8,0.2913375115534951
C-FVD,31.6,8,0.28020618815018494
C-FVD,31.700000000000003,8,0.2701203814604529
C-FVD,31.8,8,0.2610386359090686
C-FVD,31.900000000000002,8,0.2529184663915416
C-FVD,32.0,8,0.24571835211698634
C-FVD,32.1,8,0.23939880298953042
C-FVD,32.2,8,0.23392272471925146
C-FVD,32.300000000000004,8,0.22925531979821834
C-FVD,32.4,8,0.2253637299486151
C-FVD,32.5,8,0.2222165764051134
C-FVD,32.6,8,0.2197835033105573
C-FVD,32.7,8,0.21767992267848868
C-FVD,32.800000000000004,8,0.21495414154363246
C-FVD,32.9,8,0.2112456767626547
C-FVD,33.0,8,0.20652826376492506
C-FVD,33.1,8,0.20095014883533757
C-FVD,33.2,8,0.1947373932085501
C-FVD,33.300000000000004,8,0.18813746651930607
C-FVD,33.4,8,0.1813881781110105
C-FVD,33.5,8,0.17470219959221645
C-FVD,33.6,8,0.1682529987385326
C-FVD,33.7,8,0.16213810724462085
C-FVD,33.800000000000004,8,0.15638654221861614
C-FVD,33.9,8,0.15098049920851153
C-FVD,34.0,8,0.1458775755011672
C-FVD,34.1,8,0.14102821509194463
C-FVD,34.2,8,0.1363869651417975
C-FVD,34.300000000000004,8,0.13191819349161982
C-FVD,34.4,8,0.12759772269729375
C-FVD,34.5,8,0.12341191734355306
C-FVD,34.6,8,0.11935549909053478
C-FVD,34.7,8,0.115428994346356
C-FVD,34.800000000000004,8,0.1116363689944766
C-FVD,34.9,8,0.10798312713771274
C-FVD,35.0,8,0.10447495807063412
C-FVD,35.1,8,0.10111689826362813
C-FVD,35.2,8,0.09784476247732599
C-FVD,35.300000000000004,8,0.08849536957680826
C-FVD,35.4,8,0.07531121108329053
C-FVD,35.5,8,0.05988901251714118
C-FVD,35.6,8,0.0433599185882656
C-FVD,35.7,8,0.026519732335804846
C-FVD,35.800000000000004,8,0.009923031596663634
C-FVD,35.9,8,-0.006048837640792115
C-FVD,36.0,8,-0.02113866127029773
C-FVD,36.1,8,-0.035177923638951114
C-FVD,36.2,8,-0.048207158139899065
C-FVD,36.300000000000004,8,-0.06043504828202373
C-FVD,36.4,8,-0.07209080720552663
C-FVD,36.5,8,-0.08335922694382703
C-FVD,36.6,8,-0.09436022490703877
C-FVD,36.7,8,-0.10515067502104358
C-FVD,36.800000000000004,8,-0.11573737762025438
C-FVD,36.9,8,-0.12609335942775424
C-FVD,37.0,8,-0.13617297652811367
C-FVD,37.1,8,-0.14592376200971025
C-FVD,37.2,8,-0.15529453777248925
C-FVD,37.300000000000004,8,-0.1642401687294086
C-FVD,37.4,8,-0.17272370075170507
C-FVD,37.5,8,-0.18071668627766968
C-FVD,37.6,8,-0.18819840722430037
C-FVD,37.7,8,-0.19515454793596732
C-FVD,37.800000000000004,8,-0.20157570664617808
C-FVD,37.9,8,-0.20745599034207096
C-FVD,38.0,8,-0.2127918257172592
C-FVD,38.1,8,-0.21758103885030344
C-FVD,38.2,8,-0.22182220418463672
C-FVD,38.300000000000004,8,-0.2255142333091218
C-FVD,38.400000000000006,8,-0.22865615987090493
C-FVD,38.5,8,-0.23124707341001738
C-FVD,38.6,8,-0.23328615781073303
C-FVD,38.7,8,-0.2347727963557169
C-FVD,38.800000000000004,8,-0.23665121806707923
C-FVD,38.900000000000006,8,-0.23968927711796084
C-FVD,39.0,8,-0.24411831961732489
C-FVD,39.1,8,-0.2498705601559177
C-FVD,39.2,8,-0.2567265255945461
C-FVD,39.300000000000004,8,-0.2644041046645693
C-FVD,39.400000000000006,8,-0.2726162630124094
C-FVD,39.5,8,-0.2811066096515109
C-FVD,39.6,8,-0.28966583193315465
C-FVD,39.7,8,-0.29813474208927815
C-FVD,39.800000000000004,8,-0.30639942700846134
C-FVD,39.900000000000006,8,-0.3143827124598495
C-FVD,40.0,8,-0.322034746017243
C-FVD,40.1,8,-0.32932434367754304
C-FVD,40.2,8,-0.33623191520276485
C-FVD,40.300000000000004,8,-0.342744214991054
C-FVD,40.400000000000006,8,-0.3488508126313352
C-FVD,40.5,8,-0.3545419926504305
C-FVD,40.6,8,-0.3598077280640286
C-FVD,40.7,8,-0.3646373836382395
C-FVD,40.800000000000004,8,-0.3690198572519865
C-FVD,40.900000000000006,8,-0.3729439361903246
C-FVD,41.0,8,-0.376398713395929
C-FVD,41.1,8,-0.37937396772438703
C-FVD,41.2,8,-0.38186045837846905
C-FVD,41.300000000000004,8,-0.3838501165925088
C-FVD,41.400000000000006,8,-0.38886700260452756
C-FVD,41.5,8,-0.3993319252165328
C-FVD,41.6,8,-0.4131190311978088
C-FVD,41.7,8,-0.4287132098125461
C-FVD,41.800000000000004,8,-0.4450412369294039
C-FVD,41.900000000000006,8,-0.46134919476457803
C-FVD,42.0,8,-0.47711350007072184
C-FVD,42.1,8,-0.49202797934024645
C-FVD,42.2,8,-0.5059534922040303
C-FVD,42.300000000000004,8,-0.5188617011992207
C-FVD,42.400000000000006,8,-0.5307871246747311
C-FVD,42.5,8,-0.5417916751288505
C-FVD,42.6,8,-0.5519412385449627
C-FVD,42.7,8,-0.5612920396395342
C-FVD,42.800000000000004,8,-0.5698842954853873
C-FVD,42.900000000000006,8,-0.5777408957190531
C-FVD,43.0,8,-0.5848691646165047
C-FVD,43.1,8,-0.5912641736502273
C-FVD,43.2,8,-0.5969125126837174
C-FVD,43.300000000000004,8,-0.601795827795236
C-FVD,43.400000000000006,8,-0.605893756067001
C-FVD,43.5,8,-0.6091861213615495
C-FVD,43.6,8,-0.6116544066870091
C-FVD,43.7,8,-0.6132826036627996
C-FVD,43.800000000000004,8,-0.6140575757471805
C-FVD,43.900000000000006,8,-0.6139690758512817
C-FVD,44.0,8,-0.61300954420377
C-FVD,44.1,8,-0.6111737887445106
C-FVD,44.2,8,-0.6084586245415995
C-FVD,44.300000000000004,8,-0.6048625247200761
C-FVD,44.400000000000006,8,-0.6003853151785261
C-FVD,44.5,8,-0.5950279296431606
C-FVD,44.6,8,-0.58879223024101
C-FVD,44.7,8,-0.5817637218981595
C-FVD,44.800000000000004,8,-0.5742522291511065
C-FVD,44.900000000000006,8,-0.5665835423844943
C-FVD,45.0,8,-0.5590102958837857
C-FVD,45.1,8,-0.5516863293136911
C-FVD,45.2,8,-0.5446720651736641
C-FVD,45.300000000000004,8,-0.5379526759696347
C-FVD,45.400000000000006,8,-0.5314594856367219
C-FVD,45.5,8,-0.5250910217424867
C-FVD,45.6,8,-0.5187310394694293
C-FVD,45.7,8,-0.5122622335155818
C-FVD,45.800000000000004,8,-0.5055754865391471
C-FVD,45.900000000000006,8,-0.4985751983516078
C-FVD,46.0,8,-0.4911815535166806
C-FVD,46.1,8,-0.48333063497702256
C-FVD,46.2,8,-0.47497319081074885
C-FVD,46.300000000000004,8,-0.46607269486202973
C-FVD,46.400000000000006,8,-0.45660316417169433
C-FVD,46.5,8,-0.4465470367825688
C-FVD,46.6,8,-0.43589328549986206
C-FVD,46.7,8,-0.4246358619677455
C-FVD,46.800000000000004,8,-0.4127725214719451
C-FVD,46.900000000000006,8,-0.4003040291571782
C-FVD,47.0,8,-0.38723370169219073
C-FVD,47.1,8,-0.3735672071100069
C-FVD,47.2,8,-0.359312533841738
C-FVD,47.300000000000004,8,-0.3444800451362937
C-FVD,47.400000000000006,8,-0.3303272460158766
C-FVD,47.5,8,-0.3178173731045639
C-FVD,47.6,8,-0.3072207308488544
C-FVD,47.7,8,-0.2984295812214999
C-FVD,47.800000000000004,8,-0.2911515105375546
C-FVD,47.900000000000006,8,-0.2850244438523397
C-FVD,48.0,8,-0.2796822491930637
C-FVD,48.1,8,-0.2747966852817605
C-FVD,48.2,8,-0.27009779764714636
C-FVD,48.300000000000004,8,-0.26537869608328535
C-FVD,48.400000000000006,8,-0.2604907663330316
C-FVD,48.5,8,-0.2553341212875573
C-FVD,48.6,8,-0.24984658934774906
C-FVD,48.7,8,-0.24399322790393008
C-FVD,48.800000000000004,8,-0.23775737380428197
C-FVD,48.900000000000006,8,-0.23113359062498517
C-FVD,49.0,8,-0.22412248124329004
C-FVD,49.1,8,-0.21672713066391225
C-FVD,49.2,8,-0.20895086419030307
C-FVD,49.300000000000004,8,-0.20079615581551025
C-FVD,49.400000000000006,8,-0.19226446631022753
C-FVD,49.5,8,-0.1833567002153913
C-FVD,49.6,8,-0.1740739596261136
C-FVD,49.7,8,-0.16441833030675568
C-FVD,49.800000000000004,8,-0.15439352448885124
C-FVD,49.900000000000006,8,-0.14400529316424482
C-FVD,50.0,8,-0.13824544517833104
C-FVD,50.1,8,-0.14024409703904617
C-FVD,50.2,8,-0.1470003112646996
C-FVD,50.300000000000004,8,-0.1563949126457107
C-FVD,50.400000000000006,8,-0.16694507585231477
C-FVD,50.5,8,-0.17762619497929322
C-FVD,50.6,8,-0.18775570709121148
C-FVD,50.7,8,-0.19693015464469354
C-FVD,50.800000000000004,8,-0.20494816765634738
C-FVD,50.900000000000006,8,-0.21174098599979452
C-FVD,51.0,8,-0.21731801124561478
C-FVD,51.1,8,-0.22172801665232278
C-FVD,51.2,8,-0.22503374804946397
C-FVD,51.300000000000004,8,-0.22729680211101666
C-FVD,51.400000000000006,8,-0.2285697927846453
C-FVD,51.5,8,-0.22889332679920393
C-FVD,51.6,8,-0.22829590668154864
C-FVD,51.7,8,-0.2267954267565937
C-FVD,51.800000000000004,8,-0.2244016784430034
C-FVD,51.900000000000006,8,-0.2211199119780325
C-FVD,52.0,8,-0.21695448807761508
C-FVD,52.1,8,-0.21191181551938776
C-FVD,52.2,8,-0.20600220347058062
C-FVD,52.300000000000004,8,-0.19924062261884679
C-FVD,52.400000000000006,8,-0.19164662476687155
C-FVD,52.5,8,-0.18324375167301632
C-FVD,52.6,8,-0.17405872743295348
C-FVD,52.7,8,-0.16412064238159196
C-FVD,52.800000000000004,8,-0.1534602464209751
C-FVD,52.900000000000006,8,-0.14210939836084258
C-FVD,53.0,8,-0.13010067138674763
C-FVD,53.1,8,-0.11746709041773862
C-FVD,53.2,8,-0.10441427039291717
C-FVD,53.300000000000004,8,-0.09125625415201277
C-FVD,53.400000000000006,8,-0.07827665953337082
C-FVD,53.5,8,-0.06567661275736292
C-FVD,53.6,8,-0.053566922499317826
C-FVD,53.7,8,-0.0419802984681521
C-FVD,53.800000000000004,8,-0.03089046636365822
C-FVD,53.900000000000006,8,-0.02023152612528989
C-FVD,54.0,8,-0.009914596662843778
C-FVD,54.1,8,0.00015920254446655235
C-FVD,54.2,8,0.010089370478626236
C-FVD,54.300000000000004,8,0.01996973690006243
C-FVD,54.400000000000006,8,0.02987950421159624
C-FVD,54.5,8,0.03987682752309141
C-FVD,54.6,8,0.04999703186645377
C-FVD,54.7,8,0.060254589719031415
C-FVD,54.800000000000004,8,0.0706472542828589
C-FVD,54.900000000000006,8,0.08116080267232029
C-FVD,55.0,8,0.09177328867679257
C-FVD,55.1,8,0.1024583130689507
C-FVD,55.2,8,0.11318725825126386
C-FVD,55.300000000000004,8,0.1239306632409285
C-FVD,55.400000000000006,8,0.13465898850797586
C-FVD,55.5,8,0.14534300422653423
C-FVD,55.6,8,0.1559539811663857
C-FVD,55.7,8,0.16625012055776622
C-FVD,55.800000000000004,8,0.17487030407731297
C-FVD,55.900000000000006,8,0.18130883018586452
C-FVD,56.0,8,0.18553844957022392
C-FVD,56.1,8,0.18777817848920542
C-FVD,56.2,8,0.18835422841801197
C-FVD,56.300000000000004,8,0.18761999768970483
C-FVD,56.400000000000006,8,0.18591285875271701
C-FVD,56.5,8,0.18353332907396336
C-FVD,56.6,8,0.18073741409196487
C-FVD,56.7,8,0.1777363269374881
C-FVD,56.800000000000004,8,0.17470001286336867
C-FVD,56.900000000000006,8,0.17175100134328147
C-FVD,57.0,8,0.1689481591251223
C-FVD,57.1,8,0.16629891255349705
C-FVD,57.2,8,0.1637789893541033
C-FVD,57.300000000000004,8,0.16135052107263448
C-FVD,57.400000000000006,8,0.1589753829711924
C-FVD,57.5,8,0.15662235811598713
C-FVD,57.6,8,0.15426947622718856
C-FVD,57.7,8,0.1519035212369957
C-FVD,57.800000000000004,8,0.1495183206394124
C-FVD,57.900000000000006,8,0.14711283344021808
C-FVD,58.0,8,0.14468954663299272
C-FVD,58.1,8,0.14225334838227432
C-FVD,58.2,8,0.13981085396845572
C-FVD,58.300000000000004,8,0.13227481918979755
C-FVD,58.400000000000006,8,0.11840656585495246
C-FVD,58.5,8,0.10076934551751471
C-FVD,58.6,8,0.081169985313295
C-FVD,58.7,8,0.06087178239689095
C-FVD,58.800000000000004,8,0.04074819112311623
C-FVD,58.900000000000006,8,0.02139371250548372
C-FVD,59.0,8,0.0032038523878039626
C-FVD,59.1,8,-0.013567274831379095
C-FVD,59.2,8,-0.02876549796988037
C-FVD,59.300000000000004,8,-0.04230681509007894
C-FVD,59.400000000000006,8,-0.054156053336118504
C-FVD,59.5,8,-0.06444473737270862
C-FVD,59.6,8,-0.07340567834598133
C-FVD,59.7,8,-0.0812663326487737
C-FVD,59.800000000000004,8,-0.08820483663081369
C-FVD,59.900000000000006,8,-0.09433909617654912
C-FVD,60.0,8,-0.09973307232427686
C-FVD,60.1,8,-0.10441476716737874
C-FVD,60.2,8,-0.10839302827653086
C-FVD,60.300000000000004,8,-0.11166929757404809
C-FVD,60.400000000000006,8,-0.11424431009652913
C-FVD,60.5,8,-0.1161210790020295
C-FVD,60.6,8,-0.11730563854402831
C-FVD,60.7,8,-0.11780669672902633
C-FVD,60.800000000000004,8,-0.11763493977317019
C-FVD,60.900000000000006,8,-0.116802384498909
C-FVD,61.0,8,-0.11532193527643209
C-FVD,61.1,8,-0.11320716155022481
C-FVD,61.2,8,-0.1104722453858411
C-FVD,61.300000000000004,8,-0.10713202928613441
C-FVD,61.400000000000006,8,-0.10320210120340256
C-FVD,61.5,8,-0.0986988712172785
C-FVD,61.6,8,-0.09363961363495932
C-FVD,61.7,8,-0.08804246460746512
C-FVD,61.800000000000004,8,-0.08192637699206351
C-FVD,61.900000000000006,8,-0.07531104110021758
C-FVD,62.0,8,-0.06825848398436918
C-FVD,62.1,8,-0.06184080998272812
C-FVD,62.2,8,-0.05649115390196968
C-FVD,62.300000000000004,8,-0.05227679964121634
C-FVD,62.400000000000006,8,-0.049070049467790255
C-FVD,62.5,8,-0.04665253083890697
C-FVD,62.6,8,-0.044800051561729504
C-FVD,62.7,8,-0.04333280088215474
C-FVD,62.800000000000004,8,-0.04212261982302756
C-FVD,62.900000000000006,8,-0.04108345696004001
C-FVD,63.0,8,-0.04015805835850017
C-FVD,63.1,8,-0.0393064575239066
C-FVD,63.2,8,-0.03849790389554997
C-FVD,63.300000000000004,8,-0.037706055074835376
C-FVD,63.400000000000006,8,-0.03690660819262881
C-FVD,63.5,8,-0.03607647309948803
C-FVD,63.6,8,-0.035193756776877194
C-FVD,63.7,8,-0.034238056175741605
C-FVD,63.800000000000004,8,-0.033190762889889314
C-FVD,63.900000000000006,8,-0.03203523833293431
C-FVD,64.0,8,-0.030756820056048184
C-FVD,64.10000000000001,8,-0.029342677683324325
C-FVD,64.2,8,-0.02778156296962031
C-FVD,64.3,8,-0.026063504136882187
C-FVD,64.4,8,-0.024179488932045246
C-FVD,64.5,8,-0.022121170104169252
C-FVD,64.60000000000001,8,-0.022482822642537315
C-FVD,64.7,8,-0.02778337203148773
C-FVD,64.8,8,-0.036072330233201555
C-FVD,64.9,8,-0.04596331267150333
C-FVD,65.0,8,-0.056476729016459615
GAPB,0.0,0,5.861977570020827e-14
GAPB,0.1,0,7.638334409421077e-14
GAPB,0.2,0,1.0125233984581428e-13
GAPB,0.30000000000000004,0,1.3145040611561853e-13
GAPB,0.4,0,1.7408297026122455e-13
GAPB,0.5,0,2.2737367544323206e-13
GAPB,0.6000000000000001,0,2.9665159217984183e-13
GAPB,0.7000000000000001,0,3.872457909892546e-13
GAPB,0.8,0,5.062616992290714e-13
GAPB,0.9,0,6.590283874174929e-13
GAPB,1.0,0,8.562039965909207e-13
GAPB,1.1,0,1.113775738303957e-12
GAPB,1.2000000000000002,0,1.4441781104324036e-12
GAPB,1.3,0,1.872280108727864e-12
GAPB,1.4000000000000001,0,2.424727085781342e-12
GAPB,1.5,0,3.133493464702042e-12
GAPB,1.6,0,4.0465408801537706e-12
GAPB,1.7000000000000002,0,5.218936394157936e-12
GAPB,1.8,0,6.721734280290548e-12
GAPB,1.9000000000000001,0,8.64730509420042e-12
GAPB,2.0,0,1.1111112030448567e-11
GAPB,2.1,0,1.425703999302641e-11
GAPB,2.2,0,1.8271606450070976e-11
GAPB,2.3000000000000003,0,2.3389290504383098e-11
GAPB,2.4000000000000004,0,2.9901414677624416e-11
GAPB,2.5,0,3.817746119239018e-11
GAPB,2.6,0,4.8684611897442664e-11
GAPB,2.7,0,6.200728819294454e-11
GAPB,2.8000000000000003,0,7.887557273988932e-11
GAPB,2.9000000000000004,0,1.0020784202424693e-10
GAPB,3.0,0,1.2715162256426993e-10
GAPB,3.1,0,1.6113688161567552e-10
GAPB,3.2,0,2.0395063415890036e-10
GAPB,3.3000000000000003,0,2.5781687895687355e-10
GAPB,3.4000000000000004,0,3.255049563222201e-10
GAPB,3.5,0,4.1044856402550067e-10
GAPB,3.6,0,5.169145111949547e-10
GAPB,3.7,0,6.501821303572797e-10
GAPB,3.8000000000000003,0,8.167866383246292e-10
GAPB,3.9000000000000004,0,1.0247998005752379e-09
GAPB,4.0,0,1.284181649907623e-09
GAPB,4.1000000000000005,0,1.6072068120820404e-09
GAPB,4.2,0,2.0089707675197133e-09
GAPB,4.3,0,2.5080293397650166e-09
GAPB,4.4,0,3.1271500944285435e-09
GAPB,4.5,0,3.894234268386754e-09
GAPB,4.6000000000000005,0,4.843425216449759e-09
GAPB,4.7,0,6.016449560775072e-09
GAPB,4.800000000000001,0,7.46423012287778e-09
GAPB,4.9,0,9.248832810726526e-09
GAPB,5.0,0,1.1445793646203128e-08
GAPB,5.1000000000000005,0,1.4146925408908828e-08
GAPB,5.2,0,1.746366251609288e-08
GAPB,5.300000000000001,0,2.1531075589109605e-08
GAPB,5.4,0,2.6512658735100558e-08
GAPB,5.5,0,3.260603165244902e-08
GAPB,5.6000000000000005,0,4.0049744853831726e-08
GAPB,5.7,0,4.9131347878983433e-08
GAPB,5.800000000000001,0,6.019698517434335e-08
GAPB,5.9,0,7.366275234232944e-08
GAPB,6.0,0,9.002813960989897e-08
GAPB,6.1000000000000005,0,1.0989191423504963e-07
GAPB,6.2,0,1.3397085574240464e-07
GAPB,6.300000000000001,0,1.63121820051515e-07
GAPB,6.4,0,1.98367681392142e-07
GAPB,6.5,0,2.4092779504769624e-07
GAPB,6.6000000000000005,0,2.922537074567799e-07
GAPB,6.7,0,3.5407093967876335e-07
GAPB,6.800000000000001,0,4.284278247723705e-07
GAPB,6.9,0,5.177524773358755e-07
GAPB,7.0,0,6.249191528695519e-07
GAPB,7.1000000000000005,0,7.533254091640629e-07
GAPB,7.2,0,9.069817110685108e-07
GAPB,7.300000000000001,0,1.090615272758555e-06
GAPB,7.4,0,1.3097902460401656e-06
GAPB,7.5,0,1.5710465763874026e-06
GAPB,7.6000000000000005,0,1.8820601592750563e-06
GAPB,7.7,0,2.2518272704274978e-06
GAPB,7.800000000000001,0,2.690876579336532e-06
GAPB,7.9,0,3.2115124888321134e-06
GAPB,8.0,0,3.828093912972008e-06
GAPB,8.1,0,4.557353156187105e-06
GAPB,8.200000000000001,0,5.418759998931932e-06
GAPB,8.3,0,6.434936716814832e-06
GAPB,8.4,0,7.63213029841836e-06
GAPB,8.5,0,9.040748834010515e-06
GAPB,8.6,0,1.0695969697493979e-05
GAPB,8.700000000000001,0,1.263842790777403e-05
GAPB,8.8,0,1.4914993865744464e-05
GAPB,8.9,0,1.7579650414489834e-05
GAPB,9.0,0,2.0694480177496644e-05
GAPB,9.1,0,2.4330774920144904e-05
GAPB,9.200000000000001,0,2.8570279713591162e-05
GAPB,9.3,0,3.3506585669584865e-05
GAPB,9.4,0,3.924668596511083e-05
GAPB,9.5,0,4.5912710991302674e-05
GAPB,9.600000000000001,0,5.364385944162109e-05
GAPB,9.700000000000001,0,6.259854322365754e-05
GAPB,9.8,0,7.29567650896712e-05
GAPB,9.9,0,8.492274888993734e-05
GAPB,10.0,0,9.872784326958595e-05
GAPB,10.100000000000001,0,0.00011463372055153798
GAPB,10.200000000000001,0,0.00013293589328533528
GAPB,10.3,0,0.0001539675716664135
GAPB,10.4,0,0.00017810388553485268
GAPB,10.5,0,0.0002057664950410043
GAPB,10.600000000000001,0,0.00023742861423414752
GAPB,10.700000000000001,0,0.0002736204717646018
GAPB,10.8,0,0.0003149352325237942
GAPB,10.9,0,0.000362035403455252
GAPB,11.0,0,0.0004156597457214417
GAPB,11.100000000000001,0,0.00047663071403825086
GAPB,11.200000000000001,0,0.0005458624422036706
GAPB,11.3,0,0.000624369291518434
GAPB,11.4,0,0.0007132749759932722
GAPB,11.5,0,0.00081382227488902
GAPB,11.600000000000001,0,0.0009273833391176822
GAPB,11.700000000000001,0,0.001055470593499308
GAPB,11.8,0,0.0011997482314569652
GAPB,11.9,0,0.0013620442928683474
GAPB,12.0,0,0.0015443633089695652
GAPB,12.100000000000001,0,0.0017488994906962319
GAPB,12.200000000000001,0,0.0019780504286792677
GAPB,12.3,0,0.0022344312639610564
GAPB,12.4,0,0.00252088927872407
GAPB,12.5,0,0.0028405188457529817
GAPB,12.600000000000001,0,0.0031966766640163513
GAPB,12.700000000000001,0,0.0035929971957315843
GAPB,12.8,0,0.004033408207673617
GAPB,12.9,0,0.004522146306204178
GAPB,13.0,0,0.005063772341863171
GAPB,13.100000000000001,0,0.005663186545170618
GAPB,13.200000000000001,0,0.006325643241074985
GAPB,13.3,0,0.007056764974862517
GAPB,13.4,0,0.007862555867992782
GAPB,13.5,0,0.008749414008097034
GAPB,13.600000000000001,0,0.009724142663449342
GAPB,13.700000000000001,0,0.010793960099142907
GAPB,13.8,0,0.011966507759712641
GAPB,13.9,0,0.013249856571716734
GAPB,14.0,0,0.014652511109829902
GAPB,14.100000000000001,0,0.016183411361621935
GAPB,14.200000000000001,0,0.017851931819787836
GAPB,14.3,0,0.019667877626197594
GAPB,14.4,0,0.021641477490337735
GAPB,14.5,0,0.02378337310553391
GAPB,14.600000000000001,0,0.026104604790120334
GAPB,14.700000000000001,0,0.02861659308791431
GAPB,14.8,0,0.03133111607279204
GAPB,14.9,0,0.034260282116557406
GAPB,15.0,0,0.0374164978974445
GAPB,15.100000000000001,0,0.04081243144885427
GAPB,15.200000000000001,0,0.04446097007446603
GAPB,15.3,0,0.048375172986599324
GAPB,15.4,0,0.052568218559787994
GAPB,15.5,0,0.05705334613095303
GAPB,15.600000000000001,0,0.06184379232123405
GAPB,15.700000000000001,0,0.06695272190220258
GAPB,15.8,0,0.07239315328089546
GAPB,15.9,0,0.0781778787333316
GAPB,16.0,0,0.08431937957473146
GAPB,16.1,0,0.09082973651611148
GAPB,16.2,0,0.09772053552073601
GAPB,16.3,0,0.10500276953957233
GAPB,16.400000000000002,0,0.11268673657183648
GAPB,16.5,0,0.12078193456405728
GAPB,16.6,0,0.12929695372841898
GAPB,16.7,0,0.13823936692729077
GAPB,16.8,0,0.14761561883524799
GAPB,16.900000000000002,0,0.1574309146515116
GAPB,17.0,0,0.16768910919377333
GAPB,17.1,0,0.17839259725774959
GAPB,17.2,0,0.18954220617475848
GAPB,17.3,0,0.20113709154109394
GAPB,17.400000000000002,0,0.21317463712716034
GAPB,17.5,0,0.22565036000024818
GAPB,17.6,0,0.23855782191183117
GAPB,17.7,0,0.25188854800737026
GAPB,17.8,0,0.26563195391340244
GAPB,17.900000000000002,0,0.27977528224235293
GAPB,18.0,0,0.2943035495296975
GAPB,18.1,0,0.3091995045805209
GAPB,18.2,0,0.32444359915272436
GAPB,18.3,0,0.3400139718423336
GAPB,18.400000000000002,0,0.3558864459623887
GAPB,18.5,0,0.3720345421211615
GAPB,18.6,0,0.38842950610819393
GAPB,18.7,0,0.40504035258859794
GAPB,18.8,0,0.42183392498779426
GAPB,18.900000000000002,0,0.43877497182134206
GAPB,19.0,0,0.45582623958883417
GAPB,19.1,0,0.4729485822080637
GAPB,19.200000000000003,0,0.4901010868172566
GAPB,19.3,0,0.5072412156206116
GAPB,19.400000000000002,0,0.5243249632971221
GAPB,19.5,0,0.5413070293364335
GAPB,19.6,0,0.5581410045102508
GAPB,19.700000000000003,0,0.5747795705349183
GAPB,19.8,0,0.591174711832533
GAPB,19.900000000000002,0,0.6072779381559474
GAPB,20.0,0,0.6230405167089828
GAPB,20.1,0,0.6384137122692408
GAPB,20.200000000000003,0,0.6533490337082863
GAPB,20.3,0,0.6677984852047398
GAPB,20.400000000000002,0,0.6817148203611474
GAPB,20.5,0,0.6950517973667782
GAPB,20.6,0,0.7077644332970401
GAPB,20.700000000000003,0,0.7198092556068012
GAPB,20.8,0,0.731144548860371
GAPB,20.900000000000002,0,0.7417305947458903
GAPB,21.0,0,0.7515299034465226
GAPB,21.1,0,0.7605074344854188
GAPB,21.200000000000003,0,0.7686308052254827
GAPB,21.3,0,0.7758704852884328
GAPB,21.400000000000002,0,0.7821999752594486
GAPB,21.5,0,0.7875959681632807
GAPB,21.6,0,0.7920384923335799
GAPB,21.700000000000003,0,0.795511034448344
GAPB,21.8,0,0.7980006416688727
GAPB,21.900000000000002,0,0.7994980019960423
GAPB,22.0,0,0.7999975021438193
GAPB,22.1,0,0.7994972624240066
GAPB,22.200000000000003,0,0.7979991483357942
GAPB,22.3,0,0.7955087587568066
GAPB,22.400000000000002,0,0.7920353908364994
GAPB,22.5,0,0.7875919818958064
GAPB,22.6,0,0.7821950288366288
GAPB,22.700000000000003,0,0.7758644857585733
GAPB,22.8,0,0.7686236406666289
GAPB,22.900000000000002,0,0.7604989723296125
GAPB,23.0,0,0.7515199885138149
GAPB,23.1,0,0.7417190469671073
GAPB,23.200000000000003,0,0.7311311606647966
GAPB,23.3,0,0.7197937889476638
GAPB,23.400000000000002,0,0.7077466162846306
GAPB,23.5,0,0.6950313204755076
GAPB,23.6,0,0.6816913321733686
GAPB,23.700000000000003,0,0.6677715876504688
GAPB,23.8,0,0.6533182767560248
GAPB,23.900000000000002,0,0.638378588019096
GAPB,24.0,0,0.6230004528350062
GAPB,24.1,0,0.6072322906402068
GAPB,24.200000000000003,0,0.5911227569288027
GAPB,24.3,0,0.5747204958950594
GAPB,24.400000000000002,0,0.5580738994014034
GAPB,24.5,0,0.5412308738719069
GAPB,24.6,0,0.5242386165986108
GAPB,24.700000000000003,0,0.5071434028238251
GAPB,24.8,0,0.4899903848274114
GAPB,24.900000000000002,0,0.4728234041059718
GAPB,25.0,0,0.45568481758240154
GAPB,25.1,0,0.4386153386314131
GAPB,25.200000000000003,0,0.42165389355127836
GAPB,25.3,0,0.40483749395583857
GAPB,25.400000000000002,0,0.38820112540560103
GAPB,25.5,0,0.37177765244428684
GAPB,25.6,0,0.3555977400588617
GAPB,25.700000000000003,0,0.3396897914385839
GAPB,25.8,0,0.32407990177314794
GAPB,25.900000000000002,0,0.3087918277027395
GAPB,26.0,0,0.2938469719151158
GAPB,26.1,0,0.27926438227708417
GAPB,26.200000000000003,0,0.265060764791178
GAPB,26.3,0,0.2512505095832349
GAPB,26.400000000000002,0,0.23784572905337953
GAPB,26.5,0,0.22485630726195893
GAPB,26.6,0,0.21228995957322638
GAPB,26.700000000000003,0,0.20015230154303332
GAPB,26.8,0,0.18844692601223834
GAPB,26.900000000000002,0,0.1771754873545106
GAPB,27.0,0,0.16633779182551933
GAPB,27.1,0,0.15593189296916776
GAPB,27.200000000000003,0,0.1459541910552833
GAPB,27.3,0,0.13639953555095907
GAPB,27.400000000000002,0,0.12726132966394132
GAPB,27.5,0,0.1185316360400428
GAPB,27.6,0,0.11020128274676466
GAPB,27.700000000000003,0,0.10225996873112919
GAPB,27.8,0,0.09469636800012715
GAPB,27.900000000000002,0,0.08749823183656424
GAPB,28.0,0,0.08065248843000816
GAPB,28.1,0,0.07414533937162027
GAPB,28.200000000000003,0,0.06796235253171723
GAPB,28.3,0,0.062088550909212614
GAPB,28.400000000000002,0,0.056508497111952494
GAPB,28.5,0,0.05120637319554966
GAPB,28.6,0,0.04616605565510312
GAPB,28.700000000000003,0,0.041371185428548785
GAPB,28.8,0,0.036805232831763846
GAPB,28.900000000000002,0,0.032451557403586406
GAPB,29.0,0,0.028293462693209648
GAPB,29.1,0,0.02431424607260979
GAPB,29.200000000000003,0,0.020497243702632062
GAPB,29.3,0,0.016825870822849254
GAPB,29.400000000000002,0,0.0132836575722024
GAPB,29.5,0,0.009854280579762786
GAPB,29.6,0,0.006521590592562632
GAPB,29.700000000000003,0,0.003269636430596634
GAPB,29.8,0,8.268557760970907e-05
GAPB,29.900000000000002,0,-0.0030547582694300246
GAPB,30.0,0,-0.006157940359322822
GAPB,30.1,0,-0.009241842415232071
GAPB,30.200000000000003,0,-0.012321172191846586
GAPB,30.3,0,-0.015410354721556274
GAPB,30.400000000000002,0,-0.01852352491479259
GAPB,30.5,0,-0.021674521187643236
GAPB,30.6,0,-0.024876879800467933
GAPB,30.700000000000003,0,-0.028143829604664106
GAPB,30.8,0,-0.03148828691027816
GAPB,30.900000000000002,0,-0.03492285020484864
GAPB,31.0,0,-0.03845979447349279
GAPB,31.1,0,-0.04211106489117533
GAPB,31.200000000000003,0,-0.045888269680677496
GAPB,31.3,0,-0.04980267195322696
GAPB,31.400000000000002,0,-0.05386518037321508
GAPB,31.5,0,-0.05808633851356326
GAPB,31.6,0,-0.062476312793846134
GAPB,31.700000000000003,0,-0.06704487891928146
GAPB,31.8,0,-0.07180140676460667
GAPB,31.900000000000002,0,-0.0767548436729939
GAPB,32.0,0,-0.08191369616582911
GAPB,32.1,0,-0.08728601008465198
GAPB,32.2,0,-0.09287934921155383
GAPB,32.300000000000004,0,-0.09870077243854247
GAPB,32.4,0,-0.10475680958001732
GAPB,32.5,0,-0.11105343594509343
GAPB,32.6,0,-0.11759604580825034
GAPB,32.7,0,-0.12438942493718486
GAPB,32.800000000000004,0,-0.1314377223562193
GAPB,32.9,0,-0.13874442154139466
GAPB,33.0,0,-0.1463123112600453
GAPB,33.1,0,-0.15414345628249038
GAPB,33.2,0,-0.1622391682069324
GAPB,33.300000000000004,0,-0.1705999766501236
GAPB,33.4,0,-0.17922560106625518
GAPB,33.5,0,-0.1881149234643118
GAPB,33.6,0,-0.19726596230013627
GAPB,33.7,0,-0.2066758478232078
GAPB,33.800000000000004,0,-0.2163407991600561
GAPB,33.9,0,-0.22625610341570201
GAPB,34.0,0,-0.23641609707209632
GAPB,34.1,0,-0.24681414995763973
GAPB,34.2,0,-0.25744265205491956
GAPB,34.300000000000004,0,-0.26829300340454054
GAPB,34.4,0,-0.2793556073514214
GAPB,34.5,0,-0.2906198673662974
GAPB,34.6,0,-0.3020741876592705
GAPB,34.7,0,-0.31370597778438203
GAPB,34.800000000000004,0,-0.3255016614141262
GAPB,34.9,0,-0.3374466894409913
GAPB,35.0,0,-0.3495255575393159
GAPB,35.1,0,-0.3617218282952894
GAPB,35.2,0,-0.3740181579860202
GAPB,35.300000000000004,0,-0.38639632806002133
GAPB,35.4,0,-0.3988372813419492
GAPB,35.5,0,-0.4113211629537421
GAPB,35.6,0,-0.42382736591268966
GAPB,35.7,0,-0.4363345813350268
GAPB,35.800000000000004,0,-0.448820853140969
GAPB,35.9,0,-0.4612636371245813
GAPB,36.0,0,-0.4736398642192974
GAPB,36.1,0,-0.4859260077576959
GAPB,36.2,0,-0.4980981544926788
GAPB,36.300000000000004,0,-0.5101320791163744
GAPB,36.4,0,-0.5220033219836999
GAPB,36.5,0,-0.5336872697192518
GAPB,36.6,0,-0.5451592383597372
GAPB,36.7,0,-0.5563945586595747
GAPB,36.800000000000004,0,-0.5673686631647161
GAPB,36.9,0,-0.5780571746396603
GAPB,37.0,0,-0.5884359954150007
GAPB,37.1,0,-0.5984813972079266
GAPB,37.2,0,-0.6081701109561664
GAPB,37.300000000000004,0,-0.6174794161968968
GAPB,37.4,0,-0.626387229516352
GAPB,37.5,0,-0.6348721915933737
GAPB,37.6,0,-0.6429137523609327
GAPB,37.7,0,-0.6504922538138622
GAPB,37.800000000000004,0,-0.6575890099985777
GAPB,37.9,0,-0.6641863837315363
GAPB,38.0,0,-0.6702678596074474
GAPB,38.1,0,-0.675818112875735
GAPB,38.2,0,-0.6808230737844596
GAPB,38.300000000000004,0,-0.6852699870145926
GAPB,38.400000000000006,0,-0.6891474658540417
GAPB,38.5,0,-0.6924455407900894
GAPB,38.6,0,-0.6951557022305632
GAPB,38.7,0,-0.6972709370980059
GAPB,38.800000000000004,0,-0.6987857590769604
GAPB,38.900000000000006,0,-0.6996962323321316
GAPB,39.0,0,-0.6999999885542056
GAPB,39.1,0,-0.6996962372302242
GAPB,39.2,0,-0.6987857690763928
GAPB,39.300000000000004,0,-0.697270952612632
GAPB,39.400000000000006,0,-0.695155723899795
GAPB,39.5,0,-0.692445569501885
GAPB,39.6,0,-0.6891475027766365
GAPB,39.7,0,-0.6852700336379094
GAPB,39.800000000000004,0,-0.6808231319724722
GAPB,39.900000000000006,0,-0.6758181849312788
GAPB,40.0,0,-0.6702679483514054
GAPB,40.1,0,-0.6641864925986507
GAPB,40.2,0,-0.6575891431526468
GAPB,40.300000000000004,0,-0.6504924162855001
GAPB,40.400000000000006,0,-0.6429139502116996
GAPB,40.5,0,-0.6348724321107202
GAPB,40.6,0,-0.6263875214445545
GAPB,40.7,0,-0.6174797700100179
GAPB,40.800000000000004,0,-0.6081705391800387
GAPB,40.900000000000006,0,-0.598481914799267
GAPB,41.0,0,-0.5884366202070019
GAPB,41.1,0,-0.5780579278648617
GAPB,41.2,0,-0.5673695700675516
GAPB,41.300000000000004,0,-0.5563956492128401
GAPB,41.400000000000006,0,-0.5451605481012987
GAPB,41.5,0,-0.5336888407276508
GAPB,41.6,0,-0.5220052040139578
GAPB,41.7,0,-0.5101343309202537
GAPB,41.800000000000004,0,-0.49810084535098653
GAPB,41.900000000000006,0,-0.4859292192559277
GAPB,42.0,0,-0.47364369230209924
GAPB,42.1,0,-0.4612681944690902
GAPB,42.2,0,-0.4488262718942462
GAPB,42.300000000000004,0,-0.43634101626652466
GAPB,42.400000000000006,0,-0.42383499803894154
GAPB,42.5,0,-0.4113302036994426
GAPB,42.6,0,-0.39884797730922195
GAPB,42.7,0,-0.38640896648605505
GAPB,42.800000000000004,0,-0.37403307297844
GAPB,42.900000000000006,0,-0.36173940794458836
GAPB,43.0,0,-0.3495462520186372
GAPB,43.1,0,-0.33747102021525244
GAPB,43.2,0,-0.3255302316933335
GAPB,43.300000000000004,0,-0.3137394843696626
GAPB,43.400000000000006,0,-0.302113434344939
GAPB,43.5,0,-0.29066578007706134
GAPB,43.6,0,-0.27940925121068894
GAPB,43.7,0,-0.268355601947631
GAPB,43.800000000000004,0,-0.257515608819908
GAPB,43.900000000000006,0,-0.24689907270645328
GAPB,44.0,0,-0.2365148249153073
GAPB,44.1,0,-0.22637073713620914
GAPB,44.2,0,-0.21647373505330592
GAPB,44.300000000000004,0,-0.20682981539484935
GAPB,44.400000000000006,0,-0.1974440661856498
GAPB,44.5,0,-0.1883206899593386
GAPB,44.6,0,-0.17946302968047867
GAPB,44.7,0,-0.17087359712187933
GAPB,44.800000000000004,0,-0.1625541034394491
GAPB,44.900000000000006,0,-0.15450549168594208
GAPB,45.0,0,-0.14672797100576496
GAPB,45.1,0,-0.1392210522554329
GAPB,45.2,0,-0.1319835847984212
GAPB,45.300000000000004,0,-0.1250137942287033
GAPB,45.400000000000006,0,-0.11830932078424361
GAPB,45.5,0,-0.111867258219986
GAPB,45.6,0,-0.10568419291914033
GAPB,45.7,0,-0.09975624303204889
GAPB,45.800000000000004,0,-0.0940790974430179
GAPB,45.900000000000006,0,-0.08864805437753098
GAPB,46.0,0,-0.08345805947481111
GAPB,46.1,0,-0.07850374316370612
GAPB,46.2,0,-0.07377945719330548
GAPB,46.300000000000004,0,-0.06927931018326738
GAPB,46.400000000000006,0,-0.06499720207260218
GAPB,46.5,0,-0.0609268573593571
GAPB,46.6,0,-0.05706185703728295
GAPB,46.7,0,-0.053395669149022496
GAPB,46.800000000000004,0,-0.04992167788843105
GAPB,46.900000000000006,0,-0.04663321119748076
GAPB,47.0,0,-0.043523566815482084
GAPB,47.1,0,-0.04058603675017736
GAPB,47.2,0,-0.0378139301515521
GAPB,47.300000000000004,0,-0.03520059457977531
GAPB,47.400000000000006,0,-0.03273943566877158
GAPB,47.5,0,-0.030423935196127516
GAPB,47.6,0,-0.0282476675787251
GAPB,47.7,0,-0.026204314821301367
GAPB,47.800000000000004,0,-0.02428767995230885
GAPB,47.900000000000006,0,-0.022491698987881392
GAPB,48.0,0,-0.02081045147031091
GAPB,48.1,0,-0.01923816963249081
GAPB,48.2,0,-0.017769246243963366
GAPB,48.300000000000004,0,-0.0163982411978143
GAPB,48.400000000000006,0,-0.015119886900517798
GAPB,48.5,0,-0.013929092529163967
GAPB,48.6,0,-0.012820947222113688
GAPB,48.7,0,-0.011790722270248466
GAPB,48.800000000000004,0,-0.010833872376556641
GAPB,48.900000000000006,0,-0.009946036051838192
GAPB,49.0,0,-0.009123035213956854
GAPB,49.1,0,-0.00836087405723518
GAPB,49.2,0,-0.007655737257422857
GAPB,49.300000000000004,0,-0.007003987576142734
GAPB,49.400000000000006,0,-0.00640216292689999
GAPB,49.5,0,-0.005846972962656238
GAPB,49.6,0,-0.005335295242687721
GAPB,49.7,0,-0.004864171033901243
GAPB,49.800000000000004,0,-0.00443080079923952
GAPB,49.900000000000006,0,-0.004032539422913928
GAPB,50.0,0,-0.0036668912194830483
GAPB,50.1,0,-0.0033315047707880296
GAPB,50.2,0,-0.0030241676318656374
GAPB,50.300000000000004,0,-0.002742800943991597
GAPB,50.400000000000006,0,-0.0024854539900704964
GAPB,50.5,0,-0.0022502987246895145
GAPB,50.6,0,-0.002035624308330597
GAPB,50.7,0,-0.0018398316723970964
GAPB,50.800000000000004,0,-0.0016614281391085228
GAPB,50.900000000000006,0,-0.00149902211762587
GAPB,51.0,0,-0.0013513178953594718
GAPB,51.1,0,-0.0012171105409848337
GAPB,51.2,0,-0.0010952809334590086
GAPB,51.300000000000004,0,-0.0009847909292020063
GAPB,51.400000000000006,0,-0.0008846786775933424
GAPB,51.5,0,-0.0007940540930935214
GAPB,51.6,0,-0.0007120944905310012
GAPB,51.7,0,-0.0006380403885302144
GAPB,51.800000000000004,0,-0.0005711914845498711
GAPB,51.900000000000006,0,-0.0005109028036685004
GAPB,52.0,0,-0.0004565810220373834
GAPB,52.1,0,-0.00040768096483212446
GAPB,52.2,0,-0.0003637022775091481
GAPB,52.300000000000004,0,-0.00032418626835095665
GAPB,52.400000000000006,0,-0.0002887129194917293
GAPB,52.5,0,-0.000256898062957589
GAPB,52.6,0,-0.00022839071766256325
GAPB,52.7,0,-0.00020287058286605486
GAPB,52.800000000000004,0,-0.00018004568316065672
GAPB,52.900000000000006,0,-0.00015965015971630692
GAPB,53.0,0,-0.0001414422023362505
GAPB,53.1,0,-0.00012520211656941171
GAPB,53.2,0,-0.00011073052012200435
GAPB,53.300000000000004,0,-9.78466626282426e-05
GAPB,53.400000000000006,0,-8.638686286133179e-05
GAPB,53.5,0,-7.620305747657596e-05
GAPB,53.6,0,-6.716145542107199e-05
GAPB,53.7,0,-5.914129219952713e-05
GAPB,53.800000000000004,0,-5.203367835271422e-05
GAPB,53.900000000000006,0,-4.574053657790955e-05
GAPB,54.0,0,-4.017362211783393e-05
GAPB,54.1,0,-3.525362119560782e-05
GAPB,54.2,0,-3.090932246330169e-05
GAPB,54.300000000000004,0,-2.707685662706183e-05
GAPB,54.400000000000006,0,-2.3698999600085813e-05
GAPB,54.5,0,-2.072453476742453e-05
GAPB,54.6,0,-1.810767015619774e-05
GAPB,54.7,0,-1.580750645935325e-05
GAPB,54.800000000000004,0,-1.3787552186173002e-05
GAPB,54.900000000000006,0,-1.2015282294441931e-05
GAPB,55.0,0,-1.0461736966504986e-05
GAPB,55.1,0,-9.101157345980937e-06
GAPB,55.2,0,-7.910655229537156e-06
GAPB,55.300000000000004,0,-6.869913988793996e-06
GAPB,55.400000000000006,0,-5.960918040059937e-06
GAPB,55.5,0,-5.1677085206591755e-06
GAPB,55.6,0,-4.476162835942432e-06
GAPB,55.7,0,-3.873796057263235e-06
GAPB,55.800000000000004,0,-3.3495821742945964e-06
GAPB,55.900000000000006,0,-2.8937934466455317e-06
GAPB,56.0,0,-2.497856181449265e-06
GAPB,56.1,0,-2.1542214110326086e-06
GAPB,56.2,0,-1.8562490957663158e-06
GAPB,56.300000000000004,0,-1.598104521605137e-06
GAPB,56.400000000000006,0,-1.3746657554492003e-06
GAPB,56.5,0,-1.1814410463273362e-06
GAPB,56.6,0,-1.01449522027508e-06
GAPB,56.7,0,-8.703841292145853e-07
GAPB,56.800000000000004,0,-7.46096375792149e-07
GAPB,56.900000000000006,0,-6.390015396817716e-07
GAPB,57.0,0,-5.468042587608579e-07
GAPB,57.1,0,-4.675035132351013e-07
GAPB,57.2,0,-3.993566117799219e-07
GAPB,57.300000000000004,0,-3.4084732192241063e-07
GAPB,57.400000000000006,0,-2.906577467598481e-07
GAPB,57.5,0,-2.476434968201602e-07
GAPB,57.6,0,-2.1081182133286802e-07
GAPB,57.7,0,-1.793023578500197e-07
GAPB,57.800000000000004,0,-1.5237020356551056e-07
GAPB,57.900000000000006,0,-1.2937105076105126e-07
GAPB,58.0,0,-1.0974814124153909e-07
GAPB,58.1,0,-9.302083725515331e-08
GAPB,58.2,0,-7.87746223807062e-08
GAPB,58.300000000000004,0,-6.665234231206796e-08
GAPB,58.400000000000006,0,-5.6346573629184604e-08
GAPB,58.5,0,-4.75929500254324e-08
GAPB,58.6,0,-4.016435006803931e-08
GAPB,58.7,0,-3.386584168652007e-08
GAPB,58.800000000000004,0,-2.8530276807714472e-08
GAPB,58.900000000000006,0,-2.4014477517653177e-08
GAPB,59.0,0,-2.0195903616126998e-08
GAPB,59.1,0,-1.6969789129461788e-08
GAPB,59.2,0,-1.424664475280224e-08
GAPB,59.300000000000004,0,-1.1950106681979378e-08
GAPB,59.400000000000006,0,-1.0015069662472342e-08
GAPB,59.5,0,-8.386082939182415e-09
GAPB,59.6,0,-7.015964698098287e-09
GAPB,59.7,0,-5.864601249072621e-09
GAPB,59.800000000000004,0,-4.897932726066756e-09
GAPB,59.900000000000006,0,-4.087050697876293e-09
GAPB,60.0,0,-3.4074556509722242e-09
GAPB,60.1,0,-2.838399737470354e-09
GAPB,60.2,0,-2.3623254463700505e-09
GAPB,60.300000000000004,0,-1.9643948689918034e-09
GAPB,60.400000000000006,0,-1.6320793605473227e-09
GAPB,60.5,0,-1.3548042687716588e-09
GAPB,60.6,0,-1.12365938775838e-09
GAPB,60.7,0,-9.311431625746991e-10
GAPB,60.800000000000004,0,-7.709388682997087e-10
GAPB,60.900000000000006,0,-6.377458561246385e-10
GAPB,61.0,0,-5.271054703825939e-10
GAPB,61.1,0,-4.352820326403162e-10
GAPB,61.2,0,-3.5914382578994264e-10
GAPB,61.300000000000004,0,-2.9606539442283974e-10
GAPB,61.400000000000006,0,-2.438529378423482e-10
GAPB,61.5,0,-2.006750321470463e-10
GAPB,61.6,0,-1.6500045774137106e-10
GAPB,61.7,0,-1.355484613441149e-10
GAPB,61.800000000000004,0,-1.1125678156531649e-10
GAPB,61.900000000000006,0,-9.124079269895446e-11
GAPB,62.0,0,-7.475975394299894e-11
GAPB,62.1,0,-6.120259854469623e-11
GAPB,62.2,0,-5.006128844797786e-11
GAPB,62.300000000000004,0,-4.091127436822717e-11
GAPB,62.400000000000006,0,-3.340616672176111e-11
GAPB,62.5,0,-2.7252866630078643e-11
GAPB,62.6,0,-2.2215118633539532e-11
GAPB,62.7,0,-1.809219440929155e-11
GAPB,62.800000000000004,0,-1.4720669128109876e-11
GAPB,62.900000000000006,0,-1.1967316027039487e-11
GAPB,63.0,0,-9.72200098203757e-12
GAPB,63.1,0,-7.890577080615913e-12
GAPB,63.2,0,-6.398437335519702e-12
GAPB,63.300000000000004,0,-5.183409257369931e-12
GAPB,63.400000000000006,0,-4.195754854663392e-12
GAPB,63.5,0,-3.3928415632544784e-12
GAPB,63.6,0,-2.7426949600339867e-12
GAPB,63.7,0,-2.213340621892712e-12
GAPB,63.800000000000004,0,-1.7852386235972517e-12
GAPB,63.900000000000006,0,-1.4388490399142029e-12
GAPB,64.0,0,-1.1581846592889633e-12
GAPB,64.10000000000001,0,-9.325873406851315e-13
GAPB,64.2,0,-7.496225862269057e-13
GAPB,64.3,0,-6.021849685566849e-13
GAPB,64.4,0,-4.831690603168681e-13
GAPB,64.5,0,-3.872457909892546e-13
GAPB,64.60000000000001,0,-3.1086244689504383e-13
GAPB,64.7,0,-2.4868995751603507e-13
GAPB,64.8,0,-1.9895196601282805e-13
GAPB,64.9,0,-1.580957587066223e-13
GAPB,65.0,0,-1.2612133559741778e-13
GAPB,0.0,1,0.0
GAPB,0.1,1,-0.0022988553453267002
GAPB,0.2,1,-0.004378521124095869
GAPB,0.30000000000000004,1,-0.006249452109441833
GAPB,0.4,1,-0.007921640682539532
GAPB,0.5,1,-0.009404649772669416
GAPB,0.6000000000000001,1,-0.010707643168165859
GAPB,0.7000000000000001,1,-0.011839413323569303
GAPB,0.8,1,-0.012808406789933002
GAPB,0.9,1,-0.01362274739691749
GAPB,1.0,1,-0.014290257316817545
GAPB,1.1,1,-0.014818476141774894
GAPB,1.2000000000000002,1,-0.015214678106080015
GAPB,1.3,1,-0.015485887585525049
GAPB,1.4000000000000001,1,-0.01563889300506638
GAPB,1.5,1,-0.015680259284717835
GAPB,1.6,1,-0.015616338951344844
GAPB,1.7000000000000002,1,-0.015453282041155703
GAPB,1.8,1,-0.015197044913906055
GAPB,1.9000000000000001,1,-0.014853398095429071
GAPB,2.0,1,-0.014427933260000358
GAPB,2.1,1,-0.013926069458355173
GAPB,2.2,1,-0.013353058690938724
GAPB,2.3000000000000003,1,-0.012713990919390739
GAPB,2.4000000000000004,1,-0.012013798602229286
GAPB,2.5,1,-0.011257260833540172
GAPB,2.6,1,-0.010449007156090317
GAPB,2.7,1,-0.009593521112881476
GAPB,2.8000000000000003,1,-0.008695143593758559
GAPB,2.9000000000000004,1,-0.007758076026432192
GAPB,3.0,1,-0.006786383454119971
GAPB,3.1,1,-0.005783997535216301
GAPB,3.2,1,-0.004754719493787363
GAPB,3.3000000000000003,1,-0.003702223043481112
GAPB,3.4000000000000004,1,-0.0026300573016495576
GAPB,3.5,1,-0.0015416497050075861
GAPB,3.6,1,-0.0005074019708359856
GAPB,3.7,1,0.00034637614924903914
GAPB,3.8000000000000003,1,0.0010176751383212945
GAPB,3.9000000000000004,1,0.0015059999474278385
GAPB,4.0,1,0.0018334616868589393
GAPB,4.1000000000000005,1,0.0020198351409437265
GAPB,4.2,1,0.002082816533858889
GAPB,4.3,1,0.0020382533251694923
GAPB,4.4,1,0.0019003489495812431
GAPB,4.5,1,0.001681845123339798
GAPB,4.6000000000000005,1,0.0013941840730176125
GAPB,4.7,1,0.0010476527999667695
GAPB,4.800000000000001,1,0.0006515112740412832
GAPB,4.9,1,0.00021410625176443432
GAPB,5.0,1,-0.00025702776456704157
GAPB,5.1000000000000005,1,-0.0007662846558247338
GAPB,5.2,1,-0.0013170780871032406
GAPB,5.300000000000001,1,-0.0019029852766223598
GAPB,5.4,1,-0.0025178871834601324
GAPB,5.5,1,-0.003155955264498189
GAPB,5.6000000000000005,1,-0.0038116394054608094
GAPB,5.7,1,-0.0044796569870335645
GAPB,5.800000000000001,1,-0.005154983043915706
GAPB,5.9,1,-0.005832841470931882
GAPB,6.0,1,-0.006508697226319526
GAPB,6.1000000000000005,1,-0.007178249477920673
GAPB,6.2,1,-0.007837425633535844
GAPB,6.300000000000001,1,-0.008482376192162633
GAPB,6.4,1,-0.00910947034839893
GAPB,6.5,1,-0.009715292278077214
GAPB,6.6000000000000005,1,-0.010296638029416272
GAPB,6.7,1,-0.010850512940599799
GAPB,6.800000000000001,1,-0.011374129502057073
GAPB,6.9,1,-0.011864905579734852
GAPB,7.0,1,-0.01232046291459632
GAPB,7.1000000000000005,1,-0.012738625813403459
GAPB,7.2,1,-0.013117419946679476
GAPB,7.300000000000001,1,-0.013455071171607713
GAPB,7.4,1,-0.013750004300534968
GAPB,7.5,1,-0.014000841739655101
GAPB,7.6000000000000005,1,-0.014206401927408407
GAPB,7.7,1,-0.014365697507924935
GAPB,7.800000000000001,1,-0.014477933181506586
GAPB,7.9,1,-0.014542503181536048
GAPB,8.0,1,-0.014558988335128475
GAPB,8.1,1,-0.014527152673208477
GAPB,8.200000000000001,1,-0.014446939564367156
GAPB,8.3,1,-0.014318467355595388
GAPB,8.4,1,-0.01414202451167057
GAPB,8.5,1,-0.013918064253456208
GAPB,8.6,1,-0.013647198703472085
GAPB,8.700000000000001,1,-0.013330192554628084
GAPB,8.8,1,-0.012967956284963833
GAPB,8.9,1,-0.012561538947371886
GAPB,9.0,1,-0.01211212056861477
GAPB,9.1,1,-0.01162100419630363
GAPB,9.200000000000001,1,-0.011089607635959453
GAPB,9.3,1,-0.010519454922723881
GAPB,9.4,1,-0.009912167573743247
GAPB,9.5,1,-0.009269455667730853
GAPB,9.600000000000001,1,-0.008593108797811055
GAPB,9.700000000000001,1,-0.007884986942430672
GAPB,9.8,1,-0.007147011297030659
GAPB,9.9,1,-0.006381155106341296
GAPB,10.0,1,-0.005589434533716187
GAPB,10.100000000000001,1,-0.004773899599959108
GAPB,10.200000000000001,1,-0.003936625219617795
GAPB,10.3,1,-0.0030797023580380056
GAPB,10.4,1,-0.0022052293274370527
GAPB,10.5,1,-0.0013153032351471694
GAPB,10.600000000000001,1,-0.0004120115920329681
GAPB,10.700000000000001,1,0.0005025759160375287
GAPB,10.8,1,0.0014164782398946585
GAPB,10.9,1,0.002300554102554031
GAPB,11.0,1,0.0031574124904647505
GAPB,11.100000000000001,1,0.00398930634248984
GAPB,11.200000000000001,1,0.004798186373323077
GAPB,11.3,1,0.005585749592238898
GAPB,11.4,1,0.006353483155979944
GAPB,11.5,1,0.007102704127701642
GAPB,11.600000000000001,1,0.007834595653886112
GAPB,11.700000000000001,1,0.00855024001703697
GAPB,11.8,1,0.009113910079609155
GAPB,11.9,1,0.009538704644047158
GAPB,12.0,1,0.009844403095256027
GAPB,12.100000000000001,1,0.010048877775625797
GAPB,12.200000000000001,1,0.010168318991768288
GAPB,12.3,1,0.010217436580205685
GAPB,12.4,1,0.010209640555052246
GAPB,12.5,1,0.0101572031021675
GAPB,12.600000000000001,1,0.010071403948565205
GAPB,12.700000000000001,1,0.009962660921338795
GAPB,12.8,1,0.009840647315646933
GAPB,12.9,1,0.009714397514619222
GAPB,13.0,1,0.009592402143978163
GAPB,13.100000000000001,1,0.009482693899173
GAPB,13.200000000000001,1,0.009392925051450618
GAPB,13.3,1,0.009330437520324253
GAPB,13.4,1,0.0093023262919818
GAPB,13.5,1,0.009315496865287543
GAPB,13.600000000000001,1,0.009376717318094308
GAPB,13.700000000000001,1,0.009477543187863091
GAPB,13.8,1,0.009599451719832786
GAPB,13.9,1,0.009750595430022102
GAPB,14.0,1,0.009939023068509911
GAPB,14.100000000000001,1,0.010172701318859723
GAPB,14.200000000000001,1,0.010459535508502427
GAPB,14.3,1,0.010807389282085467
GAPB,14.4,1,0.011224103178685496
GAPB,14.5,1,0.01171751204254079
GAPB,14.600000000000001,1,0.012295461185937384
GAPB,14.700000000000001,1,0.012965821212018724
GAPB,14.8,1,0.013736501394932432
GAPB,14.9,1,0.014615461504922322
GAPB,15.0,1,0.015610721956942797
GAPB,15.100000000000001,1,0.016730372153373807
GAPB,15.200000000000001,1,0.01798257688457383
GAPB,15.3,1,0.019375580645556667
GAPB,15.4,1,0.020917709723265787
GAPB,15.5,1,0.022617371906871853
GAPB,15.600000000000001,1,0.02448305367350123
GAPB,15.700000000000001,1,0.026523314703963408
GAPB,15.8,1,0.02874677958753047
GAPB,15.9,1,0.03116212658183315
GAPB,16.0,1,0.03377807330354976
GAPB,16.1,1,0.036603359237872723
GAPB,16.2,1,0.03964672496985955
GAPB,16.3,1,0.04291688805865057
GAPB,16.400000000000002,1,0.046422515496281846
GAPB,16.5,1,0.05017219271626061
GAPB,16.6,1,0.054174389143227586
GAPB,16.7,1,0.05843742030376475
GAPB,16.8,1,0.0629694065494597
GAPB,16.900000000000002,1,0.06777822847667458
GAPB,17.0,1,0.07287147916264836
GAPB,17.1,1,0.0782564133744934
GAPB,17.2,1,0.08393989394578583
GAPB,17.3,1,0.08992833555466007
GAPB,17.400000000000002,1,0.09622764617701662
GAPB,17.5,1,0.10284316652829162
GAPB,17.6,1,0.10968684736396028
GAPB,17.7,1,0.1167373095202624
GAPB,17.8,1,0.12400715649199867
GAPB,17.900000000000002,1,0.13150784988390107
GAPB,18.0,1,0.13924965972294068
GAPB,18.1,1,0.14724161476988407
GAPB,18.2,1,0.15549145343301518
GAPB,18.3,1,0.1640055758991057
GAPB,18.400000000000002,1,0.17278899810465376
GAPB,18.5,1,0.1818453081735818
GAPB,18.6,1,0.19117662594580764
GAPB,18.7,1,0.20078356621393212
GAPB,18.8,1,0.21066520627256047
GAPB,18.900000000000002,1,0.22081905836630433
GAPB,19.0,1,0.231241047598175
GAPB,19.1,1,0.2419254958298218
GAPB,19.200000000000003,1,0.2528651120689851
GAPB,19.3,1,0.2640509897976955
GAPB,19.400000000000002,1,0.2754726116473609
GAPB,19.5,1,0.2871178617743162
GAPB,19.6,1,0.2989730462318807
GAPB,19.700000000000003,1,0.31102292157309464
GAPB,19.8,1,0.3232507318524718
GAPB,19.900000000000002,1,0.33563825412599435
GAPB,20.0,1,0.348165852476761
GAPB,20.1,1,0.36081254051997824
GAPB,20.200000000000003,1,0.37355605226596644
GAPB,20.3,1,0.3863729211444813
GAPB,20.400000000000002,1,0.3992385669185481
GAPB,20.5,1,0.4121273901421194
GAPB,20.6,1,0.4250128737438992
GAPB,20.700000000000003,1,0.43786769125048686
GAPB,20.8,1,0.450663821096283
GAPB,20.900000000000002,1,0.4633726664061193
GAPB,21.0,1,0.4759651795800366
GAPB,21.1,1,0.48841199095859267
GAPB,21.200000000000003,1,0.5006835408021502
GAPB,21.3,1,0.5127502137792757
GAPB,21.400000000000002,1,0.5245824751280317
GAPB,21.5,1,0.5361510076299822
GAPB,21.6,1,0.5474268485203755
GAPB,21.700000000000003,1,0.5583815254494215
GAPB,21.8,1,0.5689871906088886
GAPB,21.900000000000002,1,0.5792167521455394
GAPB,22.0,1,0.5890440019979621
GAPB,22.1,1,0.5984437393162008
GAPB,22.200000000000003,1,0.6073918886538081
GAPB,22.3,1,0.615865612159407
GAPB,22.400000000000002,1,0.6238434150390635
GAPB,22.5,1,0.631305243611413
GAPB,22.6,1,0.6382325753339035
GAPB,22.700000000000003,1,0.6446085002403255
GAPB,22.8,1,0.6504177932962278
GAPB,22.900000000000002,1,0.6556469772493223
GAPB,23.0,1,0.6602843756257677
GAPB,23.1,1,0.6643201555996576
GAPB,23.200000000000003,1,0.6677463605412601
GAPB,23.3,1,0.6705569321288678
GAPB,23.400000000000002,1,0.6725730907471803
GAPB,23.5,1,0.6737701232458857
GAPB,23.6,1,0.6741609389988632
GAPB,23.700000000000003,1,0.6737601051658597
GAPB,23.8,1,0.6723241498155268
GAPB,23.900000000000002,1,0.6695869098145799
GAPB,24.0,1,0.6656477432078187
GAPB,24.1,1,0.6605997551563068
GAPB,24.200000000000003,1,0.6545304870480422
GAPB,24.3,1,0.6475225154613344
GAPB,24.400000000000002,1,0.6396539693840317
GAPB,24.5,1,0.6309989737419865
GAPB,24.6,1,0.6216280268857215
GAPB,24.700000000000003,1,0.6116083192452493
GAPB,24.8,1,0.6010039999048491
GAPB,24.900000000000002,1,0.5898763973840104
GAPB,25.0,1,0.5782842004465376
GAPB,25.1,1,0.5662836043034467
GAPB,25.200000000000003,1,0.5539284271314298
GAPB,25.3,1,0.5412702014006054
GAPB,25.400000000000002,1,0.5283582440953172
GAPB,25.5,1,0.5152397095211878
GAPB,25.6,1,0.5019596280214884
GAPB,25.700000000000003,1,0.4885609335763199
GAPB,25.8,1,0.47508448292941985
GAPB,25.900000000000002,1,0.461569068579184
GAPB,26.0,1,0.4480514276826213
GAPB,26.1,1,0.4345662486527395
GAPB,26.200000000000003,1,0.4211461769809244
GAPB,26.3,1,0.40782182158551805
GAPB,26.400000000000002,1,0.39462176277541516
GAPB,26.5,1,0.38157256272235074
GAPB,26.6,1,0.36869877915705906
GAPB,26.700000000000003,1,0.3560229828418855
GAPB,26.8,1,0.343565779224992
GAPB,26.900000000000002,1,0.33134583454848254
GAPB,27.0,1,0.319379906563686
GAPB,27.1,1,0.3076828799009519
GAPB,27.200000000000003,1,0.29626780604793446
GAPB,27.3,1,0.2851459478087115
GAPB,27.400000000000002,1,0.274326828045659
GAPB,27.5,1,0.26381828244615235
GAPB,27.6,1,0.253626516006074
GAPB,27.700000000000003,1,0.24375616288145174
GAPB,27.8,1,0.2342103492274621
GAPB,27.900000000000002,1,0.22499075862004148
GAPB,28.0,1,0.2160976996388957
GAPB,28.1,1,0.20753017518110006
GAPB,28.200000000000003,1,0.19928595307127672
GAPB,28.3,1,0.191361637536966
GAPB,28.400000000000002,1,0.18375274112561435
GAPB,28.5,1,0.17645375665223462
GAPB,28.6,1,0.16945822878355443
GAPB,28.700000000000003,1,0.1627588248849854
GAPB,28.8,1,0.15634740478039433
GAPB,28.900000000000002,1,0.15021508910105652
GAPB,29.0,1,0.144352325928784
GAPB,29.1,1,0.13874895546855726
GAPB,29.200000000000003,1,0.1333942725177426
GAPB,29.3,1,0.12827708653150438
GAPB,29.400000000000002,1,0.12338577911714665
GAPB,29.5,1,0.11870835882326602
GAPB,29.6,1,0.11423251312255722
GAPB,29.700000000000003,1,0.10994565751940755
GAPB,29.8,1,0.10583498174490913
GAPB,29.900000000000002,1,0.10188749303211253
GAPB,30.0,1,0.09809005649323588
GAPB,30.1,1,0.09442943264766157
GAPB,30.200000000000003,1,0.09089231217491545
GAPB,30.3,1,0.08746534799014327
GAPB,30.400000000000002,1,0.08413518476075055
GAPB,30.5,1,0.08088848600182708
GAPB,30.6,1,0.07771195890457072
GAPB,30.700000000000003,1,0.07459237706614275
GAPB,30.8,1,0.07151660130122295
GAPB,30.900000000000002,1,0.06847159872493869
GAPB,31.0,1,0.06544446030384954
GAPB,31.1,1,0.0624224170763199
GAPB,31.200000000000003,1,0.0593928552460099
GAPB,31.3,1,0.056211441116285954
GAPB,31.400000000000002,1,0.05281258859571025
GAPB,31.5,1,0.04920833872636621
GAPB,31.6,1,0.045408523668273304
GAPB,31.700000000000003,1,0.04142104324618323
GAPB,31.8,1,0.03725211275246387
GAPB,31.900000000000002,1,0.03290648516482264
GAPB,32.0,1,0.028387650616325644
GAPB,32.1,1,0.023698015660880145
GAPB,32.2,1,0.018839064608727085
GAPB,32.300000000000004,1,0.013811504961839915
GAPB,32.4,1,0.008615398756813164
GAPB,32.5,1,0.003250281421273371
GAPB,32.6,1,-0.0022847304326187867
GAPB,32.7,1,-0.007990841018875372
GAPB,32.800000000000004,1,-0.013869486082557003
GAPB,32.9,1,-0.019922251322775253
GAPB,33.0,1,-0.026150797678074156
GAPB,33.1,1,-0.03255679272659151
GAPB,33.2,1,-0.03914184755013217
GAPB,33.300000000000004,1,-0.04590745849790956
GAPB,33.4,1,-0.052854953362936996
GAPB,33.5,1,-0.059985441552989016
GAPB,33.6,1,-0.06729976789921288
GAPB,33.7,1,-0.07479846979995841
GAPB,33.800000000000004,1,-0.08248173744552467
GAPB,33.9,1,-0.09034937691235534
GAPB,34.0,1,-0.09840077595291952
GAPB,34.1,1,-0.10663487234105773
GAPB,34.2,1,-0.11505012466208875
GAPB,34.300000000000004,1,-0.12364448546323281
GAPB,34.4,1,-0.13241537670307935
GAPB,34.5,1,-0.14135966745945971
GAPB,34.6,1,-0.15047365387330203
GAPB,34.7,1,-0.159753041322368
GAPB,34.800000000000004,1,-0.16919292883305737
GAPB,34.9,1,-0.17878779575128867
GAPB,35.0,1,-0.18853149070453412
GAPB,35.1,1,-0.19841722289680241
GAPB,35.2,1,-0.20843755578654033
GAPB,35.300000000000004,1,-0.21858440320413486
GAPB,35.4,1,-0.22884902797090056
GAPB,35.5,1,-0.2392220430850518
GAPB,35.6,1,-0.24969341554213464
GAPB,35.7,1,-0.2602524728575606
GAPB,35.800000000000004,1,-0.27088791235729914
GAPB,35.9,1,-0.2815878132992182
GAPB,36.0,1,-0.2923396518820507
GAPB,36.1,1,-0.3031303191914283
GAPB,36.2,1,-0.3139461421228962
GAPB,36.300000000000004,1,-0.32477290731022634
GAPB,36.4,1,-0.3355958880738914
GAPB,36.5,1,-0.34639987438919917
GAPB,36.6,1,-0.35716920585657164
GAPB,36.7,1,-0.367887807637862
GAPB,36.800000000000004,1,-0.37853922930272077
GAPB,36.9,1,-0.389106686508077
GAPB,37.0,1,-0.39957310541194424
GAPB,37.1,1,-0.4099211697005263
GAPB,37.2,1,-0.42013337008496876
GAPB,37.300000000000004,1,-0.4301920561016761
GAPB,37.4,1,-0.4400794900279905
GAPB,37.5,1,-0.44977790270364437
GAPB,37.6,1,-0.4592695510279565
GAPB,37.7,1,-0.46853677688363327
GAPB,37.800000000000004,1,-0.477562067220326
GAPB,37.9,1,-0.48632811501529005
GAPB,38.0,1,-0.4948178808145425
GAPB,38.1,1,-0.5030146545461349
GAPB,38.2,1,-0.5109021172876869
GAPB,38.300000000000004,1,-0.5184644026632608
GAPB,38.400000000000006,1,-0.5256861575400453
GAPB,38.5,1,-0.5325526016932756
GAPB,38.6,1,-0.5390495861083444
GAPB,38.7,1,-0.5451636495921353
GAPB,38.800000000000004,1,-0.5508820733711914
GAPB,38.900000000000006,1,-0.5561929333624338
GAPB,39.0,1,-0.5610851498125573
GAPB,39.1,1,-0.5655485340150221
GAPB,39.2,1,-0.5695738318284214
GAPB,39.300000000000004,1,-0.5731527637369727
GAPB,39.400000000000006,1,-0.5762780612126797
GAPB,39.5,1,-0.5789434991592746
GAPB,39.6,1,-0.5811439242401342
GAPB,39.7,1,-0.582875278915818
GAPB,39.800000000000004,1,-0.5842153974603335
GAPB,39.900000000000006,1,-0.5851853006580914
GAPB,40.0,1,-0.5857693376745079
GAPB,40.1,1,-0.5859546165222831
GAPB,40.2,1,-0.5857308279678044
GAPB,40.300000000000004,1,-0.5850900835518456
GAPB,40.400000000000006,1,-0.58402676575807
GAPB,40.5,1,-0.5825373885983574
GAPB,40.6,1,-0.5806204670989406
GAPB,40.7,1,-0.578276394367137
GAPB,40.800000000000004,1,-0.5755073250964653
GAPB,40.900000000000006,1,-0.5723170645293525
GAPB,41.0,1,-0.5687109620427382
GAPB,41.1,1,-0.5646958086536848
GAPB,41.2,1,-0.560279737860867
GAPB,41.300000000000004,1,-0.5554721293442881
GAPB,41.400000000000006,1,-0.5502835151408281
GAPB,41.5,1,-0.544942671958724
GAPB,41.6,1,-0.5394783051054848
GAPB,41.7,1,-0.5338787069178377
GAPB,41.800000000000004,1,-0.5281341697337876
GAPB,41.900000000000006,1,-0.5222368793609693
GAPB,42.0,1,-0.5161808099136067
GAPB,42.1,1,-0.5099616200748649
GAPB,42.2,1,-0.5035765508561454
GAPB,42.300000000000004,1,-0.4970243249376409
GAPB,42.400000000000006,1,-0.4903050476851867
GAPB,42.5,1,-0.4834201099471027
GAPB,42.6,1,-0.4763720927413715
GAPB,42.7,1,-0.469164673948141
GAPB,42.800000000000004,1,-0.4618025371253065
GAPB,42.900000000000006,1,-0.45429128256578544
GAPB,43.0,1,-0.44663734071428784
GAPB,43.1,1,-0.4388478880588771
GAPB,43.2,1,-0.43093076560860233
GAPB,43.300000000000004,1,-0.4228944000631376
GAPB,43.400000000000006,1,-0.414747727773646
GAPB,43.5,1,-0.4065001215864097
GAPB,43.6,1,-0.3981613206519743
GAPB,43.7,1,-0.38974136327305864
GAPB,43.800000000000004,1,-0.3812505228542147
GAPB,43.900000000000006,1,-0.3726992470054764
GAPB,44.0,1,-0.364098099841053
GAPB,44.1,1,-0.35545770750266215
GAPB,44.2,1,-0.34678870692551733
GAPB,44.300000000000004,1,-0.33810169785332356
GAPB,44.400000000000006,1,-0.32940719809709407
GAPB,44.5,1,-0.32071560202117055
GAPB,44.6,1,-0.31203714222874623
GAPB,44.7,1,-0.30338185440833065
GAPB,44.800000000000004,1,-0.29475954529230464
GAPB,44.900000000000006,1,-0.28617976366873066
GAPB,45.0,1,-0.2776517743782705
GAPB,45.1,1,-0.26918453521928676
GAPB,45.2,1,-0.2607866766760072
GAPB,45.300000000000004,1,-0.2524664843771749
GAPB,45.400000000000006,1,-0.24423188418575492
GAPB,45.5,1,-0.23609042981416906
GAPB,45.6,1,-0.22804929285415199
GAPB,45.7,1,-0.22011525510560048
GAPB,45.800000000000004,1,-0.21229470308493248
GAPB,45.900000000000006,1,-0.20459362459019736
GAPB,46.0,1,-0.19701760719777006
GAPB,46.1,1,-0.18957183856366022
GAPB,46.2,1,-0.18226110840146603
GAPB,46.300000000000004,1,-0.1750898120086415
GAPB,46.400000000000006,1,-0.16815407715313135
GAPB,46.5,1,-0.1614664979980649
GAPB,46.6,1,-0.1550215199173337
GAPB,46.7,1,-0.14881349813022382
GAPB,46.800000000000004,1,-0.14283669750517447
GAPB,46.900000000000006,1,-0.13708529425432303
GAPB,47.0,1,-0.13155337934447253
GAPB,47.1,1,-0.12623496345582375
GAPB,47.2,1,-0.12112398332568652
GAPB,47.300000000000004,1,-0.11621430932041044
GAPB,47.400000000000006,1,-0.11149975408488721
GAPB,47.5,1,-0.1069740821251024
GAPB,47.6,1,-0.10263102018542014
GAPB,47.7,1,-0.09846426828836741
GAPB,47.800000000000004,1,-0.09446751131081577
GAPB,47.900000000000006,1,-0.09063443097646307
GAPB,48.0,1,-0.08695871815048406
GAPB,48.1,1,-0.08343408532808283
GAPB,48.2,1,-0.08005427921450092
GAPB,48.300000000000004,1,-0.07681309329973196
GAPB,48.400000000000006,1,-0.07370438033688842
GAPB,48.5,1,-0.07072206463879027
GAPB,48.6,1,-0.0678601541129158
GAPB,48.7,1,-0.06511275196047173
GAPB,48.800000000000004,1,-0.062474067970910596
GAPB,48.900000000000006,1,-0.05993842934883098
GAPB,49.0,1,-0.05750029101584708
GAPB,49.1,1,-0.055154245335705454
GAPB,49.2,1,-0.05289503121665895
GAPB,49.300000000000004,1,-0.05071754255089189
GAPB,49.400000000000006,1,-0.04861683595664168
GAPB,49.5,1,-0.04658813779449211
GAPB,49.6,1,-0.044626850435211196
GAPB,49.7,1,-0.0427285577623735
GAPB,49.800000000000004,1,-0.04088902989883003
GAPB,49.900000000000006,1,-0.03910422715181383
GAPB,50.0,1,-0.03737030317717682
GAPB,50.1,1,-0.03568360736863241
GAPB,50.2,1,-0.03404068648326408
GAPB,50.300000000000004,1,-0.03243828551953243
GAPB,50.400000000000006,1,-0.030873347868791257
GAPB,50.5,1,-0.029343014765702335
GAPB,50.6,1,-0.027844624067046908
GAPB,50.7,1,-0.026375708391976005
GAPB,50.800000000000004,1,-0.024933992660013615
GAPB,50.900000000000006,1,-0.023517391065766446
GAPB,51.0,1,-0.02212400353161037
GAPB,51.1,1,-0.0207521116812579
GAPB,51.2,1,-0.01940017437843089
GAPB,51.300000000000004,1,-0.01806682287550032
GAPB,51.400000000000006,1,-0.016750855617218008
GAPB,51.5,1,-0.015451232744378984
GAPB,51.6,1,-0.014167070341576604
GAPB,51.7,1,-0.012897634471972452
GAPB,51.800000000000004,1,-0.011642335040553675
GAPB,51.900000000000006,1,-0.01040071952536259
GAPB,52.0,1,-0.009217686540056391
GAPB,52.1,1,-0.008184896070062564
GAPB,52.2,1,-0.007293417838129201
GAPB,52.300000000000004,1,-0.006534682726325514
GAPB,52.400000000000006,1,-0.005900463847041237
GAPB,52.5,1,-0.005382858626830966
GAPB,52.6,1,-0.004974271857451029
GAPB,52.7,1,-0.004667399672886319
GAPB,52.800000000000004,1,-0.0044552144155698414
GAPB,52.900000000000006,1,-0.004330950359205943
GAPB,53.0,1,-0.0042880902596529324
GAPB,53.1,1,-0.004320352709150654
GAPB,53.2,1,-0.004421680272708173
GAPB,53.300000000000004,1,-0.00458622838873346
GAPB,53.400000000000006,1,-0.004808355018862898
GAPB,53.5,1,-0.0050826110344797115
GAPB,53.6,1,-0.005403731329481687
GAPB,53.7,1,-0.005766626650464346
GAPB,53.800000000000004,1,-0.0061663761366350656
GAPB,53.900000000000006,1,-0.006598220562349155
GAPB,54.0,1,-0.007057556275187338
GAPB,54.1,1,-0.0075399298220357736
GAPB,54.2,1,-0.008041033254475138
GAPB,54.300000000000004,1,-0.008556700103193648
GAPB,54.400000000000006,1,-0.009082902008907823
GAPB,54.5,1,-0.009615745994548064
GAPB,54.6,1,-0.010151472360275804
GAPB,54.7,1,-0.010686453179227229
GAPB,54.800000000000004,1,-0.011217191367878243
GAPB,54.900000000000006,1,-0.011740320300622997
GAPB,55.0,1,-0.012252603933635697
GAPB,55.1,1,-0.012750937398465112
GAPB,55.2,1,-0.013232348021231743
GAPB,55.300000000000004,1,-0.013693996718791013
GAPB,55.400000000000006,1,-0.014133179718974986
GAPB,55.5,1,-0.014547330548161597
GAPB,55.6,1,-0.014934022226013255
GAPB,55.7,1,-0.01529096960441656
GAPB,55.800000000000004,1,-0.01561603178552673
GAPB,55.900000000000006,1,-0.015907214552550286
GAPB,56.0,1,-0.016162672746386164
GAPB,56.1,1,-0.016380712521772978
GAPB,56.2,1,-0.016559793417961544
GAPB,56.300000000000004,1,-0.016698530181386673
GAPB,56.400000000000006,1,-0.01679569428113936
GAPB,56.5,1,-0.016850215062371277
GAPB,56.6,1,-0.016861180487865113
GAPB,56.7,1,-0.016827837424047587
GAPB,56.800000000000004,1,-0.016749591434269462
GAPB,56.900000000000006,1,-0.016626006049460074
GAPB,57.0,1,-0.016456801493882622
GAPB,57.1,1,-0.016241852851639038
GAPB,57.2,1,-0.01598118766770895
GAPB,57.300000000000004,1,-0.015674982985318664
GAPB,57.400000000000006,1,-0.015323561829426069
GAPB,57.5,1,-0.014927389153633897
GAPB,57.6,1,-0.014487067275091192
GAPB,57.7,1,-0.014003330828527893
GAPB,57.800000000000004,1,-0.013477041276500401
GAPB,57.900000000000006,1,-0.012909181018159188
GAPB,58.0,1,-0.012300847143203342
GAPB,58.1,1,-0.011653244881200564
GAPB,58.2,1,-0.010967680799076618
GAPB,58.300000000000004,1,-0.010245555801281725
GAPB,58.400000000000006,1,-0.009488357987953222
GAPB,58.5,1,-0.008697655426365358
GAPB,58.6,1,-0.00787508889009203
GAPB,58.7,1,-0.007022364618654464
GAPB,58.800000000000004,1,-0.006141247148146789
GAPB,58.900000000000006,1,-0.005233552260357044
GAPB,59.0,1,-0.004301140094428391
GAPB,59.1,1,-0.0033459084611831003
GAPB,59.2,1,-0.002369786395931328
GAPB,59.300000000000004,1,-0.0013747279809983581
GAPB,59.400000000000006,1,-0.00036270646446823207
GAPB,59.5,1,0.0006642913032752773
GAPB,59.6,1,0.0016754101463760662
GAPB,59.7,1,0.0026559268000703184
GAPB,59.800000000000004,1,0.003608590155600666
GAPB,59.900000000000006,1,0.004535702534179009
GAPB,60.0,1,0.005439173649035567
GAPB,60.1,1,0.006134015734874154
GAPB,60.2,1,0.0066355180702402095
GAPB,60.300000000000004,1,0.006966337652555055
GAPB,60.400000000000006,1,0.007146738812224385
GAPB,60.5,1,0.00719485764920158
GAPB,60.6,1,0.00712693789931329
GAPB,60.7,1,0.006957541214482887
GAPB,60.800000000000004,1,0.006699734541779634
GAPB,60.900000000000006,1,0.006365257012664216
GAPB,61.0,1,0.00596466850458377
GAPB,61.1,1,0.005507481811003245
GAPB,61.2,1,0.0050022801512668025
GAPB,61.300000000000004,1,0.004456821567181635
GAPB,61.400000000000006,1,0.0038781315871307953
GAPB,61.5,1,0.0032725853895367862
GAPB,61.6,1,0.0026459805640790535
GAPB,61.7,1,0.0020036014500472987
GAPB,61.800000000000004,1,0.0013502759250663132
GAPB,61.900000000000006,1,0.0006904254233255358
GAPB,62.0,1,2.81088789204631e-05
GAPB,62.1,1,-0.0006329387837560319
GAPB,62.2,1,-0.001316802389768057
GAPB,62.300000000000004,1,-0.002019037799223966
GAPB,62.400000000000006,1,-0.0027341376761711444
GAPB,62.5,1,-0.0034568523938531825
GAPB,62.6,1,-0.004182181589047929
GAPB,62.7,1,-0.004905366809451195
GAPB,62.800000000000004,1,-0.005621885193646037
GAPB,62.900000000000006,1,-0.00632744411759667
GAPB,63.0,1,-0.007017976735996356
GAPB,63.1,1,-0.007689638341274119
GAPB,63.2,1,-0.008338803457860422
GAPB,63.300000000000004,1,-0.00896206358454954
GAPB,63.400000000000006,1,-0.009556225493643211
GAPB,63.5,1,-0.010118309992220631
GAPB,63.6,1,-0.01064555104849596
GAPB,63.7,1,-0.011135395184821206
GAPB,63.800000000000004,1,-0.011585501038764434
GAPB,63.900000000000006,1,-0.01199373899470757
GAPB,64.0,1,-0.012358190790806134
GAPB,64.10000000000001,1,-0.012677149009792998
GAPB,64.2,1,-0.012949116367051872
GAPB,64.3,1,-0.013172804715601671
GAPB,64.4,1,-0.013347133694919577
GAPB,64.5,1,-0.013471228958913173
GAPB,64.60000000000001,1,-0.013544419927590923
GAPB,64.7,1,-0.013566237016856775
GAPB,64.8,1,-0.013536408311402681
GAPB,64.9,1,-0.01345485565637361
GAPB,65.0,1,-0.013321690154375787
GAPB,0.0,2,0.0
GAPB,0.1,2,-0.0011849455048356106
GAPB,0.2,2,-0.0025218302853584618
GAPB,0.30000000000000004,2,-0.00397054783312889
GAPB,0.4,2,-0.00549631850929444
GAPB,0.5,2,-0.007069053710656803
GAPB,0.6000000000000001,2,-0.008662793328172214
GAPB,0.7000000000000001,2,-0.010255208589077469
GAPB,0.8,2,-0.011827163130071483
GAPB,0.9,2,-0.013362325854199497
GAPB,1.0,2,-0.014846829776054449
GAPB,1.1,2,-0.016293257242933734
GAPB,1.2000000000000002,2,-0.017704499412957375
GAPB,1.3,2,-0.01907191500517058
GAPB,1.4000000000000001,2,-0.0203876499902087
GAPB,1.5,2,-0.0216445907817846
GAPB,1.6,2,-0.022836321079777733
GAPB,1.7000000000000002,2,-0.023957082070841906
GAPB,1.8,2,-0.02500173570665254
GAPB,1.9000000000000001,2,-0.0259657307933594
GAPB,2.0,2,-0.026845071638845752
GAPB,2.1,2,-0.027636289016973237
GAPB,2.2,2,-0.028336413220388934
GAPB,2.3000000000000003,2,-0.02894294898570493
GAPB,2.4000000000000004,2,-0.02945385208713347
GAPB,2.5,2,-0.02986750740699229
GAPB,2.6,2,-0.030182708303945205
GAPB,2.7,2,-0.030398637112556415
GAPB,2.8000000000000003,2,-0.030514846620569358
GAPB,2.9000000000000004,2,-0.030531242383409207
GAPB,3.0,2,-0.030448065748645448
GAPB,3.1,2,-0.03026587747645948
GAPB,3.2,2,-0.029985541855543474
GAPB,3.3000000000000003,2,-0.02960821122714208
GAPB,3.4000000000000004,2,-0.029135310843022566
GAPB,3.5,2,-0.028568523995991413
GAPB,3.6,2,-0.027909777373899658
GAPB,3.7,2,-0.027164681647370514
GAPB,3.8000000000000003,2,-0.02634521292791625
GAPB,3.9000000000000004,2,-0.025462967222084743
GAPB,4.0,2,-0.024529107521685134
GAPB,4.1000000000000005,2,-0.023553226867550237
GAPB,4.2,2,-0.022543557226114785
GAPB,4.3,2,-0.021507152639191673
GAPB,4.4,2,-0.020450049541466342
GAPB,4.5,2,-0.019377406839076627
GAPB,4.6000000000000005,2,-0.018293628072010293
GAPB,4.7,2,-0.017202467739956262
GAPB,4.800000000000001,2,-0.01610712365274658
GAPB,4.9,2,-0.015010316970123228
GAPB,5.0,2,-0.01391436141895852
GAPB,5.1000000000000005,2,-0.012821223017205341
GAPB,5.2,2,-0.01173314851434526
GAPB,5.300000000000001,2,-0.010652594565412343
GAPB,5.4,2,-0.009581704555863269
GAPB,5.5,2,-0.008522335884162402
GAPB,5.6000000000000005,2,-0.007476084884153522
GAPB,5.7,2,-0.006444309634360934
GAPB,5.800000000000001,2,-0.005428150881982674
GAPB,5.9,2,-0.004428551290407867
GAPB,6.0,2,-0.00350723226438987
GAPB,6.1000000000000005,2,-0.002668212899205713
GAPB,6.2,2,-0.0019027841357193154
GAPB,6.300000000000001,2,-0.0012029641688364734
GAPB,6.4,2,-0.000561431620667463
GAPB,6.5,2,2.8534011661918157e-05
GAPB,6.6000000000000005,2,0.0005385562220343587
GAPB,6.7,2,0.000817343785538327
GAPB,6.800000000000001,2,0.0008947276656066094
GAPB,6.9,2,0.0007976185862705876
GAPB,7.0,2,0.0005503078753772428
GAPB,7.1000000000000005,2,0.00017473623574204566
GAPB,7.2,2,-0.0003092662904364829
GAPB,7.300000000000001,2,-0.0008837662033940319
GAPB,7.4,2,-0.001532535595172746
GAPB,7.5,2,-0.0022408819471415597
GAPB,7.6000000000000005,2,-0.0029954964937726203
GAPB,7.7,2,-0.0037843191876678617
GAPB,7.800000000000001,2,-0.004596418498147514
GAPB,7.9,2,-0.005421884454872128
GAPB,8.0,2,-0.006251733510200808
GAPB,8.1,2,-0.007077823940646155
GAPB,8.200000000000001,2,-0.007892780640100128
GAPB,8.3,2,-0.008689928276611525
GAPB,8.4,2,-0.009463231891757573
GAPB,8.5,2,-0.010207244117777847
GAPB,8.6,2,-0.010917058273960834
GAPB,8.700000000000001,2,-0.011588266681021864
GAPB,8.8,2,-0.012216923601188867
GAPB,8.9,2,-0.012799512273405256
GAPB,9.0,2,-0.013343256168946382
GAPB,9.1,2,-0.013876917146745882
GAPB,9.200000000000001,2,-0.014394178507261657
GAPB,9.3,2,-0.014889148976955369
GAPB,9.4,2,-0.015356352307401622
GAPB,9.5,2,-0.01579071741095106
GAPB,9.600000000000001,2,-0.0161875689622768
GAPB,9.700000000000001,2,-0.016542618394234765
GAPB,9.8,2,-0.016851955215928527
GAPB,9.9,2,-0.017112038580746614
GAPB,10.0,2,-0.017319689032541774
GAPB,10.100000000000001,2,-0.017472080359087983
GAPB,10.200000000000001,2,-0.01756673148359411
GAPB,10.3,2,-0.017601498327255882
GAPB,10.4,2,-0.01757456557885817
GAPB,10.5,2,-0.017484438311020867
GAPB,10.600000000000001,2,-0.017329933387026486
GAPB,10.700000000000001,2,-0.017110170607093522
GAPB,10.8,2,-0.016824563548471616
GAPB,10.9,2,-0.016473321773947447
GAPB,11.0,2,-0.016058298270792193
GAPB,11.100000000000001,2,-0.015581271312811396
GAPB,11.200000000000001,2,-0.015043973439714975
GAPB,11.3,2,-0.014448115413273399
GAPB,11.4,2,-0.013795405662259341
GAPB,11.5,2,-0.013087565675553137
GAPB,11.600000000000001,2,-0.01232634175659797
GAPB,11.700000000000001,2,-0.01151351351179386
GAPB,11.8,2,-0.01065089940965791
GAPB,11.9,2,-0.009747400830715236
GAPB,12.0,2,-0.008810951616649021
GAPB,12.100000000000001,2,-0.007848228188674256
GAPB,12.200000000000001,2,-0.006864816871011925
GAPB,12.3,2,-0.005865359582099217
GAPB,12.4,2,-0.004853680335330068
GAPB,12.5,2,-0.003832894732155978
GAPB,12.600000000000001,2,-0.002805504397903391
GAPB,12.700000000000001,2,-0.0017734781021090384
GAPB,12.8,2,-0.0007383211179874394
GAPB,12.9,2,0.000298865792121461
GAPB,13.0,2,0.0013373365289783834
GAPB,13.100000000000001,2,0.002376657844784802
GAPB,13.200000000000001,2,0.0034166745868162707
GAPB,13.3,2,0.004457481123514739
GAPB,13.4,2,0.005499398176713299
GAPB,13.5,2,0.006542954369813003
GAPB,13.600000000000001,2,0.007588871878446923
GAPB,13.700000000000001,2,0.008638055638353848
GAPB,13.8,2,0.00969080694118496
GAPB,13.9,2,0.010742380915408134
GAPB,14.0,2,0.01175756768886771
GAPB,14.100000000000001,2,0.012742633553937566
GAPB,14.200000000000001,2,0.013703774681312453
GAPB,14.3,2,0.014647127085382294
GAPB,14.4,2,0.015578777279078082
GAPB,14.5,2,0.016504773421072372
GAPB,14.600000000000001,2,0.017431136777096512
GAPB,14.700000000000001,2,0.018363873332672753
GAPB,14.8,2,0.019195565911314105
GAPB,14.9,2,0.01991692419568203
GAPB,15.0,2,0.020553215951672144
GAPB,15.100000000000001,2,0.021127775241795987
GAPB,15.200000000000001,2,0.021662219407305727
GAPB,15.3,2,0.022176642948569025
GAPB,15.4,2,0.022689790533448218
GAPB,15.5,2,0.02321921113002645
GAPB,15.600000000000001,2,0.023781395047073772
GAPB,15.700000000000001,2,0.02436137025458862
GAPB,15.8,2,0.02494468411876305
GAPB,15.9,2,0.02554503482935111
GAPB,16.0,2,0.02617581422411419
GAPB,16.1,2,0.026850121326772225
GAPB,16.2,2,0.027580774128816543
GAPB,16.3,2,0.028380319550716848
GAPB,16.400000000000002,2,0.029261041519813347
GAPB,16.5,2,0.03023496710483542
GAPB,16.6,2,0.03131387065070079
GAPB,16.7,2,0.032509275861865916
GAPB,16.8,2,0.033832455788260773
GAPB,16.900000000000002,2,0.03529443067453819
GAPB,17.0,2,0.036905963641245876
GAPB,17.1,2,0.038677554175388096
GAPB,17.2,2,0.04061942941785013
GAPB,17.3,2,0.04274153324615071
GAPB,17.400000000000002,2,0.04505351316309181
GAPB,17.5,2,0.04756470501491883
GAPB,17.6,2,0.050284115576673116
GAPB,17.7,2,0.05321562660675383
GAPB,17.8,2,0.056361702619518894
GAPB,17.900000000000002,2,0.0597252132002577
GAPB,18.0,2,0.0633093473975066
GAPB,18.1,2,0.06711753048577584
GAPB,18.2,2,0.07115334298847387
GAPB,18.3,2,0.07542044188416419
GAPB,18.400000000000002,2,0.07992248395141921
GAPB,18.5,2,0.08466305123826423
GAPB,18.6,2,0.08964557867148848
GAPB,18.7,2,0.09487328384885885
GAPB,18.8,2,0.10034909908336509
GAPB,18.900000000000002,2,0.10607560579290265
GAPB,19.0,2,0.11205497135119025
GAPB,19.1,2,0.1182888885359521
GAPB,19.200000000000003,2,0.12477851772849036
GAPB,19.3,2,0.13152443203435915
GAPB,19.400000000000002,2,0.13852656550800369
GAPB,19.5,2,0.1457841646745841
GAPB,19.6,2,0.15329574354987052
GAPB,19.700000000000003,2,0.1610590423636804
GAPB,19.8,2,0.16907099019404015
GAPB,19.900000000000002,2,0.1773276717177641
GAPB,20.0,2,0.18582429827857183
GAPB,20.1,2,0.19455518346615008
GAPB,20.200000000000003,2,0.20351372338868146
GAPB,20.3,2,0.2126923818074804
GAPB,20.400000000000002,2,0.22208268028545497
GAPB,20.5,2,0.23167519348136345
GAPB,20.6,2,0.24134364248610218
GAPB,20.700000000000003,2,0.25106796930512587
GAPB,20.8,2,0.2608455758624757
GAPB,20.900000000000002,2,0.27067266876960794
GAPB,21.0,2,0.2805442981688806
GAPB,21.1,2,0.2904544008712957
GAPB,21.200000000000003,2,0.300395847716997
GAPB,21.3,2,0.31036049504370666
GAPB,21.400000000000002,2,0.3203392401058398
GAPB,21.5,2,0.3303220802458089
GAPB,21.6,2,0.3402981755797203
GAPB,21.700000000000003,2,0.3502559149225686
GAPB,21.8,2,0.36018298464374965
GAPB,21.900000000000002,2,0.37006644011255574
GAPB,22.0,2,0.37989277936576293
GAPB,22.1,2,0.38964801860574916
GAPB,22.200000000000003,2,0.399317769118106
GAPB,22.3,2,0.408887315182632
GAPB,22.400000000000002,2,0.4183416925411514
GAPB,22.5,2,0.427665766979759
GAPB,22.6,2,0.4368443125819681
GAPB,22.700000000000003,2,0.4458620892128149
GAPB,22.8,2,0.4547039188019415
GAPB,22.900000000000002,2,0.46335476000612985
GAPB,23.0,2,0.47179978084813534
GAPB,23.1,2,0.480024428948882
GAPB,23.200000000000003,2,0.4880144989936639
GAPB,23.3,2,0.4957561970994746
GAPB,23.400000000000002,2,0.503236201779675
GAPB,23.5,2,0.5104327361373446
GAPB,23.6,2,0.5173239583688733
GAPB,23.700000000000003,2,0.5238898854586402
GAPB,23.8,2,0.530112356673099
GAPB,23.900000000000002,2,0.5359616373002662
GAPB,24.0,2,0.5413958898105751
GAPB,24.1,2,0.5463806465939989
GAPB,24.200000000000003,2,0.550888049626419
GAPB,24.3,2,0.5548961683106075
GAPB,24.400000000000002,2,0.558388386864932
GAPB,24.5,2,0.5613528535201215
GAPB,24.6,2,0.5637819845979397
GAPB,24.700000000000003,2,0.5656720172885628
GAPB,24.8,2,0.5670226056197993
GAPB,24.900000000000002,2,0.5678364547248247
GAPB,25.0,2,0.5681189890702196
GAPB,25.1,2,0.5678780508068684
GAPB,25.200000000000003,2,0.5670545502978754
GAPB,25.3,2,0.56523517026557
GAPB,25.400000000000002,2,0.5625037137648405
GAPB,25.5,2,0.5589389533551845
GAPB,25.6,2,0.5546149672552669
GAPB,25.700000000000003,2,0.5496014499651096
GAPB,25.8,2,0.5439639978112147
GAPB,25.900000000000002,2,0.5377643702456574
GAPB,26.0,2,0.5310607280129869
GAPB,26.1,2,0.523907849503253
GAPB,26.200000000000003,2,0.516357326748281
GAPB,26.3,2,0.5083912021058481
GAPB,26.400000000000002,2,0.4999359905958727
GAPB,26.5,2,0.49105674467443094
GAPB,26.6,2,0.4818139095553793
GAPB,26.700000000000003,2,0.4722636454839382
GAPB,26.8,2,0.46245811797919956
GAPB,26.900000000000002,2,0.4524457594758182
GAPB,27.0,2,0.4422715055377697
GAPB,27.1,2,0.4319770085571992
GAPB,27.200000000000003,2,0.4216008315942794
GAPB,27.3,2,0.41117862476368394
GAPB,27.400000000000002,2,0.4007432863327054
GAPB,27.5,2,0.39032511046732665
GAPB,27.6,2,0.3799519233471145
GAPB,27.700000000000003,2,0.36964920916856414
GAPB,27.8,2,0.35944022736994263
GAPB,27.900000000000002,2,0.34934612223890404
GAPB,28.0,2,0.3393860259070891
GAPB,28.1,2,0.32957715559327205
GAPB,28.200000000000003,2,0.31993490582789974
GAPB,28.3,2,0.310472936276593
GAPB,28.400000000000002,2,0.30120325567766315
GAPB,28.5,2,0.292136302318303
GAPB,28.6,2,0.2832810213950747
GAPB,28.700000000000003,2,0.2746449395359658
GAPB,28.8,2,0.2662342367028181
GAPB,28.900000000000002,2,0.25805381564364005
GAPB,29.0,2,0.2501073690233788
GAPB,29.1,2,0.24239744432852817
GAPB,29.200000000000003,2,0.2349255066146103
GAPB,29.3,2,0.22769199914548288
GAPB,29.400000000000002,2,0.22069640195885398
GAPB,29.5,2,0.21393728838258674
GAPB,29.6,2,0.20741237952081093
GAPB,29.700000000000003,2,0.20111859672678456
GAPB,29.8,2,0.19505211208029216
GAPB,29.900000000000002,2,0.18920839689057622
GAPB,30.0,2,0.1835822682508237
GAPB,30.1,2,0.17816793367656025
GAPB,30.200000000000003,2,0.17295903386749423
GAPB,30.3,2,0.1679486836400379
GAPB,30.400000000000002,2,0.16312951108547225
GAPB,30.5,2,0.15849369501630584
GAPB,30.6,2,0.15403300077046467
GAPB,30.700000000000003,2,0.14973881444942627
GAPB,30.8,2,0.1456021756720265
GAPB,30.900000000000002,2,0.14161380893037112
GAPB,31.0,2,0.13776415363805228
GAPB,31.1,2,0.13404339296357826
GAPB,31.200000000000003,2,0.130441481543631
GAPB,31.3,2,0.12694817217156462
GAPB,31.400000000000002,2,0.12354062315279535
GAPB,31.5,2,0.12019219524138869
GAPB,31.6,2,0.11688016404550439
GAPB,31.700000000000003,2,0.11358506188590134
GAPB,31.8,2,0.11029012151613138
GAPB,31.900000000000002,2,0.1069808072713716
GAPB,32.0,2,0.10364442121020723
GAPB,32.1,2,0.10026977353025757
GAPB,32.2,2,0.09684690801648266
GAPB,32.300000000000004,2,0.09336687455538772
GAPB,32.4,2,0.08982154184837832
GAPB,32.5,2,0.08620344440765315
GAPB,32.6,2,0.08250565873929538
GAPB,32.7,2,0.07872170432796821
GAPB,32.800000000000004,2,0.07484546565124361
GAPB,32.9,2,0.07087113198186046
GAPB,33.0,2,0.0667931521942613
GAPB,33.1,2,0.0626062021873608
GAPB,33.2,2,0.05830516287671017
GAPB,33.300000000000004,2,0.0538851070034827
GAPB,33.4,2,0.04934129326114345
GAPB,33.5,2,0.04466916645865382
GAPB,33.6,2,0.039864362626424565
GAPB,33.7,2,0.034922718132005315
GAPB,33.800000000000004,2,0.029840282010139774
GAPB,33.9,2,0.024613330829666324
GAPB,34.0,2,0.019238385520180756
GAPB,34.1,2,0.013712229666987596
GAPB,34.2,2,0.00803192885542181
GAPB,34.300000000000004,2,0.002172048590905362
GAPB,34.4,2,-0.004040756174768845
GAPB,34.5,2,-0.010582977294726348
GAPB,34.6,2,-0.01743331108011148
GAPB,34.7,2,-0.024572363935005725
GAPB,34.800000000000004,2,-0.031982388114697
GAPB,34.9,2,-0.039647044690863
GAPB,35.0,2,-0.047551191093921474
GAPB,35.1,2,-0.05568069086674754
GAPB,35.2,2,-0.06402224350590302
GAPB,35.300000000000004,2,-0.0725632324871679
GAPB,35.4,2,-0.08129158977281037
GAPB,35.5,2,-0.09019567527962913
GAPB,35.6,2,-0.09926416995080167
GAPB,35.7,2,-0.10848598122204578
GAPB,35.800000000000004,2,-0.11785015980480473
GAPB,35.9,2,-0.1273458268273142
GAPB,36.0,2,-0.13696211047960816
GAPB,36.1,2,-0.14668809140168193
GAPB,36.2,2,-0.15651275613646476
GAPB,36.300000000000004,2,-0.1664249580415298
GAPB,36.4,2,-0.17641338511677596
GAPB,36.5,2,-0.18646653426024962
GAPB,36.6,2,-0.19657269151175427
GAPB,36.7,2,-0.20671991788460886
GAPB,36.800000000000004,2,-0.21689604042044408
GAPB,36.9,2,-0.22708864813109564
GAPB,37.0,2,-0.23728509251594154
GAPB,37.1,2,-0.24747249236296653
GAPB,37.2,2,-0.2576377425581793
GAPB,37.300000000000004,2,-0.26776752664093273
GAPB,37.4,2,-0.2778483328530026
GAPB,37.5,2,-0.28786647343713234
GAPB,37.6,2,-0.2978081069467393
GAPB,37.7,2,-0.30765926333288185
GAPB,37.800000000000004,2,-0.3174058715777086
GAPB,37.9,2,-0.32703378964586705
GAPB,38.0,2,-0.3365288365268224
GAPB,38.1,2,-0.34587682614218274
GAPB,38.2,2,-0.3550636028928693
GAPB,38.300000000000004,2,-0.3640750786217346
GAPB,38.400000000000006,2,-0.3728972707679876
GAPB,38.5,2,-0.3815163414906326
GAPB,38.6,2,-0.389918637539326
GAPB,38.7,2,-0.3980907306524415
GAPB,38.800000000000004,2,-0.4060194582639145
GAPB,38.900000000000006,2,-0.41369196430263244
GAPB,39.0,2,-0.42109573987069915
GAPB,39.1,2,-0.4282186635899059
GAPB,39.2,2,-0.43504904140926115
GAPB,39.300000000000004,2,-0.44157564567033347
GAPB,39.400000000000006,2,-0.447787753231669
GAPB,39.5,2,-0.4536751824584062
GAPB,39.6,2,-0.45922832888877707
GAPB,39.7,2,-0.4644381993951505
GAPB,39.800000000000004,2,-0.46929644466388076
GAPB,39.900000000000006,2,-0.47380298470509175
GAPB,40.0,2,-0.477959758235432
GAPB,40.1,2,-0.481767054409044
GAPB,40.2,2,-0.485223952852575
GAPB,40.300000000000004,2,-0.48832869778668275
GAPB,40.400000000000006,2,-0.4910790151069673
GAPB,40.5,2,-0.4934723800848264
GAPB,40.6,2,-0.4955062423021772
GAPB,40.7,2,-0.4971782135303169
GAPB,40.800000000000004,2,-0.4984862234826988
GAPB,40.900000000000006,2,-0.49942864769762885
GAPB,41.0,2,-0.5000044112253814
GAPB,41.1,2,-0.5002130712928583
GAPB,41.2,2,-0.5000548816869639
GAPB,41.300000000000004,2,-0.49953084122623004
GAPB,41.400000000000006,2,-0.4986427283708146
GAPB,41.5,2,-0.49739312374699196
GAPB,41.6,2,-0.49580582778862414
GAPB,41.7,2,-0.4939047700935042
GAPB,41.800000000000004,2,-0.4917102076675235
GAPB,41.900000000000006,2,-0.4892393180087975
GAPB,42.0,2,-0.48650671589990857
GAPB,42.1,2,-0.4835249028194859
GAPB,42.2,2,-0.4803046568067728
GAPB,42.300000000000004,2,-0.47685536968016073
GAPB,42.400000000000006,2,-0.4731853377003734
GAPB,42.5,2,-0.46930201106288294
GAPB,42.6,2,-0.4652122069870046
GAPB,42.7,2,-0.4609222906284831
GAPB,42.800000000000004,2,-0.4564383275676036
GAPB,42.900000000000006,2,-0.4518227168269604
GAPB,43.0,2,-0.44714010262841875
GAPB,43.1,2,-0.4424018743122051
GAPB,43.2,2,-0.4377058591802925
GAPB,43.300000000000004,2,-0.4330368487553482
GAPB,43.400000000000006,2,-0.4283809320131766
GAPB,43.5,2,-0.42372545405052264
GAPB,43.6,2,-0.41905897315639784
GAPB,43.7,2,-0.4143712165355886
GAPB,43.800000000000004,2,-0.4096530349248102
GAPB,43.900000000000006,2,-0.4048963563335697
GAPB,44.0,2,-0.4000941391329018
GAPB,44.1,2,-0.3952403247059646
GAPB,44.2,2,-0.39032978986486455
GAPB,44.300000000000004,2,-0.3853582992279918
GAPB,44.400000000000006,2,-0.38032245774182094
GAPB,44.5,2,-0.3752196635202516
GAPB,44.6,2,-0.3700480611634642
GAPB,44.7,2,-0.36480649570685664
GAPB,44.800000000000004,2,-0.35949446733887136
GAPB,44.900000000000006,2,-0.3541120870147392
GAPB,45.0,2,-0.3486600330811118
GAPB,45.1,2,-0.34313950901452017
GAPB,45.2,2,-0.33755220236457184
GAPB,45.300000000000004,2,-0.3319002449808721
GAPB,45.400000000000006,2,-0.3261861745909034
GAPB,45.5,2,-0.3204128977845624
GAPB,45.6,2,-0.3145836544499474
GAPB,45.7,2,-0.3087019836941671
GAPB,45.800000000000004,2,-0.30277169127267456
GAPB,45.900000000000006,2,-0.29679681854086404
GAPB,46.0,2,-0.2907816129325127
GAPB,46.1,2,-0.28473049996107846
GAPB,46.2,2,-0.2786480567320435
GAPB,46.300000000000004,2,-0.2725389869473336
GAPB,46.400000000000006,2,-0.26640809737637916
GAPB,46.5,2,-0.26026502155724884
GAPB,46.6,2,-0.2541196619621946
GAPB,46.7,2,-0.247981243930548
GAPB,46.800000000000004,2,-0.24185835037528491
GAPB,46.900000000000006,2,-0.23575895450247053
GAPB,47.0,2,-0.22969045071034344
GAPB,47.1,2,-0.22365968381935097
GAPB,47.2,2,-0.21767297677043906
GAPB,47.300000000000004,2,-0.21173615691624903
GAPB,47.400000000000006,2,-0.2058545810184782
GAPB,47.5,2,-0.2000331590543869
GAPB,47.6,2,-0.19427637692606936
GAPB,47.7,2,-0.188588318157624
GAPB,47.800000000000004,2,-0.1829726846576385
GAPB,47.900000000000006,2,-0.17743281661724808
GAPB,48.0,2,-0.17197171160753832
GAPB,48.1,2,-0.16659204293391028
GAPB,48.2,2,-0.16129617729935575
GAPB,48.300000000000004,2,-0.1560861918232792
GAPB,48.400000000000006,2,-0.1509638904574082
GAPB,48.5,2,-0.14593081983557532
GAPB,48.6,2,-0.14098828458961776
GAPB,48.7,2,-0.13613736215929073
GAPB,48.800000000000004,2,-0.13137891712000993
GAPB,48.900000000000006,2,-0.12671361504831502
GAPB,49.0,2,-0.12214193594128808
GAPB,49.1,2,-0.11766418720269378
GAPB,49.2,2,-0.11328051620541935
GAPB,49.300000000000004,2,-0.10899092243682595
GAPB,49.400000000000006,2,-0.10486484120965045
GAPB,49.5,2,-0.10093894822540506
GAPB,49.6,2,-0.0972034121364942
GAPB,49.7,2,-0.0936486216031529
GAPB,49.800000000000004,2,-0.09026518480584755
GAPB,49.900000000000006,2,-0.08704392952006046
GAPB,50.0,2,-0.08397590368442209
GAPB,50.1,2,-0.08105237639644258
GAPB,50.2,2,-0.07826483927332184
GAPB,50.300000000000004,2,-0.07560500811842985
GAPB,50.400000000000006,2,-0.07306482483715193
GAPB,50.5,2,-0.07063645954873898
GAPB,50.6,2,-0.06831231284360584
GAPB,50.7,2,-0.06608501813826706
GAPB,50.800000000000004,2,-0.06394744408260955
GAPB,50.900000000000006,2,-0.061892696976675765
GAPB,51.0,2,-0.059914123156376675
GAPB,51.1,2,-0.058005311309768715
GAPB,51.2,2,-0.0561600946875398
GAPB,51.300000000000004,2,-0.05437255317335499
GAPB,51.400000000000006,2,-0.052637015181568714
GAPB,51.5,2,-0.050948059351672015
GAPB,51.6,2,-0.04930051601062857
GAPB,51.7,2,-0.04768946837606691
GAPB,51.800000000000004,2,-0.04611025347511877
GAPB,51.900000000000006,2,-0.04455846275555331
GAPB,52.0,2,-0.04302994236775426
GAPB,52.1,2,-0.04152312207605391
GAPB,52.2,2,-0.040041290784481376
GAPB,52.300000000000004,2,-0.038587159921705805
GAPB,52.400000000000006,2,-0.03716292039803015
GAPB,52.5,2,-0.035770295419601084
GAPB,52.6,2,-0.03441058938786057
GAPB,52.7,2,-0.03308473309937554
GAPB,52.800000000000004,2,-0.03179332544986124
GAPB,52.900000000000006,2,-0.030536671836152607
GAPB,53.0,2,-0.02931481944101577
GAPB,53.1,2,-0.028127589577922052
GAPB,53.2,2,-0.026974607265975337
GAPB,53.300000000000004,2,-0.025855328199156702
GAPB,53.400000000000006,2,-0.024769063268601954
GAPB,53.5,2,-0.023715000791742824
GAPB,53.6,2,-0.022692226597717635
GAPB,53.7,2,-0.02169974211428105
GAPB,53.800000000000004,2,-0.020736480597500773
GAPB,53.900000000000006,2,-0.019801321641697456
GAPB,54.0,2,-0.018893104103236524
GAPB,54.1,2,-0.018010637567874355
GAPB,54.2,2,-0.017152712487341404
GAPB,54.300000000000004,2,-0.01631810910659226
GAPB,54.400000000000006,2,-0.015505605298690384
GAPB,54.5,2,-0.014713983419532894
GAPB,54.6,2,-0.01394203628955637
GAPB,54.7,2,-0.013188572404210674
GAPB,54.800000000000004,2,-0.01245242046927153
GAPB,54.900000000000006,2,-0.011732433351065552
GAPB,55.0,2,-0.01105905606907065
GAPB,55.1,2,-0.01058920597448676
GAPB,55.2,2,-0.010299185339107453
GAPB,55.300000000000004,2,-0.01016752324779091
GAPB,55.400000000000006,2,-0.010174739933100696
GAPB,55.5,2,-0.010303137010131636
GAPB,55.6,2,-0.010536610898839172
GAPB,55.7,2,-0.010860486988576667
GAPB,55.800000000000004,2,-0.01126137234354374
GAPB,55.900000000000006,2,-0.01172702496989686
GAPB,56.0,2,-0.012246237866619936
GAPB,56.1,2,-0.012808736264519283
GAPB,56.2,2,-0.013405086622297446
GAPB,56.300000000000004,2,-0.014026616097048361
GAPB,56.400000000000006,2,-0.014665341340123206
GAPB,56.5,2,-0.015313905589536603
GAPB,56.6,2,-0.015965523138019577
GAPB,56.7,2,-0.016613930352800566
GAPB,56.800000000000004,2,-0.017253342510233693
GAPB,56.900000000000006,2,-0.017900399343897533
GAPB,57.0,2,-0.018559035255139023
GAPB,57.1,2,-0.019223258549402544
GAPB,57.2,2,-0.019887306617919265
GAPB,57.300000000000004,2,-0.020545644728381163
GAPB,57.400000000000006,2,-0.02119296516749536
GAPB,57.5,2,-0.02182418670418862
GAPB,57.6,2,-0.02243445434151603
GAPB,57.7,2,-0.023019139324516047
GAPB,57.800000000000004,2,-0.023573839370277128
GAPB,57.900000000000006,2,-0.024094379085276785
GAPB,58.0,2,-0.024576810533844196
GAPB,58.1,2,-0.02501741392023149
GAPB,58.2,2,-0.025412698345434137
GAPB,58.300000000000004,2,-0.02575940259856857
GAPB,58.400000000000006,2,-0.026054495941407296
GAPB,58.5,2,-0.02629517884358279
GAPB,58.6,2,-0.026478883625175698
GAPB,58.7,2,-0.0266032749628895
GAPB,58.800000000000004,2,-0.0266662502158983
GAPB,58.900000000000006,2,-0.026665939527779514
GAPB,59.0,2,-0.026600705661788737
GAPB,59.1,2,-0.026469143528139227
GAPB,59.2,2,-0.026270079363925447
GAPB,59.300000000000004,2,-0.02600256952894142
GAPB,59.400000000000006,2,-0.025665898883861615
GAPB,59.5,2,-0.025259578721037457
GAPB,59.6,2,-0.024783344222573334
GAPB,59.7,2,-0.024238637640408456
GAPB,59.800000000000004,2,-0.023627692461049676
GAPB,59.900000000000006,2,-0.022952598388265244
GAPB,60.0,2,-0.022215339828779435
GAPB,60.1,2,-0.02141782889877497
GAPB,60.2,2,-0.02057154033674813
GAPB,60.300000000000004,2,-0.019686680632709397
GAPB,60.400000000000006,2,-0.018771884418109508
GAPB,60.5,2,-0.01783442927964174
GAPB,60.6,2,-0.01688042432039616
GAPB,60.7,2,-0.015914975374695217
GAPB,60.800000000000004,2,-0.014942329479831429
GAPB,60.900000000000006,2,-0.01396600093642597
GAPB,61.0,2,-0.012988881046002376
GAPB,61.1,2,-0.012013333396515335
GAPB,61.2,2,-0.01104127637144714
GAPB,61.300000000000004,2,-0.010074254383196646
GAPB,61.400000000000006,2,-0.009113499174581818
GAPB,61.5,2,-0.008159982391569898
GAPB,61.6,2,-0.0072144605038655385
GAPB,61.7,2,-0.0062775130363750264
GAPB,61.800000000000004,2,-0.005349574972271398
GAPB,61.900000000000006,2,-0.00443096409628474
GAPB,62.0,2,-0.003521903963767059
GAPB,62.1,2,-0.0026225431061188686
GAPB,62.2,2,-0.001732971015359297
GAPB,62.300000000000004,2,-0.0008546490009262442
GAPB,62.400000000000006,2,-3.943609767809164e-05
GAPB,62.5,2,0.0006998262270183631
GAPB,62.6,2,0.0013703921793002394
GAPB,62.7,2,0.0019790263894243765
GAPB,62.800000000000004,2,0.0025320414918983403
GAPB,62.900000000000006,2,0.0030353320146225826
GAPB,63.0,2,0.003494404864044398
GAPB,63.1,2,0.0037578470656001173
GAPB,63.2,2,0.0038110485907534297
GAPB,63.300000000000004,2,0.003680602604147154
GAPB,63.400000000000006,2,0.0033905986316895564
GAPB,63.5,2,0.002962878397278601
GAPB,63.6,2,0.0024172642682600554
GAPB,63.7,2,0.0017717631120923727
GAPB,63.800000000000004,2,0.0010427481000920835
GAPB,63.900000000000006,2,0.0002451207491347418
GAPB,64.0,2,-0.0006075447320501581
GAPB,64.10000000000001,2,-0.001502872929883381
GAPB,64.2,2,-0.0024295728701986263
GAPB,64.3,2,-0.0033773363126208267
GAPB,64.4,2,-0.0043367473408473245
GAPB,64.5,2,-0.005299202032986727
GAPB,64.60000000000001,2,-0.006256837121000558
GAPB,64.7,2,-0.00720246666098312
GAPB,64.8,2,-0.008129525837452078
GAPB,64.9,2,-0.0090320211161945
GAPB,65.0,2,-0.009904486042191962
GAPB,0.0,3,0.0
GAPB,0.1,3,-0.00042744338367484147
GAPB,0.2,3,-0.0008514608785805677
GAPB,0.30000000000000004,3,-0.0012857670224217799
GAPB,0.4,3,-0.0017388853219877376
GAPB,0.5,3,-0.002215234995331272
GAPB,0.6000000000000001,3,-0.0027160345427788
GAPB,0.7000000000000001,3,-0.003240049954765567
GAPB,0.8,3,-0.0037842113872912364
GAPB,0.9,3,-0.00434411871877316
GAPB,1.0,3,-0.004914453461521973
GAPB,1.1,3,-0.005489311968002397
GAPB,1.2000000000000002,3,-0.006064786023593172
GAPB,1.3,3,-0.006704718973230328
GAPB,1.4000000000000001,3,-0.007492903605909262
GAPB,1.5,3,-0.00840808236877244
GAPB,1.6,3,-0.009430558981069481
GAPB,1.7000000000000002,3,-0.010542089473371874
GAPB,1.8,3,-0.011725781335176322
GAPB,1.9000000000000001,3,-0.012966000219622131
GAPB,2.0,3,-0.014248283682601226
GAPB,2.1,3,-0.015559261461998375
GAPB,2.2,3,-0.01688658183103975
GAPB,2.3000000000000003,3,-0.01821884358729875
GAPB,2.4000000000000004,3,-0.01954553326573283
GAPB,2.5,3,-0.020856967190031384
GAPB,2.6,3,-0.022144238001422067
GAPB,2.7,3,-0.02339916532789843
GAPB,2.8000000000000003,3,-0.02461425027953723
GAPB,2.9000000000000004,3,-0.02578263347717602
GAPB,3.0,3,-0.026898056342165688
GAPB,3.1,3,-0.027954825394278515
GAPB,3.2,3,-0.028947779323077683
GAPB,3.3000000000000003,3,-0.029872258615210256
GAPB,3.4000000000000004,3,-0.03073559303923723
GAPB,3.5,3,-0.031579338257051504
GAPB,3.6,3,-0.032396216812767165
GAPB,3.7,3,-0.03317936494254248
GAPB,3.8000000000000003,3,-0.033922503697922934
GAPB,3.9000000000000004,3,-0.034620239330939384
GAPB,4.0,3,-0.0352680003846082
GAPB,4.1000000000000005,3,-0.03586197600874641
GAPB,4.2,3,-0.036398999626380046
GAPB,4.3,3,-0.036876450263491733
GAPB,4.4,3,-0.03729216926041623
GAPB,4.5,3,-0.037644390346343926
GAPB,4.6000000000000005,3,-0.03793168129179847
GAPB,4.7,3,-0.03815289556075996
GAPB,4.800000000000001,3,-0.038307132567465985
GAPB,4.9,3,-0.0383937053053689
GAPB,5.0,3,-0.03841211425979019
GAPB,5.1000000000000005,3,-0.038362026643639524
GAPB,5.2,3,-0.038243260109060984
GAPB,5.300000000000001,3,-0.03805579990498842
GAPB,5.4,3,-0.037799811556286755
GAPB,5.5,3,-0.03747562593390619
GAPB,5.6000000000000005,3,-0.037083726495351854
GAPB,5.7,3,-0.03662473836894087
GAPB,5.800000000000001,3,-0.036099418985639176
GAPB,5.9,3,-0.03550864999148118
GAPB,6.0,3,-0.034853430201538416
GAPB,6.1000000000000005,3,-0.0341380086028753
GAPB,6.2,3,-0.03336674353485769
GAPB,6.300000000000001,3,-0.03254344995574776
GAPB,6.4,3,-0.031671474789632725
GAPB,6.5,3,-0.030753763930057687
GAPB,6.6000000000000005,3,-0.029792921685487528
GAPB,6.7,3,-0.028793042519209777
GAPB,6.800000000000001,3,-0.027765963778447755
GAPB,6.9,3,-0.026721518858726867
GAPB,7.0,3,-0.025667801967935944
GAPB,7.1000000000000005,3,-0.02461140178669119
GAPB,7.2,3,-0.02355760740058166
GAPB,7.300000000000001,3,-0.022510589538239145
GAPB,7.4,3,-0.021473559841144407
GAPB,7.5,3,-0.02044891061327192
GAPB,7.6000000000000005,3,-0.019438337248221416
GAPB,7.7,3,-0.018442945305546132
GAPB,7.800000000000001,3,-0.01746334400415961
GAPB,7.9,3,-0.016499727716837498
GAPB,8.0,3,-0.015551946883741508
GAPB,8.1,3,-0.014619569613051553
GAPB,8.200000000000001,3,-0.01370193510136275
GAPB,8.3,3,-0.01279819988424613
GAPB,8.4,3,-0.01190737781683815
GAPB,8.5,3,-0.011028374584565626
GAPB,8.6,3,-0.010160017453923587
GAPB,8.700000000000001,3,-0.009333916975618806
GAPB,8.8,3,-0.008578258490361534
GAPB,8.9,3,-0.00788175743778119
GAPB,9.0,3,-0.007234204743033601
GAPB,9.1,3,-0.006627358899750746
GAPB,9.200000000000001,3,-0.006056765879257853
GAPB,9.3,3,-0.005518004934160103
GAPB,9.4,3,-0.005006718548690614
GAPB,9.5,3,-0.004518638273095732
GAPB,9.600000000000001,3,-0.004049606977570619
GAPB,9.700000000000001,3,-0.003790921508093348
GAPB,9.8,3,-0.0037138510970322614
GAPB,9.9,3,-0.0037922086730404203
GAPB,10.0,3,-0.004002255082308892
GAPB,10.100000000000001,3,-0.0043224639442147605
GAPB,10.200000000000001,3,-0.00473331102386787
GAPB,10.3,3,-0.005217085601429972
GAPB,10.4,3,-0.005757721559465523
GAPB,10.5,3,-0.006340646131425487
GAPB,10.600000000000001,3,-0.006952644457291157
GAPB,10.700000000000001,3,-0.007581738277551153
GAPB,10.8,3,-0.008217077264999872
GAPB,10.9,3,-0.008848841646571515
GAPB,11.0,3,-0.00946820352323563
GAPB,11.100000000000001,3,-0.010067373236397614
GAPB,11.200000000000001,3,-0.010639477675551845
GAPB,11.3,3,-0.011178455228655793
GAPB,11.4,3,-0.011678965108368189
GAPB,11.5,3,-0.012136309080771568
GAPB,11.600000000000001,3,-0.01254636387965391
GAPB,11.700000000000001,3,-0.012915084584854242
GAPB,11.8,3,-0.013279906141757891
GAPB,11.9,3,-0.013633767032827038
GAPB,12.0,3,-0.013970436358269112
GAPB,12.100000000000001,3,-0.014284424338001145
GAPB,12.200000000000001,3,-0.014570883249168887
GAPB,12.3,3,-0.01482552287107275
GAPB,12.4,3,-0.015044538524263018
GAPB,12.5,3,-0.015224550010596971
GAPB,12.600000000000001,3,-0.015362549956213556
GAPB,12.700000000000001,3,-0.015455860232430396
GAPB,12.8,3,-0.015502095283100203
GAPB,12.9,3,-0.015499131323165827
GAPB,13.0,3,-0.015445080494211894
GAPB,13.100000000000001,3,-0.015338269170404928
GAPB,13.200000000000001,3,-0.015177219704073153
GAPB,13.3,3,-0.014960634985726529
GAPB,13.4,3,-0.014687385269848363
GAPB,13.5,3,-0.01435649678636075
GAPB,13.600000000000001,3,-0.013967141719415821
GAPB,13.700000000000001,3,-0.013518629190739873
GAPB,13.8,3,-0.013010396935102975
GAPB,13.9,3,-0.012442043498754884
GAPB,14.0,3,-0.011813586938572485
GAPB,14.100000000000001,3,-0.011127017686675345
GAPB,14.200000000000001,3,-0.01038406112507495
GAPB,14.3,3,-0.009586201880162903
GAPB,14.4,3,-0.008734705550867972
GAPB,14.5,3,-0.007830637940278606
GAPB,14.600000000000001,3,-0.006874881876164807
GAPB,14.700000000000001,3,-0.005868151719699455
GAPB,14.8,3,-0.004811005673822422
GAPB,14.9,3,-0.0037096962746350215
GAPB,15.0,3,-0.002570806468877862
GAPB,15.100000000000001,3,-0.0013994529690339874
GAPB,15.200000000000001,3,-0.0001994663510984651
GAPB,15.3,3,0.0010264508232218361
GAPB,15.4,3,0.002276585415780019
GAPB,15.5,3,0.0035500924515474708
GAPB,15.600000000000001,3,0.0048468892058171065
GAPB,15.700000000000001,3,0.006167562853168107
GAPB,15.8,3,0.007511718278045976
GAPB,15.9,3,0.008878063390362456
GAPB,16.0,3,0.010265912730620386
GAPB,16.1,3,0.011675143953580047
GAPB,16.2,3,0.013106157793259854
GAPB,16.3,3,0.014559841168924947
GAPB,16.400000000000002,3,0.016037533108431035
GAPB,16.5,3,0.017540993181736297
GAPB,16.6,3,0.01907237215367985
GAPB,16.7,3,0.02063418458108046
GAPB,16.8,3,0.022229283094892693
GAPB,16.900000000000002,3,0.023860834123528463
GAPB,17.0,3,0.025532294828506608
GAPB,17.1,3,0.027247391038303093
GAPB,17.2,3,0.02901009598065407
GAPB,17.3,3,0.030824609627661204
GAPB,17.400000000000002,3,0.03269533848183137
GAPB,17.5,3,0.034626875644672594
GAPB,17.6,3,0.036623981022769314
GAPB,17.7,3,0.03869156153932174
GAPB,17.8,3,0.04074107105484792
GAPB,17.900000000000002,3,0.042733197235339304
GAPB,18.0,3,0.0446865473296274
GAPB,18.1,3,0.04661891564581033
GAPB,18.2,3,0.04854733610366857
GAPB,18.3,3,0.05048812768605515
GAPB,18.400000000000002,3,0.052456933273644424
GAPB,18.5,3,0.0544687523202807
GAPB,18.6,3,0.05653796780211984
GAPB,18.7,3,0.05867836785270519
GAPB,18.8,3,0.06090316247777672
GAPB,18.900000000000002,3,0.06322499572771889
GAPB,19.0,3,0.06565595369194455
GAPB,19.1,3,0.06820756866786759
GAPB,19.200000000000003,3,0.07089081984726064
GAPB,19.3,3,0.07371613085444473
GAPB,19.400000000000002,3,0.07669336446370778
GAPB,19.5,3,0.07983181481733048
GAPB,19.6,3,0.08314019746041978
GAPB,19.700000000000003,3,0.0866266375041409
GAPB,19.8,3,0.09029865622468058
GAPB,19.900000000000002,3,0.09416315640124218
GAPB,20.0,3,0.09822640669218963
GAPB,20.1,3,0.10249402534410201
GAPB,20.200000000000003,3,0.10697096352374302
GAPB,20.3,3,0.11166148855752844
GAPB,20.400000000000002,3,0.1165691673570386
GAPB,20.5,3,0.12169685030213628
GAPB,20.6,3,0.12704665584538333
GAPB,20.700000000000003,3,0.13261398858670503
GAPB,20.8,3,0.13839337096136717
GAPB,20.900000000000002,3,0.1443793849291346
GAPB,21.0,3,0.15056660159572743
GAPB,21.1,3,0.1569495168523236
GAPB,21.200000000000003,3,0.1635224929525645
GAPB,21.3,3,0.17027970594483577
GAPB,21.400000000000002,3,0.17721509887355325
GAPB,21.5,3,0.1843223406570207
GAPB,21.6,3,0.19159479054134998
GAPB,21.700000000000003,3,0.19902546802027743
GAPB,21.8,3,0.20660702809966125
GAPB,21.900000000000002,3,0.2143317417733357
GAPB,22.0,3,0.22219148156409396
GAPB,22.1,3,0.2301777119701125
GAPB,22.200000000000003,3,0.2382814846434016
GAPB,22.3,3,0.24649343811321955
GAPB,22.400000000000002,3,0.25480380185390317
GAPB,22.5,3,0.2632024044836534
GAPB,22.6,3,0.27167868586861843
GAPB,22.700000000000003,3,0.28022171289534903
GAPB,22.8,3,0.28882019866457576
GAPB,22.900000000000002,3,0.2974625248504097
GAPB,23.0,3,0.30613676696165726
GAPB,23.1,3,0.31483072223605824
GAPB,23.200000000000003,3,0.32353193989401063
GAPB,23.3,3,0.33222775347572053
GAPB,23.400000000000002,3,0.3409053149848891
GAPB,23.5,3,0.3495283931422293
GAPB,23.6,3,0.35796755877341546
GAPB,23.700000000000003,3,0.36621929729727576
GAPB,23.8,3,0.374279401402438
GAPB,23.900000000000002,3,0.3821431053630402
GAPB,24.0,3,0.3898045220504418
GAPB,24.1,3,0.39725608357929687
GAPB,24.200000000000003,3,0.4044890148006086
GAPB,24.3,3,0.41149374086371715
GAPB,24.400000000000002,3,0.4182602363661214
GAPB,24.5,3,0.42477832277249306
GAPB,24.6,3,0.4310379200380794
GAPB,24.700000000000003,3,0.4370292577082111
GAPB,24.8,3,0.4427430501767411
GAPB,24.900000000000002,3,0.4481706402643333
GAPB,25.0,3,0.45330411481566024
GAPB,25.1,3,0.45813639560625674
GAPB,25.200000000000003,3,0.4626613084893343
GAPB,25.3,3,0.46687007909378764
GAPB,25.400000000000002,3,0.47073324174485975
GAPB,25.5,3,0.47422737268710335
GAPB,25.6,3,0.47733447851696553
GAPB,25.700000000000003,3,0.480041434638526
GAPB,25.8,3,0.48233946992061405
GAPB,25.900000000000002,3,0.48422369396819853
GAPB,26.0,3,0.48569266365686126
GAPB,26.1,3,0.48674798581278367
GAPB,26.200000000000003,3,0.48739395314884426
GAPB,26.3,3,0.48763721078777067
GAPB,26.400000000000002,3,0.4874830272505477
GAPB,26.5,3,0.4869324979034051
GAPB,26.6,3,0.48598989146280225
GAPB,26.700000000000003,3,0.4844810198987908
GAPB,26.8,3,0.48226228400827686
GAPB,26.900000000000002,3,0.47939240432351404
GAPB,27.0,3,0.4759279428183092
GAPB,27.1,3,0.4719231908333974
GAPB,27.200000000000003,3,0.46743009378099387
GAPB,27.3,3,0.4624982064176031
GAPB,27.400000000000002,3,0.4571746733534674
GAPB,27.5,3,0.45150423024203334
GAPB,27.6,3,0.4455292217721105
GAPB,27.700000000000003,3,0.43928963317810776
GAPB,27.8,3,0.4328231324982177
GAPB,27.900000000000002,3,0.42616512125488093
GAPB,28.0,3,0.41934879161407856
GAPB,28.1,3,0.4124051884070816
GAPB,28.200000000000003,3,0.4053632746768816
GAPB,28.3,3,0.39824999964780616
GAPB,28.400000000000002,3,0.3910903682161404
GAPB,28.5,3,0.38390751122712174
GAPB,28.6,3,0.3767227559436659
GAPB,28.700000000000003,3,0.36955569622881335
GAPB,28.8,3,0.36242426206044875
GAPB,28.900000000000002,3,0.3553447880765983
GAPB,29.0,3,0.3483320809150907
GAPB,29.1,3,0.3413994851650326
GAPB,29.200000000000003,3,0.3345589477913151
GAPB,29.3,3,0.32773089703759695
GAPB,29.400000000000002,3,0.3208477583075311
GAPB,29.5,3,0.3139372644199092
GAPB,29.6,3,0.3070240904786914
GAPB,29.700000000000003,3,0.3001301183602578
GAPB,29.8,3,0.2932746765287213
GAPB,29.900000000000002,3,0.2864747576577802
GAPB,30.0,3,0.2797452162866758
GAPB,30.1,3,0.27309894850862015
GAPB,30.200000000000003,3,0.2665470554816842
GAPB,30.3,3,0.260098992363508
GAPB,30.400000000000002,3,0.2537627041012396
GAPB,30.5,3,0.24754474935537019
GAPB,30.6,3,0.24145041369947862
GAPB,30.700000000000003,3,0.23548381311592337
GAPB,30.8,3,0.22964798869895198
GAPB,30.900000000000002,3,0.22394499338043694
GAPB,31.0,3,0.21837597140816634
GAPB,31.1,3,0.21294123123142938
GAPB,31.200000000000003,3,0.2076403123824555
GAPB,31.3,3,0.20247204688413412
GAPB,31.400000000000002,3,0.19743461566366705
GAPB,31.5,3,0.19252442599117003
GAPB,31.6,3,0.18773594576640562
GAPB,31.700000000000003,3,0.18306228443913852
GAPB,31.8,3,0.1784956455414548
GAPB,31.900000000000002,3,0.17402767495722848
GAPB,32.0,3,0.16964972496035635
GAPB,32.1,3,0.16535305061211858
GAPB,32.2,3,0.16112895222049417
GAPB,32.300000000000004,3,0.15696887514588553
GAPB,32.4,3,0.15286447621615018
GAPB,32.5,3,0.1488076643270908
GAPB,32.6,3,0.1447906214000927
GAPB,32.7,3,0.14080580870159487
GAPB,32.800000000000004,3,0.13684596256158166
GAPB,32.9,3,0.13290408272814425
GAPB,33.0,3,0.12897341593506084
GAPB,33.1,3,0.12504743671633456
GAPB,33.2,3,0.12111982705616597
GAPB,33.300000000000004,3,0.11718445609863082
GAPB,33.4,3,0.1132353608443939
GAPB,33.5,3,0.10926672852071029
GAPB,33.6,3,0.10527288111582855
GAPB,33.7,3,0.10124826241166929
GAPB,33.800000000000004,3,0.09718742772251154
GAPB,33.9,3,0.09308503644663801
GAPB,34.0,3,0.0889358474579307
GAPB,34.1,3,0.0847347173012647
GAPB,34.2,3,0.08047660110623411
GAPB,34.300000000000004,3,0.07615655609537875
GAPB,34.4,3,0.07176759506358721
GAPB,34.5,3,0.06728693916081241
GAPB,34.6,3,0.06269633832125798
GAPB,34.7,3,0.05798134705712599
GAPB,34.800000000000004,3,0.053130711185461976
GAPB,34.9,3,0.0481358499741269
GAPB,35.0,3,0.04299042027728284
GAPB,35.1,3,0.03768995102753614
GAPB,35.2,3,0.032231538004360516
GAPB,35.300000000000004,3,0.026613590142327226
GAPB,35.4,3,0.02083561980787607
GAPB,35.5,3,0.01489807048463554
GAPB,35.6,3,0.008802176185890076
GAPB,35.7,3,0.002549847676368344
GAPB,35.800000000000004,3,-0.0038564187504039893
GAPB,35.9,3,-0.010413613615462225
GAPB,36.0,3,-0.017118270892352072
GAPB,36.1,3,-0.02396651167675401
GAPB,36.2,3,-0.030954077244770062
GAPB,36.300000000000004,3,-0.038076353526561135
GAPB,36.4,3,-0.04532838873477374
GAPB,36.5,3,-0.052704905637497745
GAPB,36.6,3,-0.06020030974859658
GAPB,36.7,3,-0.06780869451971228
GAPB,36.800000000000004,3,-0.07552384445444993
GAPB,36.9,3,-0.08333923692297951
GAPB,37.0,3,-0.09124804333159808
GAPB,37.1,3,-0.09924313019442188
GAPB,37.2,3,-0.10731706056089152
GAPB,37.300000000000004,3,-0.11546209617161374
GAPB,37.4,3,-0.1237614702094536
GAPB,37.5,3,-0.13228874255968748
GAPB,37.6,3,-0.14101185137367978
GAPB,37.7,3,-0.1499008725354969
GAPB,37.800000000000004,3,-0.15892777253334067
GAPB,37.9,3,-0.16806619059923023
GAPB,38.0,3,-0.1772912472626338
GAPB,38.1,3,-0.18657937672509028
GAPB,38.2,3,-0.19590818070277827
GAPB,38.300000000000004,3,-0.2052563016032103
GAPB,38.400000000000006,3,-0.2146033131017564
GAPB,38.5,3,-0.2239296263649191
GAPB,38.6,3,-0.23321641033107987
GAPB,38.7,3,-0.24244552460751123
GAPB,38.800000000000004,3,-0.25159946367574015
GAPB,38.900000000000006,3,-0.26066131121732816
GAPB,39.0,3,-0.26961470347985994
GAPB,39.1,3,-0.27844380069962327
GAPB,39.2,3,-0.2871332656841368
GAPB,39.300000000000004,3,-0.2956682487353586
GAPB,39.400000000000006,3,-0.30403437816393186
GAPB,39.5,3,-0.3122177557072412
GAPB,39.6,3,-0.32020495621983613
GAPB,39.7,3,-0.3279830310549965
GAPB,39.800000000000004,3,-0.3355395146011997
GAPB,39.900000000000006,3,-0.3428624334778618
GAPB,40.0,3,-0.3499410344044236
GAPB,40.1,3,-0.35676584217978125
GAPB,40.2,3,-0.3633283658894868
GAPB,40.300000000000004,3,-0.3696208797358551
GAPB,40.400000000000006,3,-0.3756362639116979
GAPB,40.5,3,-0.3813678934063294
GAPB,40.6,3,-0.38680956471093886
GAPB,40.7,3,-0.3919554521377364
GAPB,40.800000000000004,3,-0.3968000869335757
GAPB,40.900000000000006,3,-0.401338353596822
GAPB,41.0,3,-0.40556549883299375
GAPB,41.1,3,-0.40947714944127256
GAPB,41.2,3,-0.41306933613723196
GAPB,41.300000000000004,3,-0.4163385209096546
GAPB,41.400000000000006,3,-0.4192816260004477
GAPB,41.5,3,-0.42189606300275173
GAPB,41.6,3,-0.4241797609072364
GAPB,41.7,3,-0.42613311152019584
GAPB,41.800000000000004,3,-0.4277587178722655
GAPB,41.900000000000006,3,-0.4290608135638312
GAPB,42.0,3,-0.4300448022344092
GAPB,42.1,3,-0.43071689648530587
GAPB,42.2,3,-0.43108383875302536
GAPB,42.300000000000004,3,-0.43115268934389306
GAPB,42.400000000000006,3,-0.43093066916068423
GAPB,42.5,3,-0.4304250466337489
GAPB,42.6,3,-0.42964306005989883
GAPB,42.7,3,-0.42859186799300275
GAPB,42.800000000000004,3,-0.4272785215566248
GAPB,42.900000000000006,3,-0.4257099535914133
GAPB,43.0,3,-0.42389829337776774
GAPB,43.1,3,-0.4218605181140873
GAPB,43.2,3,-0.41961292525259
GAPB,43.300000000000004,3,-0.4171793435497353
GAPB,43.400000000000006,3,-0.414579692284212
GAPB,43.5,3,-0.411830536342471
GAPB,43.6,3,-0.40894557484753946
GAPB,43.7,3,-0.40593607082682226
GAPB,43.800000000000004,3,-0.402811228536077
GAPB,43.900000000000006,3,-0.399578524294089
GAPB,44.0,3,-0.39624399601795446
GAPB,44.1,3,-0.392812496067215
GAPB,44.2,3,-0.38928791149457
GAPB,44.300000000000004,3,-0.3856733553512637
GAPB,44.400000000000006,3,-0.381984789654636
GAPB,44.5,3,-0.37826670923531047
GAPB,44.6,3,-0.3745155045848261
GAPB,44.7,3,-0.3707278326862191
GAPB,44.800000000000004,3,-0.3669006321790196
GAPB,44.900000000000006,3,-0.3630311354852065
GAPB,45.0,3,-0.3591168781315446
GAPB,45.1,3,-0.3551557054928054
GAPB,45.2,3,-0.3511457771694051
GAPB,45.300000000000004,3,-0.3470855692021786
GAPB,45.400000000000006,3,-0.34297387431628046
GAPB,45.5,3,-0.3388098003755733
GAPB,45.6,3,-0.33459276721854536
GAPB,45.7,3,-0.33032250203664226
GAPB,45.800000000000004,3,-0.3259990334459619
GAPB,45.900000000000006,3,-0.32162268439373065
GAPB,46.0,3,-0.31727775210377374
GAPB,46.1,3,-0.31300542167318923
GAPB,46.2,3,-0.3087948393587734
GAPB,46.300000000000004,3,-0.3046359824293301
GAPB,46.400000000000006,3,-0.3005196226633604
GAPB,46.5,3,-0.29643729061914215
GAPB,46.6,3,-0.29238148521607776
GAPB,46.7,3,-0.28834563747755837
GAPB,46.800000000000004,3,-0.28432402752577524
GAPB,46.900000000000006,3,-0.2803117078568551
GAPB,47.0,3,-0.2763044324873718
GAPB,47.1,3,-0.2722985915916425
GAPB,47.2,3,-0.268291151275049
GAPB,47.300000000000004,3,-0.264279598152104
GAPB,47.400000000000006,3,-0.26026188841921005
GAPB,47.5,3,-0.25623640113135693
GAPB,47.6,3,-0.25220189540950244
GAPB,47.7,3,-0.24815747132123178
GAPB,47.800000000000004,3,-0.24410253419173067
GAPB,47.900000000000006,3,-0.24003676211524017
GAPB,48.0,3,-0.23596007644914074
GAPB,48.1,3,-0.23187261508382484
GAPB,48.2,3,-0.22777470829166724
GAPB,48.300000000000004,3,-0.22366685696777466
GAPB,48.400000000000006,3,-0.21954971308401028
GAPB,48.5,3,-0.2154240621860417
GAPB,48.6,3,-0.2112908077710376
GAPB,48.7,3,-0.20715095739112144
GAPB,48.800000000000004,3,-0.2030056103349942
GAPB,48.900000000000006,3,-0.19885594674722284
GAPB,49.0,3,-0.1947032180515862
GAPB,49.1,3,-0.19054873855178478
GAPB,49.2,3,-0.1863938780895662
GAPB,49.300000000000004,3,-0.18224005564709955
GAPB,49.400000000000006,3,-0.17808873378714374
GAPB,49.5,3,-0.17394499762114357
GAPB,49.6,3,-0.16981567707462553
GAPB,49.7,3,-0.1657068617416293
GAPB,49.800000000000004,3,-0.16162395606660418
GAPB,49.900000000000006,3,-0.15757173128847235
GAPB,50.0,3,-0.1535543743110246
GAPB,50.1,3,-0.14957553365579557
GAPB,50.2,3,-0.1456383626462916
GAPB,50.300000000000004,3,-0.14174555996603466
GAPB,50.400000000000006,3,-0.13789940772697662
GAPB,50.5,3,-0.13410180717945508
GAPB,50.6,3,-0.1303543121898496
GAPB,50.7,3,-0.12665816060729185
GAPB,50.800000000000004,3,-0.12301430363622678
GAPB,50.900000000000006,3,-0.11942343332708205
GAPB,51.0,3,-0.1158860082929003
GAPB,51.1,3,-0.11240227775528666
GAPB,51.2,3,-0.10897230401854863
GAPB,51.300000000000004,3,-0.10559598346632626
GAPB,51.400000000000006,3,-0.1022730661703779
GAPB,51.5,3,-0.09900317419647209
GAPB,51.6,3,-0.09578581868753844
GAPB,51.7,3,-0.09262041579943414
GAPB,51.800000000000004,3,-0.08950630155976746
GAPB,51.900000000000006,3,-0.0864427457154271
GAPB,52.0,3,-0.08342896462959715
GAPB,52.1,3,-0.08046413328430724
GAPB,52.2,3,-0.07754751639538782
GAPB,52.300000000000004,3,-0.07467870953271394
GAPB,52.400000000000006,3,-0.07190826842339426
GAPB,52.5,3,-0.06929563782132142
GAPB,52.6,3,-0.0668312964038087
GAPB,52.7,3,-0.06450622821031438
GAPB,52.800000000000004,3,-0.06231187836099217
GAPB,52.900000000000006,3,-0.060240113559144604
GAPB,53.0,3,-0.058283186958831834
GAPB,53.1,3,-0.05643370700971673
GAPB,53.2,3,-0.054684609919911864
GAPB,53.300000000000004,3,-0.05302913540426779
GAPB,53.400000000000006,3,-0.051460805410311394
GAPB,53.5,3,-0.04997340553701335
GAPB,53.6,3,-0.0485609688829598
GAPB,53.7,3,-0.04721776208024764
GAPB,53.800000000000004,3,-0.045938273288845366
GAPB,53.900000000000006,3,-0.04471720194316653
GAPB,54.0,3,-0.04354945005841948
GAPB,54.1,3,-0.042430114918978745
GAPB,54.2,3,-0.041354482984614194
GAPB,54.300000000000004,3,-0.04031802486310809
GAPB,54.400000000000006,3,-0.03931639120953356
GAPB,54.5,3,-0.03834540942350273
GAPB,54.6,3,-0.03740108102592998
GAPB,54.7,3,-0.03647957960646586
GAPB,54.800000000000004,3,-0.03557724924181649
GAPB,54.900000000000006,3,-0.03469060329364737
GAPB,55.0,3,-0.0338163235028226
GAPB,55.1,3,-0.03295288497048965
GAPB,55.2,3,-0.03210697975318055
GAPB,55.300000000000004,3,-0.0312837769896408
GAPB,55.400000000000006,3,-0.030487127391900515
GAPB,55.5,3,-0.029719744407934456
GAPB,55.6,3,-0.028983364596122385
GAPB,55.7,3,-0.028278889478620783
GAPB,55.800000000000004,3,-0.027606510896657
GAPB,55.900000000000006,3,-0.026965821672657597
GAPB,56.0,3,-0.026355913189572533
GAPB,56.1,3,-0.025775461324164084
GAPB,56.2,3,-0.0252228020163745
GAPB,56.300000000000004,3,-0.024695997619032184
GAPB,56.400000000000006,3,-0.024192895049395702
GAPB,56.5,3,-0.02371117665469491
GAPB,56.6,3,-0.02324840460643607
GAPB,56.7,3,-0.02280205955149306
GAPB,56.800000000000004,3,-0.02236957417065888
GAPB,56.900000000000006,3,-0.02194836222643204
GAPB,57.0,3,-0.021536975801849323
GAPB,57.1,3,-0.02113439042701515
GAPB,57.2,3,-0.02073947166148926
GAPB,57.300000000000004,3,-0.02035099310202959
GAPB,57.400000000000006,3,-0.019976145570874237
GAPB,57.5,3,-0.01964898289670103
GAPB,57.6,3,-0.019361720484299738
GAPB,57.7,3,-0.019107128696154163
GAPB,57.800000000000004,3,-0.018878491217591886
GAPB,57.900000000000006,3,-0.01866956781459095
GAPB,58.0,3,-0.018490015502610646
GAPB,58.1,3,-0.018456667331225418
GAPB,58.2,3,-0.01854956484928394
GAPB,58.300000000000004,3,-0.018750511959076732
GAPB,58.400000000000006,3,-0.01904289904265788
GAPB,58.5,3,-0.019411546515495814
GAPB,58.6,3,-0.01984256572244192
GAPB,58.7,3,-0.020323235303095544
GAPB,58.800000000000004,3,-0.020841891346112362
GAPB,58.900000000000006,3,-0.02138782982623333
GAPB,59.0,3,-0.021951219975212766
GAPB,59.1,3,-0.02252302737973899
GAPB,59.2,3,-0.02309494572727111
GAPB,59.300000000000004,3,-0.02365933623559968
GAPB,59.400000000000006,3,-0.024209173905227033
GAPB,59.5,3,-0.02473799982631597
GAPB,59.6,3,-0.025239878855032316
GAPB,59.7,3,-0.02572928593277446
GAPB,59.800000000000004,3,-0.026224056449766664
GAPB,59.900000000000006,3,-0.02671765633650125
GAPB,60.0,3,-0.027203919864252413
GAPB,60.1,3,-0.027677026597061172
GAPB,60.2,3,-0.02813148166793411
GAPB,60.300000000000004,3,-0.02856259373910852
GAPB,60.400000000000006,3,-0.028966369557638316
GAPB,60.5,3,-0.02933939902568561
GAPB,60.6,3,-0.029678758032140706
GAPB,60.7,3,-0.029981926751954546
GAPB,60.800000000000004,3,-0.030246721387197084
GAPB,60.900000000000006,3,-0.03047123756104675
GAPB,61.0,3,-0.03065380378595961
GAPB,61.1,3,-0.03079294361327989
GAPB,61.2,3,-0.030887345236029873
GAPB,61.300000000000004,3,-0.030935837462097382
GAPB,61.400000000000006,3,-0.030937371103711087
GAPB,61.5,3,-0.030891004942832367
GAPB,61.6,3,-0.03079589553271589
GAPB,61.7,3,-0.030651290184952273
GAPB,61.800000000000004,3,-0.030456522570220912
GAPB,61.900000000000006,3,-0.03021101043100316
GAPB,62.0,3,-0.029914254966760367
GAPB,62.1,3,-0.029565841507526613
GAPB,62.2,3,-0.029165441141449477
GAPB,62.300000000000004,3,-0.028712813006180227
GAPB,62.400000000000006,3,-0.028207879998625174
GAPB,62.5,3,-0.02765332486764116
GAPB,62.6,3,-0.027052439195568212
GAPB,62.7,3,-0.026408064488409266
GAPB,62.800000000000004,3,-0.025722651000258168
GAPB,62.900000000000006,3,-0.024998310906825694
GAPB,63.0,3,-0.024236866265225032
GAPB,63.1,3,-0.023439892165805887
GAPB,63.2,3,-0.02261681775812896
GAPB,63.300000000000004,3,-0.02177745777779272
GAPB,63.400000000000006,3,-0.020929876066563935
GAPB,63.5,3,-0.020080616075260238
GAPB,63.6,3,-0.019234904659713337
GAPB,63.7,3,-0.018396832035312727
GAPB,63.800000000000004,3,-0.01756951046550448
GAPB,63.900000000000006,3,-0.016755213998763452
GAPB,64.0,3,-0.015955501333802857
GAPB,64.10000000000001,3,-0.015171323681569149
GAPB,64.2,3,-0.014403119302411227
GAPB,64.3,3,-0.013650896225579245
GAPB,64.4,3,-0.012914304503821583
GAPB,64.5,3,-0.012192699216681646
GAPB,64.60000000000001,3,-0.011485195310434904
GAPB,64.7,3,-0.010790715249187954
GAPB,64.8,3,-0.010108030349105235
GAPB,64.9,3,-0.009435796575036903
GAPB,65.0,3,-0.00877258549494897
GAPB,0.0,4,0.0
GAPB,0.1,4,-0.0008469648204272318
GAPB,0.2,4,-0.001679983708470445
GAPB,0.30000000000000004,4,-0.0024965831674297334
GAPB,0.4,4,-0.003295112835571601
GAPB,0.5,4,-0.004074440952368974
GAPB,0.6000000000000001,4,-0.00483372252280212
GAPB,0.7000000000000001,4,-0.005572226765551136
GAPB,0.8,4,-0.006289212584524861
GAPB,0.9,4,-0.00698384263677454
GAPB,1.0,4,-0.007655128129538724
GAPB,1.1,4,-0.008301897804050995
GAPB,1.2000000000000002,4,-0.008922785687566659
GAPB,1.3,4,-0.009516352285436014
GAPB,1.4000000000000001,4,-0.010084585506941579
GAPB,1.5,4,-0.010633749274926885
GAPB,1.6,4,-0.011168748556695363
GAPB,1.7000000000000002,4,-0.011693291359003766
GAPB,1.8,4,-0.012210035914993256
GAPB,1.9000000000000001,4,-0.012720724240828929
GAPB,2.0,4,-0.01323700244399717
GAPB,2.1,4,-0.013780965270846934
GAPB,2.2,4,-0.014349639588926877
GAPB,2.3000000000000003,4,-0.014939318227931153
GAPB,2.4000000000000004,4,-0.015545737074466714
GAPB,2.5,4,-0.016164225840217483
GAPB,2.6,4,-0.016789835911064088
GAPB,2.7,4,-0.01741744827415559
GAPB,2.8000000000000003,4,-0.018041864157673615
GAPB,2.9000000000000004,4,-0.018657880698210505
GAPB,3.0,4,-0.019260353668329344
GAPB,3.1,4,-0.019844249047496376
GAPB,3.2,4,-0.0204046849993329
GAPB,3.3000000000000003,4,-0.020936965623665316
GAPB,3.4000000000000004,4,-0.021436607680122677
GAPB,3.5,4,-0.021900456803630064
GAPB,3.6,4,-0.022329795626642834
GAPB,3.7,4,-0.022725207558220717
GAPB,3.8000000000000003,4,-0.023086693500841804
GAPB,3.9000000000000004,4,-0.023413791385939575
GAPB,4.0,4,-0.023705710599587704
GAPB,4.1000000000000005,4,-0.023961445178700913
GAPB,4.2,4,-0.024179868321898113
GAPB,4.3,4,-0.02440363190930306
GAPB,4.4,4,-0.024743008830167668
GAPB,4.5,4,-0.02517926069483778
GAPB,4.6000000000000005,4,-0.025695439772846385
GAPB,4.7,4,-0.026276220232995584
GAPB,4.800000000000001,4,-0.02690774328973511
GAPB,4.9,4,-0.027577475598294043
GAPB,5.0,4,-0.028274080185420658
GAPB,5.1000000000000005,4,-0.028987299169777714
GAPB,5.2,4,-0.02970784751147093
GAPB,5.300000000000001,4,-0.030427317030001788
GAPB,5.4,4,-0.03113809276819879
GAPB,5.5,4,-0.03183327993984442
GAPB,5.6000000000000005,4,-0.03250663769385831
GAPB,5.7,4,-0.03315251917978479
GAPB,5.800000000000001,4,-0.033765817426752776
GAPB,5.9,4,-0.034341916575606035
GAPB,6.0,4,-0.03487664803113155
GAPB,6.1000000000000005,4,-0.03536726291327952
GAPB,6.2,4,-0.035862081595279705
GAPB,6.300000000000001,4,-0.03635462078574747
GAPB,6.4,4,-0.036838859679026115
GAPB,6.5,4,-0.037309192835000005
GAPB,6.6000000000000005,4,-0.037760389508093795
GAPB,6.7,4,-0.03818755872196178
GAPB,6.800000000000001,4,-0.03858621108512139
GAPB,6.9,4,-0.0389526397829858
GAPB,7.0,4,-0.03928377934554739
GAPB,7.1000000000000005,4,-0.039577086307971854
GAPB,7.2,4,-0.039830438994863826
GAPB,7.300000000000001,4,-0.040042053973314395
GAPB,7.4,4,-0.04021041699939509
GAPB,7.5,4,-0.04033422653115615
GAPB,7.6000000000000005,4,-0.040412348101744655
GAPB,7.7,4,-0.04044377804205723
GAPB,7.800000000000001,4,-0.040427615216136914
GAPB,7.9,4,-0.04036303958676157
GAPB,8.0,4,-0.04024929656558207
GAPB,8.1,4,-0.040085686223896744
GAPB,8.200000000000001,4,-0.03987155654832364
GAPB,8.3,4,-0.03960630002203658
GAPB,8.4,4,-0.039289352898242313
GAPB,8.5,4,-0.038920196609494084
GAPB,8.6,4,-0.03849836082538438
GAPB,8.700000000000001,4,-0.03802342773316525
GAPB,8.8,4,-0.0374967281488896
GAPB,8.9,4,-0.03692107960602797
GAPB,9.0,4,-0.036298682386791015
GAPB,9.1,4,-0.0356312186470813
GAPB,9.200000000000001,4,-0.03491999145112423
GAPB,9.3,4,-0.03416614923144401
GAPB,9.4,4,-0.03337070388607799
GAPB,9.5,4,-0.03253454866753103
GAPB,9.600000000000001,4,-0.031658475615696346
GAPB,9.700000000000001,4,-0.03074319233883749
GAPB,9.8,4,-0.029799396266961153
GAPB,9.9,4,-0.02883590089531296
GAPB,10.0,4,-0.027859874488221692
GAPB,10.100000000000001,4,-0.026877059671125636
GAPB,10.200000000000001,4,-0.0258919677989784
GAPB,10.3,4,-0.02490805077614411
GAPB,10.4,4,-0.023927852737363864
GAPB,10.5,4,-0.022953143759812278
GAPB,10.600000000000001,4,-0.021985037559854703
GAPB,10.700000000000001,4,-0.02102409493265789
GAPB,10.8,4,-0.020070414516109025
GAPB,10.9,4,-0.019123712300750384
GAPB,11.0,4,-0.01818339116280221
GAPB,11.100000000000001,4,-0.017248604069985518
GAPB,11.200000000000001,4,-0.016318315767678726
GAPB,11.3,4,-0.015391354457449324
GAPB,11.4,4,-0.0144664549518847
GAPB,11.5,4,-0.013542294587834292
GAPB,11.600000000000001,4,-0.012617523003905617
GAPB,11.700000000000001,4,-0.011690786734082081
GAPB,11.8,4,-0.010814341547726869
GAPB,11.9,4,-0.009985853199541594
GAPB,12.0,4,-0.009199604209698009
GAPB,12.100000000000001,4,-0.008450071823913774
GAPB,12.200000000000001,4,-0.007731969607172928
GAPB,12.3,4,-0.007040275230052018
GAPB,12.4,4,-0.006370247387527783
GAPB,12.5,4,-0.005717434275318567
GAPB,12.600000000000001,4,-0.005077675612303878
GAPB,12.700000000000001,4,-0.004606259259464451
GAPB,12.8,4,-0.004315492899625184
GAPB,12.9,4,-0.004179162938738656
GAPB,13.0,4,-0.0041736404152175055
GAPB,13.100000000000001,4,-0.004277618985629061
GAPB,13.200000000000001,4,-0.004471879055348182
GAPB,13.3,4,-0.004739075692951289
GAPB,13.4,4,-0.005063548134090823
GAPB,13.5,4,-0.00543114884389162
GAPB,13.600000000000001,4,-0.005829090264549919
GAPB,13.700000000000001,4,-0.006245807525729674
GAPB,13.8,4,-0.006670835538368891
GAPB,13.9,4,-0.007094699027437201
GAPB,14.0,4,-0.007508817994855477
GAPB,14.100000000000001,4,-0.007905448486953404
GAPB,14.200000000000001,4,-0.008277777741504622
GAPB,14.3,4,-0.008619796610204844
GAPB,14.4,4,-0.008926188879838648
GAPB,14.5,4,-0.009200559316436596
GAPB,14.600000000000001,4,-0.009480553163960792
GAPB,14.700000000000001,4,-0.009758562730862508
GAPB,14.8,4,-0.01002740717949635
GAPB,14.9,4,-0.010280305801140699
GAPB,15.0,4,-0.010511154509371679
GAPB,15.100000000000001,4,-0.010714511473032928
GAPB,15.200000000000001,4,-0.01088549149081608
GAPB,15.3,4,-0.01101967589755759
GAPB,15.4,4,-0.01111303601598479
GAPB,15.5,4,-0.01116186839143296
GAPB,15.600000000000001,4,-0.011162740246625447
GAPB,15.700000000000001,4,-0.011112443771510883
GAPB,15.8,4,-0.011007958021940212
GAPB,15.9,4,-0.010846498282754524
GAPB,16.0,4,-0.010625558563793547
GAPB,16.1,4,-0.01034287450736926
GAPB,16.2,4,-0.009996390678683298
GAPB,16.3,4,-0.009584231747650662
GAPB,16.400000000000002,4,-0.009104677111727355
GAPB,16.5,4,-0.008556138548598824
GAPB,16.6,4,-0.007937140525266173
GAPB,16.7,4,-0.007246302826080964
GAPB,16.8,4,-0.006482325196884631
GAPB,16.900000000000002,4,-0.005643973735523389
GAPB,17.0,4,-0.004730068790752995
GAPB,17.1,4,-0.003739474161811529
GAPB,17.2,4,-0.002671087419777507
GAPB,17.3,4,-0.0015238311991527809
GAPB,17.400000000000002,4,-0.0002966453338739683
GAPB,17.5,4,0.0010115202639262577
GAPB,17.6,4,0.0024017120616566245
GAPB,17.7,4,0.0038749787591019214
GAPB,17.8,4,0.005432376576127496
GAPB,17.900000000000002,4,0.007070155399109268
GAPB,18.0,4,0.00878255673138284
GAPB,18.1,4,0.010564905442960182
GAPB,18.2,4,0.01241350825835319
GAPB,18.3,4,0.014325561359028072
GAPB,18.400000000000002,4,0.016299066196904022
GAPB,18.5,4,0.018332752683109632
GAPB,18.6,4,0.020426008979935517
GAPB,18.7,4,0.022578817183791955
GAPB,18.8,4,0.02479169424360883
GAPB,18.900000000000002,4,0.027065637512668772
GAPB,19.0,4,0.029402074382648635
GAPB,19.1,4,0.03180281549696673
GAPB,19.200000000000003,4,0.03427001108640226
GAPB,19.3,4,0.03680611001371403
GAPB,19.400000000000002,4,0.03941382115561076
GAPB,19.5,4,0.04209607679004712
GAPB,19.6,4,0.044855997694584815
GAPB,19.700000000000003,4,0.04769685969737836
GAPB,19.8,4,0.050622061456417455
GAPB,19.900000000000002,4,0.053635093274893464
GAPB,20.0,4,0.056739506791092964
GAPB,20.1,4,0.059938885409930975
GAPB,20.200000000000003,4,0.06323681537030446
GAPB,20.3,4,0.06663685736775271
GAPB,20.400000000000002,4,0.07014251867552268
GAPB,20.5,4,0.07375722572904309
GAPB,20.6,4,0.07748429715904948
GAPB,20.700000000000003,4,0.0813269172771367
GAPB,20.8,4,0.08520659368108596
GAPB,20.900000000000002,4,0.0890650386056393
GAPB,21.0,4,0.09291834388949383
GAPB,21.1,4,0.09678148377421536
GAPB,21.200000000000003,4,0.10066836845966343
GAPB,21.3,4,0.10459189168768646
GAPB,21.400000000000002,4,0.10856397296077525
GAPB,21.5,4,0.11259559496570404
GAPB,21.6,4,0.11669683673741638
GAPB,21.700000000000003,4,0.12087690306521282
GAPB,21.8,4,0.12514415061166417
GAPB,21.900000000000002,4,0.12950611118435162
GAPB,22.0,4,0.1339695125715199
GAPB,22.1,4,0.13854029732478246
GAPB,22.200000000000003,4,0.14322363984515363
GAPB,22.3,4,0.14802396210273905
GAPB,22.400000000000002,4,0.15294494829539218
GAPB,22.5,4,0.15798955872737785
GAPB,22.6,4,0.1631600431656164
GAPB,22.700000000000003,4,0.16845795390836038
GAPB,22.8,4,0.1738841587790514
GAPB,22.900000000000002,4,0.1794388542367571
GAPB,23.0,4,0.1851215787737921
GAPB,23.1,4,0.19093122675106322
GAPB,23.200000000000003,4,0.1968660628021972
GAPB,23.3,4,0.20292373691867738
GAPB,23.400000000000002,4,0.2091013003100528
GAPB,23.5,4,0.215395222115772
GAPB,23.6,4,0.22180021083755008
GAPB,23.700000000000003,4,0.22830450720230822
GAPB,23.8,4,0.23489671660145817
GAPB,23.900000000000002,4,0.24156574628789151
GAPB,24.0,4,0.24830075298906173
GAPB,24.1,4,0.2550910645149891
GAPB,24.200000000000003,4,0.26192607703752735
GAPB,24.3,4,0.2687951825991721
GAPB,24.400000000000002,4,0.2756877218229121
GAPB,24.5,4,0.28259295745573176
GAPB,24.6,4,0.28950006496057945
GAPB,24.700000000000003,4,0.2963981368835711
GAPB,24.8,4,0.30327619817319196
GAPB,24.900000000000002,4,0.31012323002321374
GAPB,25.0,4,0.3169282001575837
GAPB,25.1,4,0.3236800977792509
GAPB,25.200000000000003,4,0.3303679716708494
GAPB,25.3,4,0.33698097016799444
GAPB,25.400000000000002,4,0.3435081990051927
GAPB,25.5,4,0.3499376564603427
GAPB,25.6,4,0.3562566039383501
GAPB,25.700000000000003,4,0.36245188481950663
GAPB,25.8,4,0.3685101970471134
GAPB,25.900000000000002,4,0.374418324429568
GAPB,26.0,4,0.3801633311714898
GAPB,26.1,4,0.3857327237245336
GAPB,26.200000000000003,4,0.39111458365942653
GAPB,26.3,4,0.39629767490427525
GAPB,26.400000000000002,4,0.40127152836836544
GAPB,26.5,4,0.40594918040089745
GAPB,26.6,4,0.410259796149699
GAPB,26.700000000000003,4,0.41420578696207855
GAPB,26.8,4,0.4177806136753013
GAPB,26.900000000000002,4,0.4209708577117137
GAPB,27.0,4,0.42376701397519767
GAPB,27.1,4,0.4261631589934005
GAPB,27.200000000000003,4,0.4281566304808351
GAPB,27.3,4,0.42974771968379955
GAPB,27.400000000000002,4,0.430939377475168
GAPB,27.5,4,0.4317369348389537
GAPB,27.6,4,0.43214783811285784
GAPB,27.700000000000003,4,0.4321813991341177
GAPB,27.8,4,0.4318485602532647
GAPB,27.900000000000002,4,0.43116167403579553
GAPB,28.0,4,0.4299171004362581
GAPB,28.1,4,0.4281221798933892
GAPB,28.200000000000003,4,0.4258294346767535
GAPB,28.3,4,0.4230883381835824
GAPB,28.400000000000002,4,0.41994544562661495
GAPB,28.5,4,0.4164445188716783
GAPB,28.6,4,0.4126266458344823
GAPB,28.700000000000003,4,0.40853035478802013
GAPB,28.8,4,0.40419172388652136
GAPB,28.900000000000002,4,0.39964448617644166
GAPB,29.0,4,0.3949201303370202
GAPB,29.1,4,0.39004799737084106
GAPB,29.200000000000003,4,0.3850553734469706
GAPB,29.3,4,0.3799675790845338
GAPB,29.400000000000002,4,0.3747994848148082
GAPB,29.5,4,0.3695578160130779
GAPB,29.6,4,0.3642511127475885
GAPB,29.700000000000003,4,0.3588892250148614
GAPB,29.8,4,0.3534828907308203
GAPB,29.900000000000002,4,0.3480433848050879
GAPB,30.0,4,0.3425822291750471
GAPB,30.1,4,0.3371109550236735
GAPB,30.200000000000003,4,0.33164090957767556
GAPB,30.3,4,0.326183100903112
GAPB,30.400000000000002,4,0.3207480750039977
GAPB,30.5,4,0.31534582030246305
GAPB,30.6,4,0.30998569525154984
GAPB,30.700000000000003,4,0.30467637541642034
GAPB,30.8,4,0.29942581686789005
GAPB,30.900000000000002,4,0.29424123317353157
GAPB,31.0,4,0.28912908365465917
GAPB,31.1,4,0.2840950709098511
GAPB,31.200000000000003,4,0.2791441458938184
GAPB,31.3,4,0.27428051909018336
GAPB,31.400000000000002,4,0.26950767653310415
GAPB,31.5,4,0.2648283996200984
GAPB,31.6,4,0.2602446764506805
GAPB,31.700000000000003,4,0.25575760746797016
GAPB,31.8,4,0.2513673767316096
GAPB,31.900000000000002,4,0.24707326924651696
GAPB,32.0,4,0.24287371928168078
GAPB,32.1,4,0.23876637822089997
GAPB,32.2,4,0.2347481933577722
GAPB,32.300000000000004,4,0.23073672346925989
GAPB,32.4,4,0.2266462138457701
GAPB,32.5,4,0.22249034133691303
GAPB,32.6,4,0.21828064730987862
GAPB,32.7,4,0.21402680331138413
GAPB,32.800000000000004,4,0.20973684768391365
GAPB,32.9,4,0.20541739531809533
GAPB,33.0,4,0.20107382279859998
GAPB,33.1,4,0.19671043120100506
GAPB,33.2,4,0.19233058874213782
GAPB,33.300000000000004,4,0.18793685539295524
GAPB,33.4,4,0.1835310914435624
GAPB,33.5,4,0.1791145518745303
GAPB,33.6,4,0.1746879682446778
GAPB,33.7,4,0.17025161965875313
GAPB,33.800000000000004,4,0.16580539423303264
GAPB,33.9,4,0.16134884233596658
GAPB,34.0,4,0.15688122274661254
GAPB,34.1,4,0.15240154274724027
GAPB,34.2,4,0.1479085930488715
GAPB,34.300000000000004,4,0.14340097834032228
GAPB,34.4,4,0.13887714415228203
GAPB,34.5,4,0.13433519687992046
GAPB,34.6,4,0.12977144194330847
GAPB,34.7,4,0.12518100742962268
GAPB,34.800000000000004,4,0.12055832861321214
GAPB,34.9,4,0.11589751943042081
GAPB,35.0,4,0.1111926526049416
GAPB,35.1,4,0.10643796642346715
GAPB,35.2,4,0.10162801304931968
GAPB,35.300000000000004,4,0.09675776064654862
GAPB,35.4,4,0.09182265939341683
GAPB,35.5,4,0.0868186796280419
GAPB,35.6,4,0.08174232883512111
GAPB,35.7,4,0.07659065290429723
GAPB,35.800000000000004,4,0.07136122602778983
GAPB,35.9,4,0.06605213272347932
GAPB,36.0,4,0.06066194474071196
GAPB,36.1,4,0.055189695005331885
GAPB,36.2,4,0.04963485026684289
GAPB,36.300000000000004,4,0.043997283706747936
GAPB,36.4,4,0.038277248438008726
GAPB,36.5,4,0.03247535255870382
GAPB,36.6,4,0.02659253620777946
GAPB,36.7,4,0.020630050898322594
GAPB,36.800000000000004,4,0.014589441266730674
GAPB,36.9,4,0.008472529268130913
GAPB,37.0,4,0.002281400764381658
GAPB,37.1,4,-0.003981605613427419
GAPB,37.2,4,-0.01031390749437655
GAPB,37.300000000000004,4,-0.016712685890542645
GAPB,37.4,4,-0.023174890639193535
GAPB,37.5,4,-0.029705873587836606
GAPB,37.6,4,-0.036317548363260954
GAPB,37.7,4,-0.043017685216220514
GAPB,37.800000000000004,4,-0.04981058112529091
GAPB,37.9,4,-0.05669762947682777
GAPB,38.0,4,-0.06367780356388053
GAPB,38.1,4,-0.07074806623127472
GAPB,38.2,4,-0.07790371633769944
GAPB,38.300000000000004,4,-0.08513868127035273
GAPB,38.400000000000006,4,-0.09244576350206479
GAPB,38.5,4,-0.09981684809819313
GAPB,38.6,4,-0.10724307713904402
GAPB,38.7,4,-0.11471499620398973
GAPB,38.800000000000004,4,-0.12222267734988002
GAPB,38.900000000000006,4,-0.12975582239495687
GAPB,39.0,4,-0.13730384977834298
GAPB,39.1,4,-0.14485596779416632
GAPB,39.2,4,-0.15240123658935723
GAPB,39.300000000000004,4,-0.15992862095766114
GAPB,39.400000000000006,4,-0.1674270356524783
GAPB,39.5,4,-0.17488538467201664
GAPB,39.6,4,-0.18229259573676337
GAPB,39.7,4,-0.18963765097693042
GAPB,39.800000000000004,4,-0.19690961467247625
GAPB,39.900000000000006,4,-0.20409765873696983
GAPB,40.0,4,-0.21119108650609242
GAPB,40.1,4,-0.21817942301854032
GAPB,40.2,4,-0.22505250120316056
GAPB,40.300000000000004,4,-0.23180051124305656
GAPB,40.400000000000006,4,-0.2384140242805053
GAPB,40.5,4,-0.24500366331914236
GAPB,40.6,4,-0.2515997373950274
GAPB,40.7,4,-0.25817270195034325
GAPB,40.800000000000004,4,-0.26469560599599795
GAPB,40.900000000000006,4,-0.2711438391718133
GAPB,41.0,4,-0.27749490596371196
GAPB,41.1,4,-0.2837282254091793
GAPB,41.2,4,-0.2898249544277789
GAPB,41.300000000000004,4,-0.2957678328145672
GAPB,41.400000000000006,4,-0.30154104790769765
GAPB,41.5,4,-0.3071301169685441
GAPB,41.6,4,-0.3125217853785127
GAPB,41.7,4,-0.31770393884941406
GAPB,41.800000000000004,4,-0.32266570915766835
GAPB,41.900000000000006,4,-0.32739754467628046
GAPB,42.0,4,-0.3318912185988925
GAPB,42.1,4,-0.3361397931342154
GAPB,42.2,4,-0.34013755396758505
GAPB,42.300000000000004,4,-0.3438799260441847
GAPB,42.400000000000006,4,-0.3473633791017843
GAPB,42.5,4,-0.3505853292648986
GAPB,42.6,4,-0.3535440413188855
GAPB,42.7,4,-0.35623853493720503
GAPB,42.800000000000004,4,-0.3586684970756604
GAPB,42.900000000000006,4,-0.36083420192165505
GAPB,43.0,4,-0.36273643915097864
GAPB,43.1,4,-0.3643769514444539
GAPB,43.2,4,-0.36575879159320124
GAPB,43.300000000000004,4,-0.3668861202166198
GAPB,43.400000000000006,4,-0.3677648000462792
GAPB,43.5,4,-0.3684018479493094
GAPB,43.6,4,-0.3688050002776855
GAPB,43.7,4,-0.368982372647638
GAPB,43.800000000000004,4,-0.36894219806738526
GAPB,43.900000000000006,4,-0.3686926297494093
GAPB,44.0,4,-0.36824159701897763
GAPB,44.1,4,-0.36759670451032456
GAPB,44.2,4,-0.3667651663667648
GAPB,44.300000000000004,4,-0.36575376846638363
GAPB,44.400000000000006,4,-0.3645688528116402
GAPB,44.5,4,-0.3632175866653746
GAPB,44.6,4,-0.3617105702650374
GAPB,44.7,4,-0.3600569416251087
GAPB,44.800000000000004,4,-0.3582645728357452
GAPB,44.900000000000006,4,-0.3563402457472744
GAPB,45.0,4,-0.35428980902371343
GAPB,45.1,4,-0.3521183183426757
GAPB,45.2,4,-0.34983016133852196
GAPB,45.300000000000004,4,-0.347429168726725
GAPB,45.400000000000006,4,-0.34493339557932856
GAPB,45.5,4,-0.34239840628008267
GAPB,45.6,4,-0.3398191023989181
GAPB,45.7,4,-0.3371908425412915
GAPB,45.800000000000004,4,-0.3345094343537056
GAPB,45.900000000000006,4,-0.33177112608638204
GAPB,46.0,4,-0.3289725976852189
GAPB,46.1,4,-0.3261152622351329
GAPB,46.2,4,-0.32320278980749073
GAPB,46.300000000000004,4,-0.3202383044286705
GAPB,46.400000000000006,4,-0.3172244545306846
GAPB,46.5,4,-0.31416347717078175
GAPB,46.6,4,-0.31105725642959037
GAPB,46.7,4,-0.3079073889754991
GAPB,46.800000000000004,4,-0.3047152437909002
GAPB,46.900000000000006,4,-0.3014820140119365
GAPB,47.0,4,-0.29820876167589283
GAPB,47.1,4,-0.29489645610676085
GAPB,47.2,4,-0.29154600661029484
GAPB,47.300000000000004,4,-0.28815829009441885
GAPB,47.400000000000006,4,-0.2847341741791336
GAPB,47.5,4,-0.2812745363117788
GAPB,47.6,4,-0.2777802793583142
GAPB,47.7,4,-0.2742523440991871
GAPB,47.800000000000004,4,-0.27069171901900013
GAPB,47.900000000000006,4,-0.26709944774254524
GAPB,48.0,4,-0.2634766344356194
GAPB,48.1,4,-0.2598244474572571
GAPB,48.2,4,-0.25614412152049937
GAPB,48.300000000000004,4,-0.25243695859145276
GAPB,48.400000000000006,4,-0.2487043277310086
GAPB,48.5,4,-0.2449476640602093
GAPB,48.6,4,-0.24116846700862027
GAPB,48.7,4,-0.23736829798523118
GAPB,48.800000000000004,4,-0.23354877759320658
GAPB,48.900000000000006,4,-0.22971158249317192
GAPB,49.0,4,-0.2258686812491817
GAPB,49.1,4,-0.22214893522462376
GAPB,49.2,4,-0.21854110161603302
GAPB,49.300000000000004,4,-0.21503460161862797
GAPB,49.400000000000006,4,-0.2116194893264307
GAPB,49.5,4,-0.20828642208707215
GAPB,49.6,4,-0.20502681689910496
GAPB,49.7,4,-0.20183290186196423
GAPB,49.800000000000004,4,-0.1986976369732023
GAPB,49.900000000000006,4,-0.19561464211050072
GAPB,50.0,4,-0.19257813167395987
GAPB,50.1,4,-0.18958285539793884
GAPB,50.2,4,-0.18662404487302453
GAPB,50.300000000000004,4,-0.18369736534776315
GAPB,50.400000000000006,4,-0.18079887240677195
GAPB,50.5,4,-0.17792497314688838
GAPB,50.6,4,-0.17507239149628617
GAPB,50.7,4,-0.1722381373431272
GAPB,50.800000000000004,4,-0.16941947916050637
GAPB,50.900000000000006,4,-0.16661391983321394
GAPB,51.0,4,-0.1638191754094418
GAPB,51.1,4,-0.16103315651702843
GAPB,51.2,4,-0.15825395219933647
GAPB,51.300000000000004,4,-0.15547981594043314
GAPB,51.400000000000006,4,-0.15270915366309445
GAPB,51.5,4,-0.1499405134962437
GAPB,51.6,4,-0.14717257712099752
GAPB,51.7,4,-0.14440415251645256
GAPB,51.800000000000004,4,-0.1416341679378732
GAPB,51.900000000000006,4,-0.13886166697105828
GAPB,52.0,4,-0.13608580451740515
GAPB,52.1,4,-0.13330584357460395
GAPB,52.2,4,-0.13052115268804343
GAPB,52.300000000000004,4,-0.12773121013658084
GAPB,52.400000000000006,4,-0.12493562012143755
GAPB,52.5,4,-0.12213673569648442
GAPB,52.6,4,-0.11933997306342725
GAPB,52.7,4,-0.11655009861679666
GAPB,52.800000000000004,4,-0.11377129433808086
GAPB,52.900000000000006,4,-0.11100721706630878
GAPB,53.0,4,-0.10826105218819393
GAPB,53.1,4,-0.10553556224476246
GAPB,53.2,4,-0.10283313090945612
GAPB,53.300000000000004,4,-0.10015580275450198
GAPB,53.400000000000006,4,-0.09750531918758121
GAPB,53.5,4,-0.09488315090911215
GAPB,53.6,4,-0.09229052721141962
GAPB,53.7,4,-0.0897284624145378
GAPB,53.800000000000004,4,-0.08719777970899578
GAPB,53.900000000000006,4,-0.08469913265344609
GAPB,54.0,4,-0.08223302455433945
GAPB,54.1,4,-0.07979982593559498
GAPB,54.2,4,-0.07739979028851707
GAPB,54.300000000000004,4,-0.0750330682756104
GAPB,54.400000000000006,4,-0.07269972054659135
GAPB,54.5,4,-0.07039972931048055
GAPB,54.6,4,-0.06813300879427153
GAPB,54.7,4,-0.06589941470613425
GAPB,54.800000000000004,4,-0.06369875280936377
GAPB,54.900000000000006,4,-0.06153078670235956
GAPB,55.0,4,-0.05939524488974257
GAPB,55.1,4,-0.05729182722017079
GAPB,55.2,4,-0.05522029448578536
GAPB,55.300000000000004,4,-0.05318088389109654
GAPB,55.400000000000006,4,-0.05120747154379579
GAPB,55.5,4,-0.04938039732942734
GAPB,55.6,4,-0.047690673578022924
GAPB,55.7,4,-0.04612981036351016
GAPB,55.800000000000004,4,-0.04468974793051572
GAPB,55.900000000000006,4,-0.0433627994752257
GAPB,56.0,4,-0.042141602975720005
GAPB,56.1,4,-0.04101908091835682
GAPB,56.2,4,-0.039988406900871354
GAPB,56.300000000000004,4,-0.039042978211819346
GAPB,56.400000000000006,4,-0.038176393591401236
GAPB,56.5,4,-0.03738243547204334
GAPB,56.6,4,-0.03665505607978403
GAPB,56.7,4,-0.03598836685057982
GAPB,56.800000000000004,4,-0.03537663068026653
GAPB,56.900000000000006,4,-0.034814256583972636
GAPB,57.0,4,-0.03429579639118252
GAPB,57.1,4,-0.03381600145833019
GAPB,57.2,4,-0.03336983971975904
GAPB,57.300000000000004,4,-0.03295248454610622
GAPB,57.400000000000006,4,-0.03255930531391549
GAPB,57.5,4,-0.03218629689444796
GAPB,57.6,4,-0.031831436064532426
GAPB,57.7,4,-0.0314924263333598
GAPB,57.800000000000004,4,-0.031166748289242818
GAPB,57.900000000000006,4,-0.0308517051392716
GAPB,58.0,4,-0.030544463889132345
GAPB,58.1,4,-0.030242888509661725
GAPB,58.2,4,-0.02995102905127922
GAPB,58.300000000000004,4,-0.029671748669368725
GAPB,58.400000000000006,4,-0.029406885885565615
GAPB,58.5,4,-0.0291573988455589
GAPB,58.6,4,-0.028923493499450004
GAPB,58.7,4,-0.028704737422607707
GAPB,58.800000000000004,4,-0.028500160809516117
GAPB,58.900000000000006,4,-0.02830834600784371
GAPB,59.0,4,-0.028127506812905878
GAPB,59.1,4,-0.02795555861182386
GAPB,59.2,4,-0.02779018035033154
GAPB,59.300000000000004,4,-0.027628869191781646
GAPB,59.400000000000006,4,-0.02746898864596936
GAPB,59.5,4,-0.027307810863689497
GAPB,59.6,4,-0.027142553720354456
GAPB,59.7,4,-0.02697041324738869
GAPB,59.800000000000004,4,-0.026789618027605044
GAPB,59.900000000000006,4,-0.026599548140190166
GAPB,60.0,4,-0.02640457168290311
GAPB,60.1,4,-0.026227915430895976
GAPB,60.2,4,-0.02606477419660891
GAPB,60.300000000000004,4,-0.02591049460292716
GAPB,60.400000000000006,4,-0.025760635128737164
GAPB,60.5,4,-0.025611009132060047
GAPB,60.6,4,-0.025457711866568644
GAPB,60.7,4,-0.02529713498410935
GAPB,60.800000000000004,4,-0.025125971408566983
GAPB,60.900000000000006,4,-0.024941212951873126
GAPB,61.0,4,-0.024740142608058235
GAPB,61.1,4,-0.024656896037797082
GAPB,61.2,4,-0.024676820596551963
GAPB,61.300000000000004,4,-0.024784323383032714
GAPB,61.400000000000006,4,-0.024965308390553886
GAPB,61.5,4,-0.025207019615095305
GAPB,61.6,4,-0.025497900194713097
GAPB,61.7,4,-0.025827466215210038
GAPB,61.800000000000004,4,-0.02618619389783383
GAPB,61.900000000000006,4,-0.026565418966839616
GAPB,62.0,4,-0.026957247076280666
GAPB,62.1,4,-0.027354474255512073
GAPB,62.2,4,-0.02775051641045323
GAPB,62.300000000000004,4,-0.028139346992457348
GAPB,62.400000000000006,4,-0.028515442017804205
GAPB,62.5,4,-0.028887164034339108
GAPB,62.6,4,-0.02927543456570092
GAPB,62.7,4,-0.029674356727170448
GAPB,62.800000000000004,4,-0.0300784023472751
GAPB,62.900000000000006,4,-0.030482373365403603
GAPB,63.0,4,-0.030881368387335684
GAPB,63.1,4,-0.03127075387939371
GAPB,63.2,4,-0.031646139529755146
GAPB,63.300000000000004,4,-0.03200377257577358
GAPB,63.400000000000006,4,-0.03234052646324592
GAPB,63.5,4,-0.03265378051497869
GAPB,63.6,4,-0.032941318471642944
GAPB,63.7,4,-0.033201243529244806
GAPB,63.800000000000004,4,-0.033431907767152325
GAPB,63.900000000000006,4,-0.033631854100205416
GAPB,64.0,4,-0.0337997691014813
GAPB,64.10000000000001,4,-0.03393444523139877
GAPB,64.2,4,-0.03403475117680088
GAPB,64.3,4,-0.034099609152585586
GAPB,64.4,4,-0.03412797815067847
GAPB,64.5,4,-0.03411884223839401
GAPB,64.60000000000001,4,-0.03407120311229228
GAPB,64.7,4,-0.0339840762060426
GAPB,64.8,4,-0.033856489732933426
GAPB,64.9,4,-0.03368748611676331
GAPB,65.0,4,-0.03347612533003108
GAPB,0.0,5,0.0
GAPB,0.1,5,2.1684577490077572e-05
GAPB,0.2,5,1.4461526809839143e-05
GAPB,0.30000000000000004,5,-1.676573918807378e-05
GAPB,0.4,5,-6.755899179999858e-05
GAPB,0.5,5,-0.0001339696474307317
GAPB,0.6000000000000001,5,-0.00021253131894560795
GAPB,0.7000000000000001,5,-0.0003002309335240483
GAPB,0.8,5,-0.0004175119792630966
GAPB,0.9,5,-0.0006559691406486934
GAPB,1.0,5,-0.0009996281256157147
GAPB,1.1,5,-0.0014340642282224536
GAPB,1.2000000000000002,5,-0.0019462122681002114
GAPB,1.3,5,-0.0025241965733204808
GAPB,1.4000000000000001,5,-0.0031571915527504046
GAPB,1.5,5,-0.003835631460470168
GAPB,1.6,5,-0.004551478066350256
GAPB,1.7000000000000002,5,-0.005297922260769639
GAPB,1.8,5,-0.006069134532280529
GAPB,1.9000000000000001,5,-0.006860057517327434
GAPB,2.0,5,-0.007666234675975048
GAPB,2.1,5,-0.008484688861438272
GAPB,2.2,5,-0.009314755686745002
GAPB,2.3000000000000003,5,-0.010155442856188301
GAPB,2.4000000000000004,5,-0.011005400312720681
GAPB,2.5,5,-0.011862910919029801
GAPB,2.6,5,-0.012725896883962307
GAPB,2.7,5,-0.013591938000578452
GAPB,2.8000000000000003,5,-0.014458298482294296
GAPB,2.9000000000000004,5,-0.015321959789083905
GAPB,3.0,5,-0.01617965734322624
GAPB,3.1,5,-0.017027919458344698
GAPB,3.2,5,-0.017863107158689218
GAPB,3.3000000000000003,5,-0.018681453858729213
GAPB,3.4000000000000004,5,-0.019479104115060153
GAPB,3.5,5,-0.020252150861484353
GAPB,3.6,5,-0.020996774933593088
GAPB,3.7,5,-0.02170966499687843
GAPB,3.8000000000000003,5,-0.022387902368901536
GAPB,3.9000000000000004,5,-0.023028869983015454
GAPB,4.0,5,-0.023630183020223683
GAPB,4.1000000000000005,5,-0.02418964015927294
GAPB,4.2,5,-0.024715142751320585
GAPB,4.3,5,-0.02520695676114748
GAPB,4.4,5,-0.025664205363241877
GAPB,4.5,5,-0.026091809776806585
GAPB,4.6000000000000005,5,-0.02649353728502568
GAPB,4.7,5,-0.02687216345220733
GAPB,4.800000000000001,5,-0.02722961647133637
GAPB,4.9,5,-0.027567105290120963
GAPB,5.0,5,-0.02788568501425992
GAPB,5.1000000000000005,5,-0.02820143886486548
GAPB,5.2,5,-0.028513541815893717
GAPB,5.300000000000001,5,-0.02882047890311057
GAPB,5.4,5,-0.02912021085528238
GAPB,5.5,5,-0.02941031275230621
GAPB,5.6000000000000005,5,-0.029688089734710488
GAPB,5.7,5,-0.02995067298381926
GAPB,5.800000000000001,5,-0.030195098786199637
GAPB,5.9,5,-0.03041837313842244
GAPB,6.0,5,-0.03061752403312923
GAPB,6.1000000000000005,5,-0.030789643289946156
GAPB,6.2,5,-0.030932015761015563
GAPB,6.300000000000001,5,-0.031046955088415373
GAPB,6.4,5,-0.03113603797083364
GAPB,6.5,5,-0.03120023123578264
GAPB,6.6000000000000005,5,-0.031239999743313263
GAPB,6.7,5,-0.03125539792624288
GAPB,6.800000000000001,5,-0.031246147388413803
GAPB,6.9,5,-0.03121171136402978
GAPB,7.0,5,-0.03115139680457446
GAPB,7.1000000000000005,5,-0.031064431443581952
GAPB,7.2,5,-0.030950020745839524
GAPB,7.300000000000001,5,-0.03082564463342763
GAPB,7.4,5,-0.030829941390452476
GAPB,7.5,5,-0.03094445957044556
GAPB,7.6000000000000005,5,-0.031152552659872157
GAPB,7.7,5,-0.031439193039215496
GAPB,7.800000000000001,5,-0.03179080287182501
GAPB,7.9,5,-0.03219510088015198
GAPB,8.0,5,-0.03264096395855631
GAPB,8.1,5,-0.03311830257902315
GAPB,8.200000000000001,5,-0.03361794896688508
GAPB,8.3,5,-0.034131557054630335
GAPB,8.4,5,-0.03465151326049387
GAPB,8.5,5,-0.0351708571824112
GAPB,8.6,5,-0.035683211345375554
GAPB,8.700000000000001,5,-0.03618271918982785
GAPB,8.8,5,-0.03666399053919278
GAPB,8.9,5,-0.0371222146491057
GAPB,9.0,5,-0.03756200384258612
GAPB,9.1,5,-0.03801614992475599
GAPB,9.200000000000001,5,-0.03847831110071809
GAPB,9.3,5,-0.03894246828886416
GAPB,9.4,5,-0.03940290126932133
GAPB,9.5,5,-0.03985416746979631
GAPB,9.600000000000001,5,-0.040291083270460604
GAPB,9.700000000000001,5,-0.04070870770074109
GAPB,9.8,5,-0.041102328394494236
GAPB,9.9,5,-0.04146796768154282
GAPB,10.0,5,-0.04180225009830352
GAPB,10.100000000000001,5,-0.042102289967345996
GAPB,10.200000000000001,5,-0.04236559699375242
GAPB,10.3,5,-0.04258999761301219
GAPB,10.4,5,-0.042773570076111156
GAPB,10.5,5,-0.04291459148089238
GAPB,10.600000000000001,5,-0.04301149515777425
GAPB,10.700000000000001,5,-0.043062836994995024
GAPB,10.8,5,-0.04306726944620465
GAPB,10.9,5,-0.04302352210361349
GAPB,11.0,5,-0.0429303878449403
GAPB,11.100000000000001,5,-0.04278671367393372
GAPB,11.200000000000001,5,-0.042591395602709525
GAPB,11.3,5,-0.042343377200831256
GAPB,11.4,5,-0.04204165101396207
GAPB,11.5,5,-0.04168526217091184
GAPB,11.600000000000001,5,-0.04127331359846487
GAPB,11.700000000000001,5,-0.040804972350800384
GAPB,11.8,5,-0.04027947663652931
GAPB,11.9,5,-0.03969890306550994
GAPB,12.0,5,-0.03906520971568206
GAPB,12.100000000000001,5,-0.0383800782272381
GAPB,12.200000000000001,5,-0.037644948284510704
GAPB,12.3,5,-0.036861051725834315
GAPB,12.4,5,-0.03602944552338805
GAPB,12.5,5,-0.03515104307765249
GAPB,12.600000000000001,5,-0.03422664343680637
GAPB,12.700000000000001,5,-0.03325695818588592
GAPB,12.8,5,-0.03225083190532807
GAPB,12.9,5,-0.031217437829708317
GAPB,13.0,5,-0.030164280553352185
GAPB,13.100000000000001,5,-0.02909742409938154
GAPB,13.200000000000001,5,-0.02802169292957224
GAPB,13.3,5,-0.026940848753110203
GAPB,13.4,5,-0.025857745724815473
GAPB,13.5,5,-0.024774466378012505
GAPB,13.600000000000001,5,-0.023692440412471427
GAPB,13.700000000000001,5,-0.022612548252112674
GAPB,13.8,5,-0.021535211099063645
GAPB,13.9,5,-0.020460469038818374
GAPB,14.0,5,-0.019388048594386476
GAPB,14.100000000000001,5,-0.018317421180398696
GAPB,14.200000000000001,5,-0.017247854852231015
GAPB,14.3,5,-0.01617846774528431
GAPB,14.4,5,-0.015108271722668931
GAPB,14.5,5,-0.014036207711992432
GAPB,14.600000000000001,5,-0.012961602651154536
GAPB,14.700000000000001,5,-0.011885895056222395
GAPB,14.8,5,-0.010810183997753242
GAPB,14.9,5,-0.009735263663348093
GAPB,15.0,5,-0.008685300831928089
GAPB,15.100000000000001,5,-0.00769059235539693
GAPB,15.200000000000001,5,-0.006743257280341197
GAPB,15.3,5,-0.00583596786561813
GAPB,15.4,5,-0.004961925276685264
GAPB,15.5,5,-0.00411483100186949
GAPB,15.600000000000001,5,-0.0032888555974874834
GAPB,15.700000000000001,5,-0.00260259699237686
GAPB,15.8,5,-0.002106844564741195
GAPB,15.9,5,-0.001773627320185156
GAPB,16.0,5,-0.0015776889260763483
GAPB,16.1,5,-0.0014962157846660773
GAPB,16.2,5,-0.001508590768523277
GAPB,16.3,5,-0.0015961704205462723
GAPB,16.400000000000002,5,-0.0017420835788151123
GAPB,16.5,5,-0.001931049539043883
GAPB,16.6,5,-0.002149214013140721
GAPB,16.7,5,-0.002384001280704595
GAPB,16.8,5,-0.002623981060732916
GAPB,16.900000000000002,5,-0.002858748753222784
GAPB,17.0,5,-0.0030788178147549417
GAPB,17.1,5,-0.0032755231386136785
GAPB,17.2,5,-0.0034409344088341953
GAPB,17.3,5,-0.0036012560341482924
GAPB,17.400000000000002,5,-0.0037689679876020676
GAPB,17.5,5,-0.003935024093552286
GAPB,17.6,5,-0.004090782614355248
GAPB,17.7,5,-0.004227987928343779
GAPB,17.8,5,-0.004338753343240853
GAPB,17.900000000000002,5,-0.004415545031791979
GAPB,18.0,5,-0.00445141520941128
GAPB,18.1,5,-0.0044400789454002165
GAPB,18.2,5,-0.004375828023325923
GAPB,18.3,5,-0.004253455208854007
GAPB,18.400000000000002,5,-0.0040681878830231
GAPB,18.5,5,-0.003815630092786293
GAPB,18.6,5,-0.0034917121560678055
GAPB,18.7,5,-0.0030926470363983327
GAPB,18.8,5,-0.0026148927732094762
GAPB,18.900000000000002,5,-0.0020551203186212064
GAPB,19.0,5,-0.0014101861908564217
GAPB,19.1,5,-0.000677109408673715
GAPB,19.200000000000003,5,0.00014694777893708988
GAPB,19.3,5,0.001064695807720284
GAPB,19.400000000000002,5,0.0020787307553895573
GAPB,19.5,5,0.003191544699697957
GAPB,19.6,5,0.004405533799699768
GAPB,19.700000000000003,5,0.005723004388990205
GAPB,19.8,5,0.007146177338578141
GAPB,19.900000000000002,5,0.008677190918081834
GAPB,20.0,5,0.010318102357132375
GAPB,20.1,5,0.012070888283995274
GAPB,20.200000000000003,5,0.01393744419548959
GAPB,20.3,5,0.015919583091179135
GAPB,20.400000000000002,5,0.01801903338557942
GAPB,20.5,5,0.02023743619462337
GAPB,20.6,5,0.02257634207701642
GAPB,20.700000000000003,5,0.02503720729716541
GAPB,20.8,5,0.027621389664263418
GAPB,20.900000000000002,5,0.03032594674218636
GAPB,21.0,5,0.033144911390589726
GAPB,21.1,5,0.0360732867271345
GAPB,21.200000000000003,5,0.03910693467308235
GAPB,21.3,5,0.04224247416343907
GAPB,21.400000000000002,5,0.045477188146179515
GAPB,21.5,5,0.0488089385680297
GAPB,21.6,5,0.05223608861227369
GAPB,21.700000000000003,5,0.05575743151759305
GAPB,21.8,5,0.0593721253662558
GAPB,21.900000000000002,5,0.06307963328553612
GAPB,22.0,5,0.06687966855816185
GAPB,22.1,5,0.07077214418616329
GAPB,22.200000000000003,5,0.07475712649786104
GAPB,22.3,5,0.07883479243010427
GAPB,22.400000000000002,5,0.08300539015727537
GAPB,22.5,5,0.08726920277524641
GAPB,22.6,5,0.0916265147824209
GAPB,22.700000000000003,5,0.09607758113132547
GAPB,22.8,5,0.10062259865305556
GAPB,22.900000000000002,5,0.10526167968327549
GAPB,23.0,5,0.10999482774246871
GAPB,23.1,5,0.11482191514491724
GAPB,23.200000000000003,5,0.11974266243038656
GAPB,23.3,5,0.12475661952996475
GAPB,23.400000000000002,5,0.1298631485928432
GAPB,23.5,5,0.13506140841433023
GAPB,23.6,5,0.1403503404169193
GAPB,23.700000000000003,5,0.14572859456433562
GAPB,23.8,5,0.1511119314444862
GAPB,23.900000000000002,5,0.1564336111804785
GAPB,24.0,5,0.1617052562000012
GAPB,24.1,5,0.16693734409198946
GAPB,24.200000000000003,5,0.17213927597979684
GAPB,24.3,5,0.17731943578031029
GAPB,24.400000000000002,5,0.18248524237227137
GAPB,24.5,5,0.18764319632914273
GAPB,24.6,5,0.19279892255795694
GAPB,24.700000000000003,5,0.1979572099188509
GAPB,24.8,5,0.2031220486743628
GAPB,24.900000000000002,5,0.2082966664276995
GAPB,25.0,5,0.21348356305040284
GAPB,25.1,5,0.21868454496792644
GAPB,25.200000000000003,5,0.22390075906305107
GAPB,25.3,5,0.22913272636850301
GAPB,25.400000000000002,5,0.2343803756487901
GAPB,25.5,5,0.2396430674986938
GAPB,25.6,5,0.24491956198833442
GAPB,25.700000000000003,5,0.2502080068758872
GAPB,25.8,5,0.2555059426031274
GAPB,25.900000000000002,5,0.2608103207808963
GAPB,26.0,5,0.2661175333117498
GAPB,26.1,5,0.27142344969017707
GAPB,26.200000000000003,5,0.27672346037095785
GAPB,26.3,5,0.28201252440748625
GAPB,26.400000000000002,5,0.28728521983769717
GAPB,26.5,5,0.2925357955390524
GAPB,26.6,5,0.2977542435371525
GAPB,26.700000000000003,5,0.3029273571025346
GAPB,26.8,5,0.30804266970076455
GAPB,26.900000000000002,5,0.31308794408817775
GAPB,27.0,5,0.31805079651415546
GAPB,27.1,5,0.3229188974492665
GAPB,27.200000000000003,5,0.32768014420513936
GAPB,27.3,5,0.33232280766127253
GAPB,27.400000000000002,5,0.33683565526521164
GAPB,27.5,5,0.34120805240416097
GAPB,27.6,5,0.3454300441627485
GAPB,27.700000000000003,5,0.3494924193870226
GAPB,27.8,5,0.3533867588723396
GAPB,27.900000000000002,5,0.35710546938522647
GAPB,28.0,5,0.3606418051190694
GAPB,28.1,5,0.3639787004841111
GAPB,28.200000000000003,5,0.3671001989155265
GAPB,28.3,5,0.36999371165660655
GAPB,28.400000000000002,5,0.3726496693957042
GAPB,28.5,5,0.37506120116463926
GAPB,28.6,5,0.37722383869380316
GAPB,28.700000000000003,5,0.3791352445247931
GAPB,28.8,5,0.3807949622790794
GAPB,28.900000000000002,5,0.3822041875724267
GAPB,29.0,5,0.3833655581507873
GAPB,29.1,5,0.3842829619048569
GAPB,29.200000000000003,5,0.38496136149818305
GAPB,29.3,5,0.3854066344179312
GAPB,29.400000000000002,5,0.3853891463077641
GAPB,29.5,5,0.38482335964192593
GAPB,29.6,5,0.38374440872000726
GAPB,29.700000000000003,5,0.382204117496034
GAPB,29.8,5,0.3802496381155738
GAPB,29.900000000000002,5,0.37792404457124995
GAPB,30.0,5,0.3752668293639143
GAPB,30.1,5,0.3723143190287832
GAPB,30.200000000000003,5,0.36910002197474157
GAPB,30.3,5,0.3656549200045447
GAPB,30.400000000000002,5,0.36200771309525415
GAPB,30.5,5,0.3581850254867227
GAPB,30.6,5,0.35421157981859963
GAPB,30.700000000000003,5,0.3501103449441345
GAPB,30.8,5,0.345902662105777
GAPB,30.900000000000002,5,0.34160835335997497
GAPB,31.0,5,0.3372458154662752
GAPB,31.1,5,0.33283210189091506
GAPB,31.200000000000003,5,0.3283829951018067
GAPB,31.3,5,0.3239130709367384
GAPB,31.400000000000002,5,0.3194357564977537
GAPB,31.5,5,0.314963382752083
GAPB,31.6,5,0.31050723279474823
GAPB,31.700000000000003,5,0.3060775759653662
GAPB,31.8,5,0.3016836888811092
GAPB,31.900000000000002,5,0.29733387110425546
GAPB,32.0,5,0.2930354604384071
GAPB,32.1,5,0.28879485085836265
GAPB,32.2,5,0.28461751465669494
GAPB,32.300000000000004,5,0.2805080294010196
GAPB,32.4,5,0.27646263576683516
GAPB,32.5,5,0.27246984606329505
GAPB,32.6,5,0.2685207284265303
GAPB,32.7,5,0.2646084041316641
GAPB,32.800000000000004,5,0.2607276274686239
GAPB,32.9,5,0.25687443602876314
GAPB,33.0,5,0.2530458608656634
GAPB,33.1,5,0.24923968742107405
GAPB,33.2,5,0.2454542593642035
GAPB,33.300000000000004,5,0.24168831859625328
GAPB,33.4,5,0.23794087563807764
GAPB,33.5,5,0.23421110546138557
GAPB,33.6,5,0.23049826455661204
GAPB,33.7,5,0.22680162566550344
GAPB,33.800000000000004,5,0.22312042715504
GAPB,33.9,5,0.21945383448160527
GAPB,34.0,5,0.21580091159973946
GAPB,34.1,5,0.2121606005166079
GAPB,34.2,5,0.20853170748916483
GAPB,34.300000000000004,5,0.2049128946123755
GAPB,34.4,5,0.2013026757600329
GAPB,34.5,5,0.1976994160196508
GAPB,34.6,5,0.19410131459876823
GAPB,34.7,5,0.1905062514827005
GAPB,34.800000000000004,5,0.1869117105770819
GAPB,34.9,5,0.1833147575806855
GAPB,35.0,5,0.17971205575307003
GAPB,35.1,5,0.17609990668989717
GAPB,35.2,5,0.1724743063709937
GAPB,35.300000000000004,5,0.1687749937404952
GAPB,35.4,5,0.16489571959542992
GAPB,35.5,5,0.16084996039122856
GAPB,35.6,5,0.15664944702012384
GAPB,35.7,5,0.15230441151063445
GAPB,35.800000000000004,5,0.1478238064456896
GAPB,35.9,5,0.14321549898751051
GAPB,36.0,5,0.13848644153157785
GAPB,36.1,5,0.1336428210581584
GAPB,36.2,5,0.12869018923087516
GAPB,36.300000000000004,5,0.12363357522572294
GAPB,36.4,5,0.11847758317516366
GAPB,36.5,5,0.11322647599168434
GAPB,36.6,5,0.10788424720217904
GAPB,36.7,5,0.10245468228539423
GAPB,36.800000000000004,5,0.09694141086449015
GAPB,36.9,5,0.09134795096911574
GAPB,37.0,5,0.08567774644913939
GAPB,37.1,5,0.07993419849692174
GAPB,37.2,5,0.07412069211816963
GAPB,37.300000000000004,5,0.06824061828355354
GAPB,37.4,5,0.062297392394766504
GAPB,37.5,5,0.05629446960959328
GAPB,37.6,5,0.050234539780582566
GAPB,37.7,5,0.044118985912598774
GAPB,37.800000000000004,5,0.03794841650278791
GAPB,37.9,5,0.031723074172132826
GAPB,38.0,5,0.025443143960655945
GAPB,38.1,5,0.019108980704491074
GAPB,38.2,5,0.012721271579614779
GAPB,38.300000000000004,5,0.006281147092341399
GAPB,38.400000000000006,5,-0.00020974855819666516
GAPB,38.5,5,-0.006749218793483891
GAPB,38.6,5,-0.01333450034230843
GAPB,38.7,5,-0.01996226737377249
GAPB,38.800000000000004,5,-0.026628649294043072
GAPB,38.900000000000006,5,-0.03332925837356804
GAPB,39.0,5,-0.04005922415648833
GAPB,39.1,5,-0.04681323225090317
GAPB,39.2,5,-0.05358556562976169
GAPB,39.300000000000004,5,-0.06037014700632248
GAPB,39.400000000000006,5,-0.067160581201259
GAPB,39.5,5,-0.0739501967042564
GAPB,39.6,5,-0.08073208586256442
GAPB,39.7,5,-0.08749914331220587
GAPB,39.800000000000004,5,-0.09424410241237702
GAPB,39.900000000000006,5,-0.10095956955685459
GAPB,40.0,5,-0.10763805632350376
GAPB,40.1,5,-0.11427200948916294
GAPB,40.2,5,-0.12085384538947075
GAPB,40.300000000000004,5,-0.12737598772044834
GAPB,40.400000000000006,5,-0.13383090489917215
GAPB,40.5,5,-0.14021114460090622
GAPB,40.6,5,-0.14652067210741393
GAPB,40.7,5,-0.15276601881661556
GAPB,40.800000000000004,5,-0.15895034867060964
GAPB,40.900000000000006,5,-0.16507408135995583
GAPB,41.0,5,-0.171135420247726
GAPB,41.1,5,-0.17713079848730118
GAPB,41.2,5,-0.18305525509386023
GAPB,41.300000000000004,5,-0.1889027512056387
GAPB,41.400000000000006,5,-0.19466643541917783
GAPB,41.5,5,-0.20033886588672623
GAPB,41.6,5,-0.20591219580849973
GAPB,41.7,5,-0.21137832802399004
GAPB,41.800000000000004,5,-0.21672904359185097
GAPB,41.900000000000006,5,-0.22195612564811107
GAPB,42.0,5,-0.22705147587649854
GAPB,42.1,5,-0.23200721865673124
GAPB,42.2,5,-0.236815790220529
GAPB,42.300000000000004,5,-0.24147001177974836
GAPB,42.400000000000006,5,-0.2459631467367931
GAPB,42.5,5,-0.2502889428576456
GAPB,42.6,5,-0.2544416607727449
GAPB,42.7,5,-0.2584160904427435
GAPB,42.800000000000004,5,-0.26220755734140866
GAPB,42.900000000000006,5,-0.26581192011156496
GAPB,43.0,5,-0.2692255613761887
GAPB,43.1,5,-0.2724453732624532
GAPB,43.2,5,-0.27546878631431326
GAPB,43.300000000000004,5,-0.27829382947519576
GAPB,43.400000000000006,5,-0.2809191649651801
GAPB,43.5,5,-0.2833441760430411
GAPB,43.6,5,-0.28570506850164534
GAPB,43.7,5,-0.28801981929683684
GAPB,43.800000000000004,5,-0.29027010193411407
GAPB,43.900000000000006,5,-0.2924402758810949
GAPB,44.0,5,-0.29451708419284905
GAPB,44.1,5,-0.2964893704537577
GAPB,44.2,5,-0.29834781709923064
GAPB,44.300000000000004,5,-0.30008470615041816
GAPB,44.400000000000006,5,-0.3016937026064941
GAPB,44.5,5,-0.3031696601469118
GAPB,44.6,5,-0.30450856804828597
GAPB,44.7,5,-0.3057077502757686
GAPB,44.800000000000004,5,-0.30676558072922333
GAPB,44.900000000000006,5,-0.30768124843734057
GAPB,45.0,5,-0.308454565295742
GAPB,45.1,5,-0.3090858099440901
GAPB,45.2,5,-0.30957560224873504
GAPB,45.300000000000004,5,-0.30992480361700814
GAPB,45.400000000000006,5,-0.3101344390305254
GAPB,45.5,5,-0.3102070233643719
GAPB,45.6,5,-0.31014994090098824
GAPB,45.7,5,-0.3099691876650663
GAPB,45.800000000000004,5,-0.3096695702865233
GAPB,45.900000000000006,5,-0.3092548825185073
GAPB,46.0,5,-0.30872806188614454
GAPB,46.1,5,-0.3080913286532887
GAPB,46.2,5,-0.3073467159861636
GAPB,46.300000000000004,5,-0.30649630867866584
GAPB,46.400000000000006,5,-0.3055421916047969
GAPB,46.5,5,-0.3044864110045129
GAPB,46.6,5,-0.30333094659277116
GAPB,46.7,5,-0.30207769273533636
GAPB,46.800000000000004,5,-0.3007284483480621
GAPB,46.900000000000006,5,-0.29928491398073653
GAPB,47.0,5,-0.2977486945165637
GAPB,47.1,5,-0.29612130616007093
GAPB,47.2,5,-0.29445674627693386
GAPB,47.300000000000004,5,-0.2927696157952493
GAPB,47.400000000000006,5,-0.29105357946302846
GAPB,47.5,5,-0.28930281529562585
GAPB,47.6,5,-0.2875119943086837
GAPB,47.7,5,-0.2856762620197486
GAPB,47.800000000000004,5,-0.28379122140614044
GAPB,47.900000000000006,5,-0.281852917044521
GAPB,48.0,5,-0.2798578201925981
GAPB,48.1,5,-0.27780281460548295
GAPB,48.2,5,-0.27568518290885535
GAPB,48.300000000000004,5,-0.2735025933782289
GAPB,48.400000000000006,5,-0.271253086998577
GAPB,48.5,5,-0.26893506470135264
GAPB,48.6,5,-0.2665472746967499
GAPB,48.7,5,-0.2640887998378467
GAPB,48.800000000000004,5,-0.26155904497028004
GAPB,48.900000000000006,5,-0.25895772423617913
GAPB,49.0,5,-0.256284848314591
GAPB,49.1,5,-0.2535412390143197
GAPB,49.2,5,-0.25073450656419993
GAPB,49.300000000000004,5,-0.24787146666227855
GAPB,49.400000000000006,5,-0.24495821715840904
GAPB,49.5,5,-0.24200020837299618
GAPB,49.6,5,-0.23900230749667273
GAPB,49.7,5,-0.2359688670046829
GAPB,49.800000000000004,5,-0.23290379150102325
GAPB,49.900000000000006,5,-0.22981059638895296
GAPB,50.0,5,-0.22669245922278414
GAPB,50.1,5,-0.22355226452418897
GAPB,50.2,5,-0.2203926427795313
GAPB,50.300000000000004,5,-0.2172160042724247
GAPB,50.400000000000006,5,-0.2140245683477442
GAPB,50.5,5,-0.2108203886491804
GAPB,50.6,5,-0.20760537482204278
GAPB,50.7,5,-0.20438131112604907
GAPB,50.800000000000004,5,-0.20114987235919557
GAPB,50.900000000000006,5,-0.19791263745319654
GAPB,51.0,5,-0.19467110106330665
GAPB,51.1,5,-0.19142668344045077
GAPB,51.2,5,-0.18818073884128061
GAPB,51.300000000000004,5,-0.18493456270199538
GAPB,51.400000000000006,5,-0.18168939777431525
GAPB,51.5,5,-0.17844643939682925
GAPB,51.6,5,-0.17520684005183362
GAPB,51.7,5,-0.1719717133367702
GAPB,51.800000000000004,5,-0.1687421374602529
GAPB,51.900000000000006,5,-0.16551915835533393
GAPB,52.0,5,-0.16230379248709959
GAPB,52.1,5,-0.15919194228852618
GAPB,52.2,5,-0.1562235012617048
GAPB,52.300000000000004,5,-0.15338617746672156
GAPB,52.400000000000006,5,-0.15066829282080008
GAPB,52.5,5,-0.14805875920516698
GAPB,52.6,5,-0.14554719105475478
GAPB,52.7,5,-0.14312402822892523
GAPB,52.800000000000004,5,-0.14078046116834741
GAPB,52.900000000000006,5,-0.13850836354175478
GAPB,53.0,5,-0.13630023169004524
GAPB,53.1,5,-0.13414913023737896
GAPB,53.2,5,-0.1320486432953789
GAPB,53.300000000000004,5,-0.12999283073756018
GAPB,53.400000000000006,5,-0.12797618906730612
GAPB,53.5,5,-0.12599361644452145
GAPB,53.6,5,-0.12404038147382046
GAPB,53.7,5,-0.12211209539129975
GAPB,53.800000000000004,5,-0.12020468731779133
GAPB,53.900000000000006,5,-0.11831438227443947
GAPB,54.0,5,-0.1164376816817203
GAPB,54.1,5,-0.1145713460859934
GAPB,54.2,5,-0.1127123798784524
GAPB,54.300000000000004,5,-0.11085801779034732
GAPB,54.400000000000006,5,-0.10900571296567918
GAPB,54.5,5,-0.10715312642843422
GAPB,54.6,5,-0.10529811777607101
GAPB,54.7,5,-0.10343873694445982
GAPB,54.800000000000004,5,-0.10157321690208754
GAPB,54.900000000000006,5,-0.0996999671430352
GAPB,55.0,5,-0.09781756785928941
GAPB,55.1,5,-0.09592476468329814
GAPB,55.2,5,-0.0940204639015807
GAPB,55.300000000000004,5,-0.09210373236200553
GAPB,55.400000000000006,5,-0.09017381857118423
GAPB,55.5,5,-0.08823188046421748
GAPB,55.6,5,-0.0862832801078195
GAPB,55.7,5,-0.0843327602645978
GAPB,55.800000000000004,5,-0.08238450800502761
GAPB,55.900000000000006,5,-0.08044221105139648
GAPB,56.0,5,-0.07850910774837416
GAPB,56.1,5,-0.07658803144383697
GAPB,56.2,5,-0.07468144996646764
GAPB,56.300000000000004,5,-0.07279150080180408
GAPB,56.400000000000006,5,-0.07092002249415152
GAPB,56.5,5,-0.06906858273701566
GAPB,56.6,5,-0.06723850355801453
GAPB,56.7,5,-0.06543088395470242
GAPB,56.800000000000004,5,-0.06364662029437262
GAPB,56.900000000000006,5,-0.061886424752945146
GAPB,57.0,5,-0.06015084203468035
GAPB,57.1,5,-0.058440264585197355
GAPB,57.2,5,-0.05675494948764026
GAPB,57.300000000000004,5,-0.05509503492841361
GAPB,57.400000000000006,5,-0.05346055482577938
GAPB,57.5,5,-0.05185145183202344
GAPB,57.6,5,-0.0502676114268823
GAPB,57.7,5,-0.0487089637315421
GAPB,57.800000000000004,5,-0.04717546342424406
GAPB,57.900000000000006,5,-0.0456670730933002
GAPB,58.0,5,-0.04418374961419502
GAPB,58.1,5,-0.04272543318264432
GAPB,58.2,5,-0.04129207966878212
GAPB,58.300000000000004,5,-0.039883973778273685
GAPB,58.400000000000006,5,-0.038517938975209276
GAPB,58.5,5,-0.037293341047387685
GAPB,58.6,5,-0.03620074876606871
GAPB,58.7,5,-0.035231173355443346
GAPB,58.800000000000004,5,-0.03437601410090707
GAPB,58.900000000000006,5,-0.0336270123539677
GAPB,59.0,5,-0.03297621289696728
GAPB,59.1,5,-0.03241593174800883
GAPB,59.2,5,-0.03193872959062105
GAPB,59.300000000000004,5,-0.031537390105244256
GAPB,59.400000000000006,5,-0.03120490256170072
GAPB,59.5,5,-0.030934448104732226
GAPB,59.6,5,-0.030719389229352245
GAPB,59.7,5,-0.030553262000026393
GAPB,59.800000000000004,5,-0.03042977061854124
GAPB,59.900000000000006,5,-0.030342836838476828
GAPB,60.0,5,-0.03028665307378553
GAPB,60.1,5,-0.030255930453161994
GAPB,60.2,5,-0.0302468480573701
GAPB,60.300000000000004,5,-0.0302555360323975
GAPB,60.400000000000006,5,-0.03027809244317403
GAPB,60.5,5,-0.030310602470708048
GAPB,60.6,5,-0.03034915892116885
GAPB,60.7,5,-0.030389883121680228
GAPB,60.800000000000004,5,-0.03042894550605091
GAPB,60.900000000000006,5,-0.03046258537868418
GAPB,61.0,5,-0.030487129493844023
GAPB,61.1,5,-0.030499009206200967
GAPB,61.2,5,-0.030501809904205146
GAPB,61.300000000000004,5,-0.030498227591596816
GAPB,61.400000000000006,5,-0.03049007571091522
GAPB,61.5,5,-0.03047841696017528
GAPB,61.6,5,-0.030463679685640344
GAPB,61.7,5,-0.03044576047056502
GAPB,61.800000000000004,5,-0.030424114385125378
GAPB,61.900000000000006,5,-0.030397834220769582
GAPB,62.0,5,-0.030365719902587074
GAPB,62.1,5,-0.030326339154896687
GAPB,62.2,5,-0.03027808038762636
GAPB,62.300000000000004,5,-0.03021919867328471
GAPB,62.400000000000006,5,-0.030147855595728856
GAPB,62.5,5,-0.030062153671817526
GAPB,62.6,5,-0.029960857767397542
GAPB,62.7,5,-0.029844008736869654
GAPB,62.800000000000004,5,-0.029711475591534864
GAPB,62.900000000000006,5,-0.02957899214061932
GAPB,63.0,5,-0.02945225631669679
GAPB,63.1,5,-0.029328490250962957
GAPB,63.2,5,-0.02920491981518225
GAPB,63.300000000000004,5,-0.02907879874699404
GAPB,63.400000000000006,5,-0.028947467210468147
GAPB,63.5,5,-0.028808402428571966
GAPB,63.6,5,-0.028659251930962526
GAPB,63.7,5,-0.028497853166719267
GAPB,63.800000000000004,5,-0.02832224258752092
GAPB,63.900000000000006,5,-0.02813065676001436
GAPB,64.0,5,-0.027921527602854823
GAPB,64.10000000000001,5,-0.02781069511055101
GAPB,64.2,5,-0.027805722750212425
GAPB,64.3,5,-0.02789171793401124
GAPB,64.4,5,-0.028055217343437633
GAPB,64.5,5,-0.028284029430000857
GAPB,64.60000000000001,5,-0.028567093241379737
GAPB,64.7,5,-0.0288943522132854
GAPB,64.8,5,-0.02925664164320274
GAPB,64.9,5,-0.029645588639921172
GAPB,65.0,5,-0.030053523420708217
GAPB,0.0,6,0.0
GAPB,0.1,6,-0.00049310760310739
GAPB,0.2,6,-0.0009718027713230271
GAPB,0.30000000000000004,6,-0.0014348898527103415
GAPB,0.4,6,-0.001881034419533023
GAPB,0.5,6,-0.0023088013915320005
GAPB,0.6000000000000001,6,-0.002716692337394022
GAPB,0.7000000000000001,6,-0.003103180321001986
GAPB,0.8,6,-0.003466741287116548
GAPB,0.9,6,-0.0038070683256989923
GAPB,1.0,6,-0.004128676321577984
GAPB,1.1,6,-0.004435106877421546
GAPB,1.2000000000000002,6,-0.004729067177963842
GAPB,1.3,6,-0.005012551269421905
GAPB,1.4000000000000001,6,-0.005286945701421075
GAPB,1.5,6,-0.005553121919936288
GAPB,1.6,6,-0.005811534082370784
GAPB,1.7000000000000002,6,-0.006062324957248677
GAPB,1.8,6,-0.0063054102982320615
GAPB,1.9000000000000001,6,-0.0065405453623448295
GAPB,2.0,6,-0.0067813267540248745
GAPB,2.1,6,-0.007036922643035126
GAPB,2.2,6,-0.00730486230973959
GAPB,2.3000000000000003,6,-0.007583024216440748
GAPB,2.4000000000000004,6,-0.007869569180130043
GAPB,2.5,6,-0.008162877706341831
GAPB,2.6,6,-0.008461492960996964
GAPB,2.7,6,-0.008764070241324973
GAPB,2.8000000000000003,6,-0.00906933334130322
GAPB,2.9000000000000004,6,-0.009376037861809294
GAPB,3.0,6,-0.009682941266429879
GAPB,3.1,6,-0.009988779310351248
GAPB,3.2,6,-0.010292248355643352
GAPB,3.3000000000000003,6,-0.01059199301798941
GAPB,3.4000000000000004,6,-0.01088659855667018
GAPB,3.5,6,-0.011174587412549286
GAPB,3.6,6,-0.01145441931099711
GAPB,3.7,6,-0.011724504295402838
GAPB,3.8000000000000003,6,-0.01199327184818344
GAPB,3.9000000000000004,6,-0.012366883375785065
GAPB,4.0,6,-0.012829731787128651
GAPB,4.1000000000000005,6,-0.013367584950733757
GAPB,4.2,6,-0.013967449808113486
GAPB,4.3,6,-0.014618396180141602
GAPB,4.4,6,-0.015310600831403676
GAPB,4.5,6,-0.016035115732206506
GAPB,4.6000000000000005,6,-0.016784323113183675
GAPB,4.7,6,-0.017551678580453256
GAPB,4.800000000000001,6,-0.01833149849078808
GAPB,4.9,6,-0.019118785002660843
GAPB,5.0,6,-0.01990908309738515
GAPB,5.1000000000000005,6,-0.020698407660967533
GAPB,5.2,6,-0.021484624164262556
GAPB,5.300000000000001,6,-0.02226563689220562
GAPB,5.4,6,-0.023039322296780185
GAPB,5.5,6,-0.023803485887928133
GAPB,5.6000000000000005,6,-0.024555837480535914
GAPB,5.7,6,-0.02529398057276744
GAPB,5.800000000000001,6,-0.026015412404978733
GAPB,5.9,6,-0.02671753189755499
GAPB,6.0,6,-0.027397653208705464
GAPB,6.1000000000000005,6,-0.02805302310548008
GAPB,6.2,6,-0.028680840716655
GAPB,6.300000000000001,6,-0.029278287698367933
GAPB,6.4,6,-0.029843015313089083
GAPB,6.5,6,-0.030373029330654333
GAPB,6.6000000000000005,6,-0.03086660014030862
GAPB,6.7,6,-0.03132219340404241
GAPB,6.800000000000001,6,-0.03174132917382977
GAPB,6.9,6,-0.03213811337580985
GAPB,7.0,6,-0.03250914592243248
GAPB,7.1000000000000005,6,-0.032851218830064255
GAPB,7.2,6,-0.033161309115127935
GAPB,7.300000000000001,6,-0.03343657490726493
GAPB,7.4,6,-0.03367529393527491
GAPB,7.5,6,-0.03388304953670307
GAPB,7.6000000000000005,6,-0.034064250726666856
GAPB,7.7,6,-0.034222296198603175
GAPB,7.800000000000001,6,-0.03435971949777539
GAPB,7.9,6,-0.03447831722180794
GAPB,8.0,6,-0.03457926195256533
GAPB,8.1,6,-0.034663201481848205
GAPB,8.200000000000001,6,-0.034730345759818704
GAPB,8.3,6,-0.03478054287006671
GAPB,8.4,6,-0.034813345218681846
GAPB,8.5,6,-0.034828067016427156
GAPB,8.6,6,-0.034838763583669774
GAPB,8.700000000000001,6,-0.034850109942556884
GAPB,8.8,6,-0.0348586780647846
GAPB,8.9,6,-0.034861037935238315
GAPB,9.0,6,-0.03485381512420993
GAPB,9.1,6,-0.03483458224092928
GAPB,9.200000000000001,6,-0.03480443481678108
GAPB,9.3,6,-0.034763883462808565
GAPB,9.4,6,-0.03471295092571758
GAPB,9.5,6,-0.03465125553938364
GAPB,9.600000000000001,6,-0.0345780828816622
GAPB,9.700000000000001,6,-0.034492447232450374
GAPB,9.8,6,-0.034393144238228146
GAPB,9.9,6,-0.034278796018117674
GAPB,10.0,6,-0.034147939061291765
GAPB,10.100000000000001,6,-0.03399908952595254
GAPB,10.200000000000001,6,-0.03383079039824821
GAPB,10.3,6,-0.03364164427372529
GAPB,10.4,6,-0.03358140706964541
GAPB,10.5,6,-0.0336402211785245
GAPB,10.600000000000001,6,-0.03380066443832774
GAPB,10.700000000000001,6,-0.03404697908072585
GAPB,10.8,6,-0.03436489689329747
GAPB,10.9,6,-0.03474148109023112
GAPB,11.0,6,-0.035164983730311405
GAPB,11.100000000000001,6,-0.03562471754412044
GAPB,11.200000000000001,6,-0.03611094106665114
GAPB,11.3,6,-0.03661475602623021
GAPB,11.4,6,-0.0371280160175953
GAPB,11.5,6,-0.03764324551679188
GAPB,11.600000000000001,6,-0.0381535683343337
GAPB,11.700000000000001,6,-0.03865264464802287
GAPB,11.8,6,-0.03913461580573774
GAPB,11.9,6,-0.039594056139693024
GAPB,12.0,6,-0.04002619352920078
GAPB,12.100000000000001,6,-0.04046870897112953
GAPB,12.200000000000001,6,-0.04091985797414566
GAPB,12.3,6,-0.04137327443915062
GAPB,12.4,6,-0.041822914456774996
GAPB,12.5,6,-0.042263031778961846
GAPB,12.600000000000001,6,-0.04268815666905823
GAPB,12.700000000000001,6,-0.04309307787367622
GAPB,12.8,6,-0.043472827457256
GAPB,12.9,6,-0.04382309035293375
GAPB,13.0,6,-0.04414019017716164
GAPB,13.100000000000001,6,-0.044420973493339844
GAPB,13.200000000000001,6,-0.04466271269884636
GAPB,13.3,6,-0.04486302514467866
GAPB,13.4,6,-0.045019806364106074
GAPB,13.5,6,-0.045131175525654044
GAPB,13.600000000000001,6,-0.04519543143885585
GAPB,13.700000000000001,6,-0.04521101763140223
GAPB,13.8,6,-0.045176495185652144
GAPB,13.9,6,-0.045090522173355296
GAPB,14.0,6,-0.044951838661742016
GAPB,14.100000000000001,6,-0.04475925638369027
GAPB,14.200000000000001,6,-0.04451165228132403
GAPB,14.3,6,-0.04420796529223914
GAPB,14.4,6,-0.043847196208780304
GAPB,14.5,6,-0.043428409854310956
GAPB,14.600000000000001,6,-0.042950738935063626
GAPB,14.700000000000001,6,-0.04241341109978336
GAPB,14.8,6,-0.0418158631775416
GAPB,14.9,6,-0.04115772264076156
GAPB,15.0,6,-0.04043879150513341
GAPB,15.100000000000001,6,-0.03966025000218032
GAPB,15.200000000000001,6,-0.03882490578257247
GAPB,15.3,6,-0.03793514729707326
GAPB,15.4,6,-0.036993003480757736
GAPB,15.5,6,-0.036000198174432896
GAPB,15.600000000000001,6,-0.03495819930073907
GAPB,15.700000000000001,6,-0.03386826290512346
GAPB,15.8,6,-0.03273785726718437
GAPB,15.9,6,-0.03157683498163699
GAPB,16.0,6,-0.030393250912069902
GAPB,16.1,6,-0.029193604283939578
GAPB,16.2,6,-0.027983052432350775
GAPB,16.3,6,-0.026765599105102567
GAPB,16.400000000000002,6,-0.02554425996047449
GAPB,16.5,6,-0.02432120765956114
GAPB,16.6,6,-0.023097898733009714
GAPB,16.7,6,-0.021875184200283115
GAPB,16.8,6,-0.020653405734513797
GAPB,16.900000000000002,6,-0.019432478996417757
GAPB,17.0,6,-0.018211965605305025
GAPB,17.1,6,-0.016991135072805363
GAPB,17.2,6,-0.015769017894573523
GAPB,17.3,6,-0.014544450875909831
GAPB,17.400000000000002,6,-0.01331783954846344
GAPB,17.5,6,-0.0120903601238318
GAPB,17.6,6,-0.010862803296268098
GAPB,17.7,6,-0.009635610176905729
GAPB,17.8,6,-0.008408905191892302
GAPB,17.900000000000002,6,-0.007182526225436803
GAPB,18.0,6,-0.005956052268210499
GAPB,18.1,6,-0.00472884158923037
GAPB,18.2,6,-0.0035000718539546227
GAPB,18.3,6,-0.0023067862247412307
GAPB,18.400000000000002,6,-0.001153283738981159
GAPB,18.5,6,-3.0349749609470678e-05
GAPB,18.6,6,0.0010705029504674002
GAPB,18.7,6,0.002067039546327365
GAPB,18.8,6,0.002871943063675886
GAPB,18.900000000000002,6,0.003515646818142315
GAPB,19.0,6,0.004025651705116928
GAPB,19.1,6,0.004426830598722731
GAPB,19.200000000000003,6,0.004741702331351405
GAPB,19.3,6,0.00499067799700903
GAPB,19.400000000000002,6,0.005192282107499224
GAPB,19.5,6,0.005363350925849275
GAPB,19.6,6,0.0055192101075647315
GAPB,19.700000000000003,6,0.005673833598136113
GAPB,19.8,6,0.00583784663559328
GAPB,19.900000000000002,6,0.00597056614883229
GAPB,20.0,6,0.0060835071490075165
GAPB,20.1,6,0.0061877113015409435
GAPB,20.200000000000003,6,0.006293766957226055
GAPB,20.3,6,0.006411827799047032
GAPB,20.400000000000002,6,0.006551630099572492
GAPB,20.5,6,0.006722508591836984
GAPB,20.6,6,0.006933410964101938
GAPB,20.700000000000003,6,0.007192910995799551
GAPB,20.8,6,0.0075092203585196415
GAPB,20.900000000000002,6,0.007890199112059904
GAPB,21.0,6,0.008343148792951283
GAPB,21.1,6,0.008874682049386351
GAPB,21.200000000000003,6,0.00949080467855623
GAPB,21.3,6,0.01019698697095528
GAPB,21.400000000000002,6,0.010998225443913157
GAPB,21.5,6,0.011899095951676486
GAPB,21.6,6,0.012903799073281874
GAPB,21.700000000000003,6,0.014016198601202845
GAPB,21.8,6,0.015239853882697219
GAPB,21.900000000000002,6,0.016578046701091864
GAPB,22.0,6,0.01803380332523119
GAPB,22.1,6,0.019609912301488563
GAPB,22.200000000000003,6,0.021308938513346476
GAPB,22.3,6,0.02313323398822753
GAPB,22.400000000000002,6,0.025084945889455312
GAPB,22.5,6,0.027166022092595554
GAPB,22.6,6,0.0293782147095083
GAPB,22.700000000000003,6,0.031723081890110194
GAPB,22.8,6,0.03420198820061238
GAPB,22.900000000000002,6,0.03681610384786005
GAPB,23.0,6,0.03956640299204217
GAPB,23.1,6,0.042453661364389106
GAPB,23.200000000000003,6,0.04547845338243661
GAPB,23.3,6,0.048641148932924594
GAPB,23.400000000000002,6,0.05194190997132608
GAPB,23.5,6,0.05538068706742649
GAPB,23.6,6,0.058957216008227675
GAPB,23.700000000000003,6,0.06267101455265944
GAPB,23.8,6,0.06652137624668697
GAPB,23.900000000000002,6,0.07050311263401632
GAPB,24.0,6,0.07460769941996226
GAPB,24.1,6,0.0788274931235442
GAPB,24.200000000000003,6,0.08315562217716987
GAPB,24.3,6,0.0875858882943632
GAPB,24.400000000000002,6,0.0921126770425218
GAPB,24.5,6,0.0967308767139361
GAPB,24.6,6,0.10143580471786962
GAPB,24.700000000000003,6,0.10622314082370643
GAPB,24.8,6,0.11108886667375018
GAPB,24.900000000000002,6,0.11602921105729713
GAPB,25.0,6,0.12104060049790633
GAPB,25.1,6,0.12611961475554878
GAPB,25.200000000000003,6,0.13126294688640705
GAPB,25.3,6,0.13646736753727673
GAPB,25.400000000000002,6,0.1417296931799239
GAPB,25.5,6,0.1470467580146959
GAPB,25.6,6,0.15241538880816918
GAPB,25.700000000000003,6,0.1578323795556802
GAPB,25.8,6,0.16329446699918115
GAPB,25.900000000000002,6,0.1687983077830797
GAPB,26.0,6,0.17434045782230356
GAPB,26.1,6,0.17991735428294753
GAPB,26.200000000000003,6,0.1855253004318307
GAPB,26.3,6,0.1911604534934117
GAPB,26.400000000000002,6,0.19681881555693437
GAPB,26.5,6,0.20249622750057839
GAPB,26.6,6,0.20818836583964107
GAPB,26.700000000000003,6,0.2138905374913893
GAPB,26.8,6,0.21949935163449652
GAPB,26.900000000000002,6,0.2249572327024847
GAPB,27.0,6,0.2302732107417036
GAPB,27.1,6,0.2354552438910833
GAPB,27.200000000000003,6,0.24051027667259284
GAPB,27.3,6,0.24544430377466853
GAPB,27.400000000000002,6,0.2502624376565379
GAPB,27.5,6,0.25496897850433164
GAPB,27.6,6,0.2595674852594829
GAPB,27.700000000000003,6,0.2640608466159904
GAPB,27.8,6,0.26845135104576556
GAPB,27.900000000000002,6,0.2727407550608021
GAPB,28.0,6,0.27693034905752967
GAPB,28.1,6,0.28102102021298236
GAPB,28.200000000000003,6,0.28501273669716376
GAPB,28.3,6,0.28890464832510254
GAPB,28.400000000000002,6,0.29269529750914636
GAPB,28.5,6,0.2963828001866027
GAPB,28.6,6,0.2999649997843843
GAPB,28.700000000000003,6,0.3034395970351653
GAPB,28.8,6,0.3068042582302777
GAPB,28.900000000000002,6,0.3100567042814859
GAPB,29.0,6,0.31319478276575197
GAPB,29.1,6,0.31621652494290053
GAPB,29.200000000000003,6,0.31912018956466603
GAPB,29.3,6,0.3219042951340594
GAPB,29.400000000000002,6,0.32456764212544975
GAPB,29.5,6,0.3270971660297448
GAPB,29.6,6,0.3294760047504468
GAPB,29.700000000000003,6,0.33168990988792935
GAPB,29.8,6,0.33372794867904965
GAPB,29.900000000000002,6,0.3355820676683088
GAPB,30.0,6,0.3372467117529876
GAPB,30.1,6,0.3387184906506455
GAPB,30.200000000000003,6,0.33999588607935394
GAPB,30.3,6,0.3410789939895391
GAPB,30.400000000000002,6,0.34196929706955004
GAPB,30.5,6,0.3426694634894396
GAPB,30.6,6,0.3431831684703628
GAPB,30.700000000000003,6,0.3435149357886136
GAPB,30.8,6,0.3436699967597221
GAPB,30.900000000000002,6,0.34365416461257503
GAPB,31.0,6,0.34338494255309726
GAPB,31.1,6,0.3427873578383682
GAPB,31.200000000000003,6,0.34189441917511587
GAPB,31.3,6,0.3407366913039933
GAPB,31.400000000000002,6,0.3393424555191249
GAPB,31.5,6,0.3377378592214857
GAPB,31.6,6,0.3359470549793677
GAPB,31.700000000000003,6,0.3339923296391003
GAPB,31.8,6,0.3318942230649302
GAPB,31.900000000000002,6,0.32967163625846574
GAPB,32.0,6,0.32734192938978524
GAPB,32.1,6,0.32492101070597634
GAPB,32.2,6,0.3224234174771823
GAPB,32.300000000000004,6,0.3198623901759934
GAPB,32.4,6,0.3172394544843211
GAPB,32.5,6,0.31443770023952666
GAPB,32.6,6,0.3114826494516425
GAPB,32.7,6,0.3083962874046762
GAPB,32.800000000000004,6,0.30519765075556116
GAPB,32.9,6,0.30190331018986427
GAPB,33.0,6,0.29852776586766794
GAPB,33.1,6,0.2950837709332994
GAPB,33.2,6,0.2915825958437033
GAPB,33.300000000000004,6,0.2880342441350905
GAPB,33.4,6,0.2844476284440063
GAPB,33.5,6,0.28083071408098803
GAPB,33.6,6,0.2771906361815013
GAPB,33.7,6,0.2735337953939396
GAPB,33.800000000000004,6,0.26986593617679233
GAPB,33.9,6,0.26619221103944746
GAPB,34.0,6,0.262517233450108
GAPB,34.1,6,0.25884512162970985
GAPB,34.2,6,0.2551795350354489
GAPB,34.300000000000004,6,0.25152370499669985
GAPB,34.4,6,0.24788046068741032
GAPB,34.5,6,0.24425225139178508
GAPB,34.6,6,0.2406411658354095
GAPB,34.7,6,0.23704894737138638
GAPB,34.800000000000004,6,0.2334769925906368
GAPB,34.9,6,0.22992634250226907
GAPB,35.0,6,0.22639767234231556
GAPB,35.1,6,0.22289128379547485
GAPB,35.2,6,0.2194071017709991
GAPB,35.300000000000004,6,0.21594467671405937
GAPB,35.4,6,0.21249788016520554
GAPB,35.5,6,0.2090511652362892
GAPB,35.6,6,0.2055919560945405
GAPB,35.7,6,0.2021101363606288
GAPB,35.800000000000004,6,0.1985976190770753
GAPB,35.9,6,0.1950479864124759
GAPB,36.0,6,0.1914561888185542
GAPB,36.1,6,0.18781829473180345
GAPB,36.2,6,0.18413128312550953
GAPB,36.300000000000004,6,0.1803928722863617
GAPB,36.4,6,0.176601379126895
GAPB,36.5,6,0.17275560416391578
GAPB,36.6,6,0.1688547380061749
GAPB,36.7,6,0.1648982858133472
GAPB,36.800000000000004,6,0.16088600672351028
GAPB,36.9,6,0.15681786570737266
GAPB,37.0,6,0.15269399570346032
GAPB,37.1,6,0.14851466822729975
GAPB,37.2,6,0.14428027093662976
GAPB,37.300000000000004,6,0.13999129088036
GAPB,37.4,6,0.1356483023671391
GAPB,37.5,6,0.13125195856526695
GAPB,37.6,6,0.12680298609375917
GAPB,37.7,6,0.12230210442479361
GAPB,37.800000000000004,6,0.1177499033628795
GAPB,37.9,6,0.11314678502821351
GAPB,38.0,6,0.108492951398512
GAPB,38.1,6,0.10378842280265665
GAPB,38.2,6,0.0990330762359779
GAPB,38.300000000000004,6,0.09420468581029695
GAPB,38.400000000000006,6,0.08916924060323517
GAPB,38.5,6,0.08394440417102622
GAPB,38.6,6,0.07854621387426874
GAPB,38.7,6,0.07298931690223753
GAPB,38.800000000000004,6,0.06728717973607701
GAPB,38.900000000000006,6,0.06145227263506925
GAPB,39.0,6,0.05549623093394551
GAPB,39.1,6,0.04942999504163659
GAPB,39.2,6,0.043263931058286076
GAPB,39.300000000000004,6,0.037007933897843515
GAPB,39.400000000000006,6,0.03067151473405616
GAPB,39.5,6,0.024263874490964454
GAPB,39.6,6,0.01779396498472785
GAPB,39.7,6,0.011270539199530916
GAPB,39.800000000000004,6,0.004702192052143062
GAPB,39.900000000000006,6,-0.001902607128226208
GAPB,40.0,6,-0.008535489302639476
GAPB,40.1,6,-0.015188166624476196
GAPB,40.2,6,-0.02185241866924237
GAPB,40.300000000000004,6,-0.02852008383124982
GAPB,40.400000000000006,6,-0.0351830556572974
GAPB,40.5,6,-0.041833283543500244
GAPB,40.6,6,-0.04846277705771662
GAPB,40.7,6,-0.05506468446970203
GAPB,40.800000000000004,6,-0.0616334129663727
GAPB,40.900000000000006,6,-0.06816417411360476
GAPB,41.0,6,-0.07465263973477043
GAPB,41.1,6,-0.0810946867959661
GAPB,41.2,6,-0.08748621355601927
GAPB,41.300000000000004,6,-0.09382301233707935
GAPB,41.400000000000006,6,-0.10010068687887319
GAPB,41.5,6,-0.1063146044267409
GAPB,41.6,6,-0.1124598745320835
GAPB,41.7,6,-0.11853134806713506
GAPB,41.800000000000004,6,-0.12452363122054777
GAPB,41.900000000000006,6,-0.13043111028605558
GAPB,42.0,6,-0.13624798553616735
GAPB,42.1,6,-0.14196831241050845
GAPB,42.2,6,-0.1475860479793809
GAPB,42.300000000000004,6,-0.1530951006189749
GAPB,42.400000000000006,6,-0.15848938096822884
GAPB,42.5,6,-0.16376285246486688
GAPB,42.6,6,-0.16890958003349077
GAPB,42.7,6,-0.1739237757894152
GAPB,42.800000000000004,6,-0.17879984090640555
GAPB,42.900000000000006,6,-0.18353240306033847
GAPB,43.0,6,-0.18811634909601516
GAPB,43.1,6,-0.19254685276656502
GAPB,43.2,6,-0.19681939756314826
GAPB,43.300000000000004,6,-0.2009297992511616
GAPB,43.400000000000006,6,-0.20487423105941893
GAPB,43.5,6,-0.20864924884687674
GAPB,43.6,6,-0.2122518212384623
GAPB,43.7,6,-0.21569220186220583
GAPB,43.800000000000004,6,-0.21898130969219842
GAPB,43.900000000000006,6,-0.22212723787058763
GAPB,44.0,6,-0.2251358260380929
GAPB,44.1,6,-0.228011139041973
GAPB,44.2,6,-0.23075586450908325
GAPB,44.300000000000004,6,-0.2333716405198114
GAPB,44.400000000000006,6,-0.23585932342579063
GAPB,44.5,6,-0.2382192047314895
GAPB,44.6,6,-0.2404511849140789
GAPB,44.7,6,-0.2425549223862813
GAPB,44.800000000000004,6,-0.24452998426233563
GAPB,44.900000000000006,6,-0.2463759531953027
GAPB,45.0,6,-0.2480924999359999
GAPB,45.1,6,-0.2496794294845106
GAPB,45.2,6,-0.25113670721995085
GAPB,45.300000000000004,6,-0.25246447015790885
GAPB,45.400000000000006,6,-0.2536630274587175
GAPB,45.5,6,-0.2547328534608244
GAPB,45.6,6,-0.2556747066751015
GAPB,45.7,6,-0.2564900549167124
GAPB,45.800000000000004,6,-0.2571808633887329
GAPB,45.900000000000006,6,-0.2577494249721415
GAPB,46.0,6,-0.25819822593016006
GAPB,46.1,6,-0.25852984123011247
GAPB,46.2,6,-0.2587468545417675
GAPB,46.300000000000004,6,-0.25885183715011983
GAPB,46.400000000000006,6,-0.2588473518302088
GAPB,46.5,6,-0.2587359515516141
GAPB,46.6,6,-0.25852017479715883
GAPB,46.7,6,-0.25837509413392645
GAPB,46.800000000000004,6,-0.2582817866637672
GAPB,46.900000000000006,6,-0.2582233516442827
GAPB,47.0,6,-0.2581848124387758
GAPB,47.1,6,-0.2581528963510067
GAPB,47.2,6,-0.25811583888139644
GAPB,47.300000000000004,6,-0.25806818088482153
GAPB,47.400000000000006,6,-0.2580063525239584
GAPB,47.5,6,-0.2579264853616152
GAPB,47.6,6,-0.25782449237485494
GAPB,47.7,6,-0.2576961373637836
GAPB,47.800000000000004,6,-0.2575370951044018
GAPB,47.900000000000006,6,-0.257343003421564
GAPB,48.0,6,-0.2571095082067494
GAPB,48.1,6,-0.25683230227348375
GAPB,48.2,6,-0.2565071588282528
GAPB,48.300000000000004,6,-0.2561299602345741
GAPB,48.400000000000006,6,-0.25569672266065346
GAPB,48.5,6,-0.25520361712501405
GAPB,48.6,6,-0.2546469873883286
GAPB,48.7,6,-0.25402336508200385
GAPB,48.800000000000004,6,-0.25332948241375775
GAPB,48.900000000000006,6,-0.2525622827466165
GAPB,49.0,6,-0.25171892930933204
GAPB,49.1,6,-0.25079681226276307
GAPB,49.2,6,-0.24979360421236052
GAPB,49.300000000000004,6,-0.24870787562927
GAPB,49.400000000000006,6,-0.24757496871025175
GAPB,49.5,6,-0.24643093857823395
GAPB,49.6,6,-0.24526849500281678
GAPB,49.7,6,-0.24408103915313895
GAPB,49.800000000000004,6,-0.2428626059155352
GAPB,49.900000000000006,6,-0.2416078131053041
GAPB,50.0,6,-0.24031181674899926
GAPB,50.1,6,-0.23897027169526375
GAPB,50.2,6,-0.23757929688632196
GAPB,50.300000000000004,6,-0.23613544468968684
GAPB,50.400000000000006,6,-0.23463567375093497
GAPB,50.5,6,-0.23307732488437694
GAPB,50.6,6,-0.2314580995695028
GAPB,50.7,6,-0.22977604066780977
GAPB,50.800000000000004,6,-0.22802951501738633
GAPB,50.900000000000006,6,-0.22621719760194559
GAPB,51.0,6,-0.22433805702703147
GAPB,51.1,6,-0.22239134206939326
GAPB,51.2,6,-0.22037656909602
GAPB,51.300000000000004,6,-0.21829351017749943
GAPB,51.400000000000006,6,-0.2161421817461857
GAPB,51.5,6,-0.21392283367342735
GAPB,51.6,6,-0.21163593866183383
GAPB,51.7,6,-0.2092821818683479
GAPB,51.800000000000004,6,-0.20686245069189368
GAPB,51.900000000000006,6,-0.20437782467552523
GAPB,52.0,6,-0.20182956548752706
GAPB,52.1,6,-0.19921910695864753
GAPB,52.2,6,-0.19655293390457906
GAPB,52.300000000000004,6,-0.19383942441123558
GAPB,52.400000000000006,6,-0.1910860598124433
GAPB,52.5,6,-0.1882995046526208
GAPB,52.6,6,-0.18548568042541724
GAPB,52.7,6,-0.18264984048249389
GAPB,52.800000000000004,6,-0.17979664661263328
GAPB,52.900000000000006,6,-0.1769302370574195
GAPB,53.0,6,-0.17405428685640345
GAPB,53.1,6,-0.17117206133321972
GAPB,53.2,6,-0.1682864634594896
GAPB,53.300000000000004,6,-0.165400075764774
GAPB,53.400000000000006,6,-0.16251519739793352
GAPB,53.5,6,-0.15963387688734265
GAPB,53.6,6,-0.15675794109420949
GAPB,53.7,6,-0.1538890208042787
GAPB,53.800000000000004,6,-0.15102857335811315
GAPB,53.900000000000006,6,-0.14817790267875175
GAPB,54.0,6,-0.14533817701742358
GAPB,54.1,6,-0.14251044470302077
GAPB,54.2,6,-0.1396956481489262
GAPB,54.300000000000004,6,-0.13689463634141497
GAPB,54.400000000000006,6,-0.1341081760069116
GAPB,54.5,6,-0.1313369616309128
GAPB,54.6,6,-0.12858162447902366
GAPB,54.7,6,-0.12584274075032909
GAPB,54.800000000000004,6,-0.12312083897498383
GAPB,54.900000000000006,6,-0.12041640675145437
GAPB,55.0,6,-0.11772989690402724
GAPB,55.1,6,-0.11511153636371141
GAPB,55.2,6,-0.11265332262293803
GAPB,55.300000000000004,6,-0.11034179263111987
GAPB,55.400000000000006,6,-0.10816413363268396
GAPB,55.5,6,-0.10610816046485816
GAPB,55.6,6,-0.1041623831568721
GAPB,55.7,6,-0.10231618920195373
GAPB,55.800000000000004,6,-0.10055976772439301
GAPB,55.900000000000006,6,-0.09888404110229665
GAPB,56.0,6,-0.0972806032951663
GAPB,56.1,6,-0.09574166420905428
GAPB,56.2,6,-0.09425999950530617
GAPB,56.300000000000004,6,-0.09282890532302979
GAPB,56.400000000000006,6,-0.09144215744168704
GAPB,56.5,6,-0.09009397445932166
GAPB,56.6,6,-0.08877898460504419
GAPB,56.7,6,-0.08749219584205825
GAPB,56.800000000000004,6,-0.0862289689505964
GAPB,56.900000000000006,6,-0.08498499330909048
GAPB,57.0,6,-0.08375626511737799
GAPB,57.1,6,-0.08253906782818099
GAPB,57.2,6,-0.08132995457295777
GAPB,57.300000000000004,6,-0.08012573254047872
GAPB,57.400000000000006,6,-0.07892344915655691
GAPB,57.5,6,-0.07772037984604374
GAPB,57.6,6,-0.07651401717815709
GAPB,57.7,6,-0.07530206237475134
GAPB,57.800000000000004,6,-0.07408242250786934
GAPB,57.900000000000006,6,-0.07285320676534823
GAPB,58.0,6,-0.07161272197602919
GAPB,58.1,6,-0.07035946755413747
GAPB,58.2,6,-0.06909212999499559
GAPB,58.300000000000004,6,-0.06780957914206098
GAPB,58.400000000000006,6,-0.06651088055766152
GAPB,58.5,6,-0.0651961418351732
GAPB,58.6,6,-0.06387071224179053
GAPB,58.7,6,-0.06253930023106591
GAPB,58.800000000000004,6,-0.061206035560871896
GAPB,58.900000000000006,6,-0.059874524870654255
GAPB,59.0,6,-0.05854790147352951
GAPB,59.1,6,-0.057228870029062406
GAPB,59.2,6,-0.055919746683922966
GAPB,59.300000000000004,6,-0.054622495198675125
GAPB,59.400000000000006,6,-0.053338759518519296
GAPB,59.5,6,-0.052069893192781436
GAPB,59.6,6,-0.05081698600145579
GAPB,59.7,6,-0.04958088810615635
GAPB,59.800000000000004,6,-0.048362232006912365
GAPB,59.900000000000006,6,-0.04716145255444992
GAPB,60.0,6,-0.04597880796136522
GAPB,60.1,6,-0.04481440196535402
GAPB,60.2,6,-0.043668217142409205
GAPB,60.300000000000004,6,-0.04254019490366545
GAPB,60.400000000000006,6,-0.04143023267668866
GAPB,60.5,6,-0.04033818176173831
GAPB,60.6,6,-0.039263845970571865
GAPB,60.7,6,-0.03820698109697673
GAPB,60.800000000000004,6,-0.037167295218299756
GAPB,60.900000000000006,6,-0.03614444979139364
GAPB,61.0,6,-0.03513806148177423
GAPB,61.1,6,-0.0341477046489338
GAPB,61.2,6,-0.03317291440156467
GAPB,61.300000000000004,6,-0.032213552388647315
GAPB,61.400000000000006,6,-0.03126973856362625
GAPB,61.5,6,-0.03045772533744362
GAPB,61.6,6,-0.029769432014509434
GAPB,61.7,6,-0.02922381532851226
GAPB,61.800000000000004,6,-0.028803096691962793
GAPB,61.900000000000006,6,-0.02849130329203753
GAPB,62.0,6,-0.028274035873058878
GAPB,62.1,6,-0.028138268859866145
GAPB,62.2,6,-0.02807217850340571
GAPB,62.300000000000004,6,-0.028064995276057658
GAPB,62.400000000000006,6,-0.02810687722625005
GAPB,62.5,6,-0.028188801426354715
GAPB,62.6,6,-0.028302471020762
GAPB,62.7,6,-0.02844030154257915
GAPB,62.800000000000004,6,-0.02859546748553754
GAPB,62.900000000000006,6,-0.02876180629985825
GAPB,63.0,6,-0.028935259418719994
GAPB,63.1,6,-0.02911268953921642
GAPB,63.2,6,-0.029290977826763154
GAPB,63.300000000000004,6,-0.029470784758441226
GAPB,63.400000000000006,6,-0.029658168087857817
GAPB,63.5,6,-0.029849034093828664
GAPB,63.6,6,-0.030039392084843186
GAPB,63.7,6,-0.030225364319679926
GAPB,63.800000000000004,6,-0.030403196476305183
GAPB,63.900000000000006,6,-0.030569268066336974
GAPB,64.0,6,-0.030720102355742185
GAPB,64.10000000000001,6,-0.030852375483179983
GAPB,64.2,6,-0.030968961775220905
GAPB,64.3,6,-0.031073028498097344
GAPB,64.4,6,-0.0311668704903294
GAPB,64.5,6,-0.03125203794386522
GAPB,64.60000000000001,6,-0.03132944895597234
GAPB,64.7,6,-0.03139948847712937
GAPB,64.8,6,-0.03146209512502729
GAPB,64.9,6,-0.03151683719232068
GAPB,65.0,6,-0.031562979045284933
GAPB,0.0,7,0.0
GAPB,0.1,7,-0.0005021596902690106
GAPB,0.2,7,-0.0009121185438463186
GAPB,0.30000000000000004,7,-0.0012392714671403127
GAPB,0.4,7,-0.0014931657261136877
GAPB,0.5,7,-0.0016818687643489483
GAPB,0.6000000000000001,7,-0.0018125227209022654
GAPB,0.7000000000000001,7,-0.001891438633149889
GAPB,0.8,7,-0.0019241830362712875
GAPB,0.9,7,-0.0019156575515300034
GAPB,1.0,7,-0.0018702849342950856
GAPB,1.1,7,-0.0017925175083011169
GAPB,1.2000000000000002,7,-0.0016867375470432933
GAPB,1.3,7,-0.001557181861539192
GAPB,1.4000000000000001,7,-0.0014899789291984433
GAPB,1.5,7,-0.0015285623342009558
GAPB,1.6,7,-0.0016580439123696777
GAPB,1.7000000000000002,7,-0.0018651362367716473
GAPB,1.8,7,-0.0021379490837301063
GAPB,1.9000000000000001,7,-0.0024658165730517823
GAPB,2.0,7,-0.002839149951352482
GAPB,2.1,7,-0.00325064036885081
GAPB,2.2,7,-0.003694588907675822
GAPB,2.3000000000000003,7,-0.004165624499488985
GAPB,2.4000000000000004,7,-0.004658705815099751
GAPB,2.5,7,-0.00516911686455046
GAPB,2.6,7,-0.005692457399833373
GAPB,2.7,7,-0.006224629229238943
GAPB,2.8000000000000003,7,-0.0067618195081511345
GAPB,2.9000000000000004,7,-0.007300481987201124
GAPB,3.0,7,-0.007837317090972462
GAPB,3.1,7,-0.008369251580967685
GAPB,3.2,7,-0.00889341843382141
GAPB,3.3000000000000003,7,-0.009407137445942126
GAPB,3.4000000000000004,7,-0.009907896963058604
GAPB,3.5,7,-0.010393337030102145
GAPB,3.6,7,-0.010861234164964984
GAPB,3.7,7,-0.01130948787962538
GAPB,3.8000000000000003,7,-0.01173610994830554
GAPB,3.9000000000000004,7,-0.012140173119494335
GAPB,4.0,7,-0.012531001925632168
GAPB,4.1000000000000005,7,-0.012915456785966839
GAPB,4.2,7,-0.01329834802843699
GAPB,4.3,7,-0.013682790263148448
GAPB,4.4,7,-0.014070595132265495
GAPB,4.5,7,-0.01446252889809152
GAPB,4.6000000000000005,7,-0.014858518817254307
GAPB,4.7,7,-0.015257879358001603
GAPB,4.800000000000001,7,-0.015659488343708006
GAPB,4.9,7,-0.016061922809113227
GAPB,5.0,7,-0.0164635626369094
GAPB,5.1000000000000005,7,-0.01686266860020247
GAPB,5.2,7,-0.01725744432370746
GAPB,5.300000000000001,7,-0.0176462222767082
GAPB,5.4,7,-0.01802745631803937
GAPB,5.5,7,-0.018399708291024552
GAPB,5.6000000000000005,7,-0.018761631565030967
GAPB,5.7,7,-0.01911195360801088
GAPB,5.800000000000001,7,-0.01944945904369
GAPB,5.9,7,-0.019772974160332524
GAPB,6.0,7,-0.020081353467093166
GAPB,6.1000000000000005,7,-0.0203734686158068
GAPB,6.2,7,-0.020648199801636125
GAPB,6.300000000000001,7,-0.020904429609659658
GAPB,6.4,7,-0.021141040044676984
GAPB,6.5,7,-0.02135695589860198
GAPB,6.6000000000000005,7,-0.021551172056392787
GAPB,6.7,7,-0.021722768946773385
GAPB,6.800000000000001,7,-0.021870919429600733
GAPB,6.9,7,-0.022108149088445828
GAPB,7.0,7,-0.022427385963833757
GAPB,7.1000000000000005,7,-0.022816501358331465
GAPB,7.2,7,-0.023264277594590155
GAPB,7.300000000000001,7,-0.023760323843228903
GAPB,7.4,7,-0.024295001140925976
GAPB,7.5,7,-0.02485944531476214
GAPB,7.6000000000000005,7,-0.025446176542812893
GAPB,7.7,7,-0.026048834564788237
GAPB,7.800000000000001,7,-0.026661959174978378
GAPB,7.9,7,-0.027280809213413804
GAPB,8.0,7,-0.027901214190460877
GAPB,8.1,7,-0.0285194534864317
GAPB,8.200000000000001,7,-0.02913215877340747
GAPB,8.3,7,-0.029736235922275256
GAPB,8.4,7,-0.03032880319440956
GAPB,8.5,7,-0.0309071429835015
GAPB,8.6,7,-0.031468664777262845
GAPB,8.700000000000001,7,-0.03201229787455162
GAPB,8.8,7,-0.032537435062470976
GAPB,8.9,7,-0.033043115586316674
GAPB,9.0,7,-0.0335280698718492
GAPB,9.1,7,-0.03399076508072696
GAPB,9.200000000000001,7,-0.034429530717879686
GAPB,9.3,7,-0.03484291561018438
GAPB,9.4,7,-0.03523306136932547
GAPB,9.5,7,-0.03561410681173349
GAPB,9.600000000000001,7,-0.03598258694056078
GAPB,9.700000000000001,7,-0.036335199828718245
GAPB,9.8,7,-0.03666879118001276
GAPB,9.9,7,-0.03698034250932558
GAPB,10.0,7,-0.037266962317854535
GAPB,10.100000000000001,7,-0.037525882264777266
GAPB,10.200000000000001,7,-0.03775445685932155
GAPB,10.3,7,-0.03795016550655639
GAPB,10.4,7,-0.03811061599753707
GAPB,10.5,7,-0.038241329218353215
GAPB,10.600000000000001,7,-0.038347096301578176
GAPB,10.700000000000001,7,-0.038431635951232224
GAPB,10.8,7,-0.03849774537420636
GAPB,10.9,7,-0.03854743364381541
GAPB,11.0,7,-0.038582039272386126
GAPB,11.100000000000001,7,-0.03860233361827525
GAPB,11.200000000000001,7,-0.0386086116110107
GAPB,11.3,7,-0.0386007711461378
GAPB,11.4,7,-0.038578382379386156
GAPB,11.5,7,-0.03854074803835594
GAPB,11.600000000000001,7,-0.038486955766082076
GAPB,11.700000000000001,7,-0.038415923414406805
GAPB,11.8,7,-0.038336748680949384
GAPB,11.9,7,-0.03826140772924269
GAPB,12.0,7,-0.038185426451985194
GAPB,12.100000000000001,7,-0.03810450918255093
GAPB,12.200000000000001,7,-0.03801855611838256
GAPB,12.3,7,-0.03792745307959855
GAPB,12.4,7,-0.03783063525319719
GAPB,12.5,7,-0.03772716861400305
GAPB,12.600000000000001,7,-0.037615819470799394
GAPB,12.700000000000001,7,-0.03749511382222792
GAPB,12.8,7,-0.03736338799461514
GAPB,12.9,7,-0.03721883184469377
GAPB,13.0,7,-0.03705956578840208
GAPB,13.100000000000001,7,-0.03688370768380622
GAPB,13.200000000000001,7,-0.03668942108563478
GAPB,13.3,7,-0.036474948746301195
GAPB,13.4,7,-0.036362646829909195
GAPB,13.5,7,-0.036372246286600074
GAPB,13.600000000000001,7,-0.03648575505406271
GAPB,13.700000000000001,7,-0.03668689616256948
GAPB,13.8,7,-0.03696092944760565
GAPB,13.9,7,-0.03729449022204001
GAPB,14.0,7,-0.03767544372549381
GAPB,14.100000000000001,7,-0.03809275418978153
GAPB,14.200000000000001,7,-0.03853636739287403
GAPB,14.3,7,-0.038997105617333716
GAPB,14.4,7,-0.039466573985219355
GAPB,14.5,7,-0.03993707723682682
GAPB,14.600000000000001,7,-0.04040154605094948
GAPB,14.700000000000001,7,-0.040853472043140826
GAPB,14.8,7,-0.0412868527226955
GAPB,14.9,7,-0.04169615363118773
GAPB,15.0,7,-0.04209974619654844
GAPB,15.100000000000001,7,-0.04251543001478453
GAPB,15.200000000000001,7,-0.04293628029909691
GAPB,15.3,7,-0.04335580392984539
GAPB,15.4,7,-0.04376789592772745
GAPB,15.5,7,-0.044166801746110096
GAPB,15.600000000000001,7,-0.044547084833899575
GAPB,15.700000000000001,7,-0.04490359894846918
GAPB,15.8,7,-0.04523146472884498
GAPB,15.9,7,-0.04552637891273825
GAPB,16.0,7,-0.04578471007865126
GAPB,16.1,7,-0.04600337431702428
GAPB,16.2,7,-0.04617973070751269
GAPB,16.3,7,-0.04631149408392332
GAPB,16.400000000000002,7,-0.04639666284461619
GAPB,16.5,7,-0.04643345981385849
GAPB,16.6,7,-0.04642028438147605
GAPB,16.7,7,-0.04635567434668175
GAPB,16.8,7,-0.046238276069523465
GAPB,16.900000000000002,7,-0.04606682169208298
GAPB,17.0,7,-0.045840112333394245
GAPB,17.1,7,-0.04555700628878512
GAPB,17.2,7,-0.04521641137766075
GAPB,17.3,7,-0.04481728068511259
GAPB,17.400000000000002,7,-0.04435861103350902
GAPB,17.5,7,-0.0438395323802645
GAPB,17.6,7,-0.04325935120848712
GAPB,17.7,7,-0.04261753190692019
GAPB,17.8,7,-0.041913680849869905
GAPB,17.900000000000002,7,-0.041147532786386165
GAPB,18.0,7,-0.0403189391854486
GAPB,18.1,7,-0.03942785821970496
GAPB,18.2,7,-0.03847434676248618
GAPB,18.3,7,-0.03745855431623468
GAPB,18.400000000000002,7,-0.036382675888042115
GAPB,18.5,7,-0.035249160949165415
GAPB,18.6,7,-0.03406001040673878
GAPB,18.7,7,-0.03281684473845203
GAPB,18.8,7,-0.031525601875634024
GAPB,18.900000000000002,7,-0.030196566782022316
GAPB,19.0,7,-0.02883807401497762
GAPB,19.1,7,-0.027456769611228893
GAPB,19.200000000000003,7,-0.026057841858804665
GAPB,19.3,7,-0.024645224250294362
GAPB,19.400000000000002,7,-0.023221773602054796
GAPB,19.5,7,-0.02178942604057532
GAPB,19.6,7,-0.020349333298549155
GAPB,19.700000000000003,7,-0.018901981527442047
GAPB,19.8,7,-0.01744729461832506
GAPB,19.900000000000002,7,-0.015984833968879286
GAPB,20.0,7,-0.014516456310531112
GAPB,20.1,7,-0.01304349622098755
GAPB,20.200000000000003,7,-0.011566814458847219
GAPB,20.3,7,-0.010086842164467313
GAPB,20.400000000000002,7,-0.008603621295405262
GAPB,20.5,7,-0.007116841643959759
GAPB,20.6,7,-0.005625874763296679
GAPB,20.700000000000003,7,-0.004129805107631057
GAPB,20.8,7,-0.0026274586709700287
GAPB,20.900000000000002,7,-0.001117429388191482
GAPB,21.0,7,0.00040189645810784214
GAPB,21.1,7,0.001932306471831069
GAPB,21.200000000000003,7,0.0034757234215270216
GAPB,21.3,7,0.00503417272457618
GAPB,21.400000000000002,7,0.006609755211750112
GAPB,21.5,7,0.008204624359454016
GAPB,21.6,7,0.00982096727852344
GAPB,21.700000000000003,7,0.011402521821176848
GAPB,21.8,7,0.012817925285839138
GAPB,21.900000000000002,7,0.014085563819914881
GAPB,22.0,7,0.015223050275187333
GAPB,22.1,7,0.016247252164960813
GAPB,22.200000000000003,7,0.017174319125119908
GAPB,22.3,7,0.01801970969510691
GAPB,22.400000000000002,7,0.01879821726578257
GAPB,22.5,7,0.019523995068507105
GAPB,22.6,7,0.020210580103883657
GAPB,22.700000000000003,7,0.0208709159299989
GAPB,22.8,7,0.021517374248738008
GAPB,22.900000000000002,7,0.02216177524545948
GAPB,23.0,7,0.022815406651972125
GAPB,23.1,7,0.023489041515848186
GAPB,23.200000000000003,7,0.02419295467064586
GAPB,23.3,7,0.024936937911999024
GAPB,23.400000000000002,7,0.025730313893788548
GAPB,23.5,7,0.026581948766974506
GAPB,23.6,7,0.027500263591271334
GAPB,23.700000000000003,7,0.028493244556804243
GAPB,23.8,7,0.029568452059296035
GAPB,23.900000000000002,7,0.030733028515015803
GAPB,24.0,7,0.03199348603484786
GAPB,24.1,7,0.03335556429002828
GAPB,24.200000000000003,7,0.03482431283826237
GAPB,24.3,7,0.036404162852466726
GAPB,24.400000000000002,7,0.03809898935408107
GAPB,24.5,7,0.03991216494730132
GAPB,24.6,7,0.041846605958683725
GAPB,24.700000000000003,7,0.043904811806241284
GAPB,24.8,7,0.046088898351417384
GAPB,24.900000000000002,7,0.04840062592457883
GAPB,25.0,7,0.05084142265857672
GAPB,25.1,7,0.053412403714251155
GAPB,25.200000000000003,7,0.05611438693565418
GAPB,25.3,7,0.058947905430271064
GAPB,25.400000000000002,7,0.061913217530113585
GAPB,25.5,7,0.06501031455261952
GAPB,25.6,7,0.0682389267453658
GAPB,25.700000000000003,7,0.07159852774050357
GAPB,25.8,7,0.07508833766637757
GAPB,25.900000000000002,7,0.07870732510715683
GAPB,26.0,7,0.08245420812828286
GAPB,26.1,7,0.08632745459913593
GAPB,26.200000000000003,7,0.09032528204723178
GAPB,26.3,7,0.09444565727258869
GAPB,26.400000000000002,7,0.09868629593874978
GAPB,26.5,7,0.10304466233989196
GAPB,26.6,7,0.10751796952295756
GAPB,26.700000000000003,7,0.11210317992099661
GAPB,26.8,7,0.11679699608295913
GAPB,26.900000000000002,7,0.12159079055552624
GAPB,27.0,7,0.12647325673692045
GAPB,27.1,7,0.1314339834041256
GAPB,27.200000000000003,7,0.13646334773547153
GAPB,27.3,7,0.14155241801428353
GAPB,27.400000000000002,7,0.14669286574219065
GAPB,27.5,7,0.15187688681209366
GAPB,27.6,7,0.1570971313279781
GAPB,27.700000000000003,7,0.16234664161023282
GAPB,27.8,7,0.16761879788940348
GAPB,27.900000000000002,7,0.1729072711670785
GAPB,28.0,7,0.1782059827084872
GAPB,28.1,7,0.18350906962606217
GAPB,28.200000000000003,7,0.18881085601563363
GAPB,28.3,7,0.19410579950143791
GAPB,28.400000000000002,7,0.19938844623067808
GAPB,28.5,7,0.20465339947702432
GAPB,28.6,7,0.20989529950809072
GAPB,28.700000000000003,7,0.21510881266422466
GAPB,28.8,7,0.2202886278594125
GAPB,28.900000000000002,7,0.22542945895220967
GAPB,29.0,7,0.23052605164754603
GAPB,29.1,7,0.23557319378103792
GAPB,29.200000000000003,7,0.2405657280079634
GAPB,29.3,7,0.2454985660710225
GAPB,29.400000000000002,7,0.2503667039560806
GAPB,29.5,7,0.25516523736459185
GAPB,29.6,7,0.2598887511297292
GAPB,29.700000000000003,7,0.2645311574461786
GAPB,29.8,7,0.26896120629798936
GAPB,29.900000000000002,7,0.2731454334464605
GAPB,30.0,7,0.27709235362567064
GAPB,30.1,7,0.2808097925180313
GAPB,30.200000000000003,7,0.28430503157635734
GAPB,30.3,7,0.287584929454189
GAPB,30.400000000000002,7,0.29065602310243044
GAPB,30.5,7,0.29352461118488726
GAPB,30.6,7,0.29619682211969867
GAPB,30.700000000000003,7,0.29867866875876103
GAPB,30.8,7,0.30097609146501725
GAPB,30.900000000000002,7,0.30309499113138294
GAPB,31.0,7,0.3050412534992972
GAPB,31.1,7,0.306816196646194
GAPB,31.200000000000003,7,0.30841720332419165
GAPB,31.3,7,0.3098434882353498
GAPB,31.400000000000002,7,0.3110958610406591
GAPB,31.5,7,0.31217651036837957
GAPB,31.6,7,0.31308880719112686
GAPB,31.700000000000003,7,0.31383712605283165
GAPB,31.8,7,0.31442668273549934
GAPB,31.900000000000002,7,0.31486338700863925
GAPB,32.0,7,0.3151537091628338
GAPB,32.1,7,0.3153045591242929
GAPB,32.2,7,0.3153231770593674
GAPB,32.300000000000004,7,0.3152170344936138
GAPB,32.4,7,0.31499374508074673
GAPB,32.5,7,0.314660444551107
GAPB,32.6,7,0.31420804531872015
GAPB,32.7,7,0.3135400884989554
GAPB,32.800000000000004,7,0.3126716917322838
GAPB,32.9,7,0.31161793289304107
GAPB,33.0,7,0.310393612555254
GAPB,33.1,7,0.3090130812314058
GAPB,33.2,7,0.30749011737437293
GAPB,33.300000000000004,7,0.3058378448808643
GAPB,33.4,7,0.3040686810809614
GAPB,33.5,7,0.30219430802853253
GAPB,33.6,7,0.3002256613931351
GAPB,33.7,7,0.2981729324559943
GAPB,33.800000000000004,7,0.2960455796812873
GAPB,33.9,7,0.2938523471115957
GAPB,34.0,7,0.29160128745799874
GAPB,34.1,7,0.28929978825014047
GAPB,34.2,7,0.28695459980376015
GAPB,34.300000000000004,7,0.2845718640724346
GAPB,34.4,7,0.28215714369299505
GAPB,34.5,7,0.27971545072349535
GAPB,34.6,7,0.2772512747195641
GAPB,34.7,7,0.2747686099083122
GAPB,34.800000000000004,7,0.2722709811316246
GAPB,34.9,7,0.2697614670876618
GAPB,35.0,7,0.26724272043236397
GAPB,35.1,7,0.26471698492748885
GAPB,35.2,7,0.2621861101612719
GAPB,35.300000000000004,7,0.25965156451397675
GAPB,35.4,7,0.25709205084046083
GAPB,35.5,7,0.254398146711857
GAPB,35.6,7,0.2515855258235309
GAPB,35.7,7,0.24866707384313358
GAPB,35.800000000000004,7,0.24565343105172843
GAPB,35.9,7,0.2425534335043391
GAPB,36.0,7,0.2393744705159282
GAPB,36.1,7,0.23612277336399679
GAPB,36.2,7,0.23280364762339012
GAPB,36.300000000000004,7,0.22942165945378967
GAPB,36.4,7,0.22598078439358105
GAPB,36.5,7,0.22248452572859279
GAPB,36.6,7,0.21893600825970339
GAPB,36.7,7,0.2153380522538093
GAPB,36.800000000000004,7,0.21169323149690733
GAPB,36.9,7,0.20800391864931456
GAPB,37.0,7,0.20427232050810318
GAPB,37.1,7,0.2005005052909148
GAPB,37.2,7,0.19669042365141465
GAPB,37.300000000000004,7,0.19284392480539836
GAPB,37.4,7,0.1889627688757347
GAPB,37.5,7,0.18504863634356283
GAPB,37.6,7,0.18110313531373734
GAPB,37.7,7,0.17712780715716647
GAPB,37.800000000000004,7,0.17312412361467722
GAPB,37.9,7,0.16909347237824512
GAPB,38.0,7,0.16503713859772873
GAPB,38.1,7,0.16095628713306276
GAPB,38.2,7,0.15685194844957628
GAPB,38.300000000000004,7,0.15272500967683555
GAPB,38.400000000000006,7,0.14857412345852694
GAPB,38.5,7,0.14438534207161347
GAPB,38.6,7,0.14014789501503522
GAPB,38.7,7,0.13585366714407598
GAPB,38.800000000000004,7,0.1314967584678879
GAPB,38.900000000000006,7,0.12707311385912057
GAPB,39.0,7,0.12258021243312989
GAPB,39.1,7,0.11801680769789158
GAPB,39.2,7,0.11338271076781403
GAPB,39.300000000000004,7,0.10867860998841117
GAPB,39.400000000000006,7,0.10390592124664977
GAPB,39.5,7,0.0990666640557123
GAPB,39.6,7,0.09416335921421393
GAPB,39.7,7,0.08919894445923937
GAPB,39.800000000000004,7,0.08417670506980457
GAPB,39.900000000000006,7,0.0791002168417787
GAPB,40.0,7,0.07397329925536056
GAPB,40.1,7,0.06879997699960505
GAPB,40.2,7,0.06358444831239574
GAPB,40.300000000000004,7,0.05833105884485512
GAPB,40.400000000000006,7,0.0530442799147437
GAPB,40.5,7,0.04772869015842218
GAPB,40.6,7,0.0423889597527527
GAPB,40.7,7,0.03702983653810321
GAPB,40.800000000000004,7,0.03165603188607591
GAPB,40.900000000000006,7,0.02627210824890369
GAPB,41.0,7,0.020882422636717024
GAPB,41.1,7,0.015491109283059856
GAPB,41.2,7,0.01010208866498985
GAPB,41.300000000000004,7,0.004719093163613408
GAPB,41.400000000000006,7,-0.0007772809653090462
GAPB,41.5,7,-0.006397765342196493
GAPB,41.6,7,-0.012122895900754216
GAPB,41.7,7,-0.017934774054657154
GAPB,41.800000000000004,7,-0.023816866591426233
GAPB,41.900000000000006,7,-0.02975382909627733
GAPB,42.0,7,-0.03573135136654848
GAPB,42.1,7,-0.041736023274058454
GAPB,42.2,7,-0.04775521952742601
GAPB,42.300000000000004,7,-0.053777001758906096
GAPB,42.400000000000006,7,-0.059790036335691354
GAPB,42.5,7,-0.06578352628826067
GAPB,42.6,7,-0.07174715576452151
GAPB,42.7,7,-0.07767104546004511
GAPB,42.800000000000004,7,-0.0835457175398524
GAPB,42.900000000000006,7,-0.08936206865248408
GAPB,43.0,7,-0.0951113497381666
GAPB,43.1,7,-0.10078515144505751
GAPB,43.2,7,-0.10637539408628705
GAPB,43.300000000000004,7,-0.11187432119178631
GAPB,43.400000000000006,7,-0.11727449625178821
GAPB,43.5,7,-0.12256880257274716
GAPB,43.6,7,-0.12775044592143203
GAPB,43.7,7,-0.13281296014067934
GAPB,43.800000000000004,7,-0.13775143086350816
GAPB,43.900000000000006,7,-0.14256238943820598
GAPB,44.0,7,-0.14724338906229129
GAPB,44.1,7,-0.1517926829209486
GAPB,44.2,7,-0.15620898405452444
GAPB,44.300000000000004,7,-0.160491290127748
GAPB,44.400000000000006,7,-0.16463875921816928
GAPB,44.5,7,-0.1686506252434672
GAPB,44.6,7,-0.1725261437622141
GAPB,44.7,7,-0.17626456066097695
GAPB,44.800000000000004,7,-0.17986509879527013
GAPB,44.900000000000006,7,-0.18332696071967725
GAPB,45.0,7,-0.18664934152790025
GAPB,45.1,7,-0.1898314473988183
GAPB,45.2,7,-0.19287251667545569
GAPB,45.300000000000004,7,-0.19577184125683544
GAPB,45.400000000000006,7,-0.19852878681265018
GAPB,45.5,7,-0.20114281088277863
GAPB,45.6,7,-0.2036134783344714
GAPB,45.7,7,-0.20594048630701955
GAPB,45.800000000000004,7,-0.20812372644404498
GAPB,45.900000000000006,7,-0.21016332009245353
GAPB,46.0,7,-0.21205963340236522
GAPB,46.1,7,-0.21381327784630066
GAPB,46.2,7,-0.21542510051376595
GAPB,46.300000000000004,7,-0.21689616758732555
GAPB,46.400000000000006,7,-0.2182277472619596
GAPB,46.5,7,-0.21942129447636205
GAPB,46.6,7,-0.22047843672482514
GAPB,46.7,7,-0.22140096047403368
GAPB,46.800000000000004,7,-0.22220708566614533
GAPB,46.900000000000006,7,-0.22291135529040496
GAPB,47.0,7,-0.22352524133302687
GAPB,47.1,7,-0.2240576725963379
GAPB,47.2,7,-0.22451548180684178
GAPB,47.300000000000004,7,-0.22490378346937234
GAPB,47.400000000000006,7,-0.22522676172495437
GAPB,47.5,7,-0.2254879536622152
GAPB,47.6,7,-0.2256902940233232
GAPB,47.7,7,-0.22583616170841303
GAPB,47.800000000000004,7,-0.22592742693510637
GAPB,47.900000000000006,7,-0.22596549816709022
GAPB,48.0,7,-0.2259513681373626
GAPB,48.1,7,-0.2258856584647848
GAPB,48.2,7,-0.2257686625031372
GAPB,48.300000000000004,7,-0.22560038617535305
GAPB,48.400000000000006,7,-0.2253805866361951
GAPB,48.5,7,-0.22510880867842964
GAPB,48.6,7,-0.2247844188535204
GAPB,48.7,7,-0.2244066373208824
GAPB,48.800000000000004,7,-0.2239745674720517
GAPB,48.900000000000006,7,-0.22348722339973293
GAPB,49.0,7,-0.22294355529813537
GAPB,49.1,7,-0.22234247289181397
GAPB,49.2,7,-0.22168286699637818
GAPB,49.300000000000004,7,-0.22096363403778518
GAPB,49.400000000000006,7,-0.22018375622629982
GAPB,49.5,7,-0.21934576817847073
GAPB,49.6,7,-0.21845543430498893
GAPB,49.7,7,-0.21757877164872674
GAPB,49.800000000000004,7,-0.21682651116403306
GAPB,49.900000000000006,7,-0.2161801357205828
GAPB,50.0,7,-0.2156225622724861
GAPB,50.1,7,-0.2151380352269765
GAPB,50.2,7,-0.21471202743051343
GAPB,50.300000000000004,7,-0.21433114845031476
GAPB,50.400000000000006,7,-0.21398305980114252
GAPB,50.5,7,-0.21365639674935188
GAPB,50.6,7,-0.2133406963168447
GAPB,50.7,7,-0.2130263311050733
GAPB,50.800000000000004,7,-0.21270444856223847
GAPB,50.900000000000006,7,-0.21236691532415009
GAPB,51.0,7,-0.2120062662699116
GAPB,51.1,7,-0.21161565794678516
GAPB,51.2,7,-0.21118882603368583
GAPB,51.300000000000004,7,-0.21072004652895515
GAPB,51.400000000000006,7,-0.21020410036518022
GAPB,51.5,7,-0.20963624117117163
GAPB,51.6,7,-0.20901216591861882
GAPB,51.7,7,-0.2083279882081115
GAPB,51.800000000000004,7,-0.20758021396581938
GAPB,51.900000000000006,7,-0.20679675571965994
GAPB,52.0,7,-0.20601347332584297
GAPB,52.1,7,-0.20522190042271227
GAPB,52.2,7,-0.2044141058684552
GAPB,52.300000000000004,7,-0.2035829291768394
GAPB,52.400000000000006,7,-0.2027220410193653
GAPB,52.5,7,-0.2018258571729774
GAPB,52.6,7,-0.20088946166466215
GAPB,52.7,7,-0.19990853829221678
GAPB,52.800000000000004,7,-0.19887931011706428
GAPB,52.900000000000006,7,-0.19779848656406074
GAPB,53.0,7,-0.1966632172475986
GAPB,53.1,7,-0.19547105172919466
GAPB,53.2,7,-0.19421990448931759
GAPB,53.300000000000004,7,-0.19290802446651156
GAPB,53.400000000000006,7,-0.19153396858055416
GAPB,53.5,7,-0.19009657871432672
GAPB,53.6,7,-0.18859496168189693
GAPB,53.7,7,-0.1870284717585058
GAPB,53.800000000000004,7,-0.1853966953924111
GAPB,53.900000000000006,7,-0.18369943775912922
GAPB,54.0,7,-0.18193671085604102
GAPB,54.1,7,-0.18010872286989965
GAPB,54.2,7,-0.17821586858167926
GAPB,54.300000000000004,7,-0.17625872060282788
GAPB,54.400000000000006,7,-0.17423802126431553
GAPB,54.5,7,-0.1721546750052294
GAPB,54.6,7,-0.17000974113101464
GAPB,54.7,7,-0.16780442683303143
GAPB,54.800000000000004,7,-0.16554008038080603
GAPB,54.900000000000006,7,-0.16321818441635827
GAPB,55.0,7,-0.16084034929629887
GAPB,55.1,7,-0.1584083064420163
GAPB,55.2,7,-0.155926466811108
GAPB,55.300000000000004,7,-0.15340392779989287
GAPB,55.400000000000006,7,-0.1508487879778393
GAPB,55.5,7,-0.14826823515759635
GAPB,55.6,7,-0.14566862779735068
GAPB,55.7,7,-0.1430555747735962
GAPB,55.800000000000004,7,-0.1404340195512539
GAPB,55.900000000000006,7,-0.13780831525884807
GAPB,56.0,7,-0.13518229159063821
GAPB,56.1,7,-0.1325593143721644
GAPB,56.2,7,-0.12994233854826298
GAPB,56.300000000000004,7,-0.12733395528229252
GAPB,56.400000000000006,7,-0.12473643379119714
GAPB,56.5,7,-0.12215175848258397
GAPB,56.6,7,-0.11958166190640895
GAPB,56.7,7,-0.11702765398488069
GAPB,56.800000000000004,7,-0.11449104793908127
GAPB,56.900000000000006,7,-0.1119729832894869
GAPB,57.0,7,-0.10947444626954095
GAPB,57.1,7,-0.10699628795642901
GAPB,57.2,7,-0.10453924039109275
GAPB,57.300000000000004,7,-0.10210393092997272
GAPB,57.400000000000006,7,-0.09969089505182893
GAPB,57.5,7,-0.09730058781922857
GAPB,57.6,7,-0.09493339416839675
GAPB,57.7,7,-0.0925896381777509
GAPB,57.800000000000004,7,-0.09026959150421376
GAPB,57.900000000000006,7,-0.08797348133412264
GAPB,58.0,7,-0.08570149783279923
GAPB,58.1,7,-0.08346421375612678
GAPB,58.2,7,-0.08139889414493418
GAPB,58.300000000000004,7,-0.07949133500185113
GAPB,58.400000000000006,7,-0.07772800949870451
GAPB,58.5,7,-0.07609604470610165
GAPB,58.6,7,-0.07458324325160781
GAPB,58.7,7,-0.07317832021445092
GAPB,58.800000000000004,7,-0.07187082442776038
GAPB,58.900000000000006,7,-0.07065106731901238
GAPB,59.0,7,-0.06951005857013115
GAPB,59.1,7,-0.06843944795340917
GAPB,59.2,7,-0.06743147276541528
GAPB,59.300000000000004,7,-0.06647891033925468
GAPB,59.400000000000006,7,-0.06557503516688357
GAPB,59.5,7,-0.06471358020850637
GAPB,59.6,7,-0.06388870200606966
GAPB,59.7,7,-0.06309494925318582
GAPB,59.800000000000004,7,-0.06232723450503208
GAPB,59.900000000000006,7,-0.061580808739419624
GAPB,60.0,7,-0.06085123850475327
GAPB,60.1,7,-0.06013438555257622
GAPB,60.2,7,-0.05942638886206275
GAPB,60.300000000000004,7,-0.05872364948016262
GAPB,60.400000000000006,7,-0.05802282040486162
GAPB,60.5,7,-0.05732079694581671
GAPB,60.6,7,-0.05661470754109388
GAPB,60.7,7,-0.05590190501325942
GAPB,60.800000000000004,7,-0.05517995824969546
GAPB,60.900000000000006,7,-0.054446644291463286
GAPB,61.0,7,-0.0536999408130967
GAPB,61.1,7,-0.052938018973129886
GAPB,61.2,7,-0.052159236612425275
GAPB,61.300000000000004,7,-0.05136213177476456
GAPB,61.400000000000006,7,-0.05054543517913501
GAPB,61.5,7,-0.049708078230215946
GAPB,61.6,7,-0.04885516805861201
GAPB,61.7,7,-0.047991254087476065
GAPB,61.800000000000004,7,-0.047121755444868185
GAPB,61.900000000000006,7,-0.04625102626302535
GAPB,62.0,7,-0.04538251041729424
GAPB,62.1,7,-0.04451887542491306
GAPB,62.2,7,-0.043662128281029666
GAPB,62.300000000000004,7,-0.04281371564210623
GAPB,62.400000000000006,7,-0.041974610447377714
GAPB,62.5,7,-0.04114538679150215
GAPB,62.6,7,-0.040326284620560315
GAPB,62.7,7,-0.03951726561446378
GAPB,62.800000000000004,7,-0.03871806482812801
GAPB,62.900000000000006,7,-0.037928241440923216
GAPB,63.0,7,-0.03714722134072801
GAPB,63.1,7,-0.03637441116690354
GAPB,63.2,7,-0.035609244855995925
GAPB,63.300000000000004,7,-0.03485118079189142
GAPB,63.400000000000006,7,-0.03409989243934142
GAPB,63.5,7,-0.03335553169270078
GAPB,63.6,7,-0.03261817698280112
GAPB,63.7,7,-0.03188783903398118
GAPB,63.800000000000004,7,-0.031164466547343395
GAPB,63.900000000000006,7,-0.030447951868049827
GAPB,64.0,7,-0.02974342412629305
GAPB,64.10000000000001,7,-0.02908224742147425
GAPB,64.2,7,-0.028458472679627533
GAPB,64.3,7,-0.027867226834191072
GAPB,64.4,7,-0.02730461677668039
GAPB,64.5,7,-0.0268662149348895
GAPB,64.60000000000001,7,-0.02655480311184455
GAPB,64.7,7,-0.0263540694011688
GAPB,64.8,7,-0.026249430458108236
GAPB,64.9,7,-0.02622779937052222
GAPB,65.0,7,-0.02627738653907663
GAPB,0.0,8,0.0
GAPB,0.1,8,-0.0019421817664451169
GAPB,0.2,8,-0.003749776878890998
GAPB,0.30000000000000004,8,-0.0054228753063743085
GAPB,0.4,8,-0.006962147639935523
GAPB,0.5,8,-0.008368828844849574
GAPB,0.6000000000000001,8,-0.009644618447353537
GAPB,0.7000000000000001,8,-0.010791614301991714
GAPB,0.8,8,-0.011812254347026041
GAPB,0.9,8,-0.012709265478061837
GAPB,1.0,8,-0.013485618753669826
GAPB,1.1,8,-0.014144496039728338
GAPB,1.2000000000000002,8,-0.014689284047008755
GAPB,1.3,8,-0.015123562935340118
GAPB,1.4000000000000001,8,-0.015451091022846697
GAPB,1.5,8,-0.01568001458856294
GAPB,1.6,8,-0.01582043122389365
GAPB,1.7000000000000002,8,-0.015881281470587538
GAPB,1.8,8,-0.015870495647000382
GAPB,1.9000000000000001,8,-0.01579512139173822
GAPB,2.0,8,-0.01566143459725211
GAPB,2.1,8,-0.01547503600436606
GAPB,2.2,8,-0.015241003810027465
GAPB,2.3000000000000003,8,-0.01496400284862709
GAPB,2.4000000000000004,8,-0.014648321254773222
GAPB,2.5,8,-0.01429790473411785
GAPB,2.6,8,-0.013916388296037141
GAPB,2.7,8,-0.013507125366791328
GAPB,2.8000000000000003,8,-0.013073214263084054
GAPB,2.9000000000000004,8,-0.012617522060988762
GAPB,3.0,8,-0.01214270594227429
GAPB,3.1,8,-0.011651232138621737
GAPB,3.2,8,-0.011145392623957306
GAPB,3.3000000000000003,8,-0.010627319726607354
GAPB,3.4000000000000004,8,-0.010098998846862273
GAPB,3.5,8,-0.009562279472655533
GAPB,3.6,8,-0.009055068172488134
GAPB,3.7,8,-0.008582291640076178
GAPB,3.8000000000000003,8,-0.008139818825439349
GAPB,3.9000000000000004,8,-0.007723912740353001
GAPB,4.0,8,-0.007331280802238993
GAPB,4.1000000000000005,8,-0.006959993692209565
GAPB,4.2,8,-0.0066090943584899975
GAPB,4.3,8,-0.006278289846092022
GAPB,4.4,8,-0.006031800008116761
GAPB,4.5,8,-0.005929971431333669
GAPB,4.6000000000000005,8,-0.005954692628224123
GAPB,4.7,8,-0.006089760618444018
GAPB,4.800000000000001,8,-0.006320615377072514
GAPB,4.9,8,-0.006634120345712091
GAPB,5.0,8,-0.0070183801885264074
GAPB,5.1000000000000005,8,-0.007462588686978577
GAPB,5.2,8,-0.007956901060662602
GAPB,5.300000000000001,8,-0.008492326521894356
GAPB,5.4,8,-0.009060650653633928
GAPB,5.5,8,-0.009654365923973174
GAPB,5.6000000000000005,8,-0.010266608881176253
GAPB,5.7,8,-0.010891103003869418
GAPB,5.800000000000001,8,-0.011522106487243278
GAPB,5.9,8,-0.012154364458842437
GAPB,6.0,8,-0.012783065260839166
GAPB,6.1000000000000005,8,-0.01340380052809742
GAPB,6.2,8,-0.014012528847459294
GAPB,6.300000000000001,8,-0.01460554281443649
GAPB,6.4,8,-0.015179439317380528
GAPB,6.5,8,-0.015731092965133087
GAPB,6.6000000000000005,8,-0.01625763668534219
GAPB,6.7,8,-0.016756447137600716
GAPB,6.800000000000001,8,-0.01722513324620678
GAPB,6.9,8,-0.017661526657819948
GAPB,7.0,8,-0.018074443777233995
GAPB,7.1000000000000005,8,-0.018471104396061477
GAPB,7.2,8,-0.018856837594821485
GAPB,7.300000000000001,8,-0.01923538704111749
GAPB,7.4,8,-0.01960917377831528
GAPB,7.5,8,-0.019979522135884054
GAPB,7.6000000000000005,8,-0.020346862188704407
GAPB,7.7,8,-0.0207109671705048
GAPB,7.800000000000001,8,-0.021071138861003647
GAPB,7.9,8,-0.021426351041844427
GAPB,8.0,8,-0.02177535934464281
GAPB,8.1,8,-0.02211678432950137
GAPB,8.200000000000001,8,-0.022449173390509003
GAPB,8.3,8,-0.02277104604917035
GAPB,8.4,8,-0.023080926335406815
GAPB,8.5,8,-0.023377365241701753
GAPB,8.6,8,-0.023658955645917246
GAPB,8.700000000000001,8,-0.023924341612392652
GAPB,8.8,8,-0.024172358678592687
GAPB,8.9,8,-0.024402057783664333
GAPB,9.0,8,-0.024612648487659428
GAPB,9.1,8,-0.024803452360114164
GAPB,9.200000000000001,8,-0.02497386549147329
GAPB,9.3,8,-0.025123336736189827
GAPB,9.4,8,-0.025251381967230202
GAPB,9.5,8,-0.0253579173276961
GAPB,9.600000000000001,8,-0.025444354992057328
GAPB,9.700000000000001,8,-0.025511762228996204
GAPB,9.8,8,-0.025560913479226954
GAPB,9.9,8,-0.025685946982221708
GAPB,10.0,8,-0.02590052445707869
GAPB,10.100000000000001,8,-0.02619172483668386
GAPB,10.200000000000001,8,-0.02654766863095226
GAPB,10.3,8,-0.026957413425575893
GAPB,10.4,8,-0.02741086135807791
GAPB,10.5,8,-0.027898677411794637
GAPB,10.600000000000001,8,-0.028412957778401804
GAPB,10.700000000000001,8,-0.028947002256341392
GAPB,10.8,8,-0.02949507956768116
GAPB,10.9,8,-0.03005223337019025
GAPB,11.0,8,-0.03061412280743525
GAPB,11.100000000000001,8,-0.031176892283554025
GAPB,11.200000000000001,8,-0.03173706588778913
GAPB,11.3,8,-0.03229146253855397
GAPB,11.4,8,-0.032837128478385935
GAPB,11.5,8,-0.03337128423930125
GAPB,11.600000000000001,8,-0.03389128362178795
GAPB,11.700000000000001,8,-0.03439458259744477
GAPB,11.8,8,-0.03487871636216866
GAPB,11.9,8,-0.035342263653578954
GAPB,12.0,8,-0.03578501017007518
GAPB,12.100000000000001,8,-0.03620625629307739
GAPB,12.200000000000001,8,-0.03660489427394964
GAPB,12.3,8,-0.03697985914300794
GAPB,12.4,8,-0.037330129560951164
GAPB,12.5,8,-0.037654687416022625
GAPB,12.600000000000001,8,-0.037952489935367595
GAPB,12.700000000000001,8,-0.038237120498740396
GAPB,12.8,8,-0.038508585629399406
GAPB,12.9,8,-0.03876358471671715
GAPB,13.0,8,-0.03899893859082404
GAPB,13.100000000000001,8,-0.039211586773953755
GAPB,13.200000000000001,8,-0.03939858828191589
GAPB,13.3,8,-0.03955712478200191
GAPB,13.4,8,-0.03968450517809785
GAPB,13.5,8,-0.03978455769793676
GAPB,13.600000000000001,8,-0.039861997648721115
GAPB,13.700000000000001,8,-0.03992044368066594
GAPB,13.8,8,-0.039962572644679284
GAPB,13.9,8,-0.039990256495741505
GAPB,14.0,8,-0.04000468305218341
GAPB,14.100000000000001,8,-0.04000646226668181
GAPB,14.200000000000001,8,-0.03999571952021874
GAPB,14.3,8,-0.03997217731544822
GAPB,14.4,8,-0.03993522662080551
GAPB,14.5,8,-0.039883989001261
GAPB,14.600000000000001,8,-0.039819681970458376
GAPB,14.700000000000001,8,-0.03976156497818906
GAPB,14.8,8,-0.03970555639120654
GAPB,14.9,8,-0.03964758665030921
GAPB,15.0,8,-0.039583643674252045
GAPB,15.100000000000001,8,-0.039512040633992385
GAPB,15.200000000000001,8,-0.03943310649817633
GAPB,15.3,8,-0.03934661505425652
GAPB,15.4,8,-0.03925188890431208
GAPB,15.5,8,-0.03914788723123053
GAPB,15.600000000000001,8,-0.039033279737230586
GAPB,15.700000000000001,8,-0.038906508836284104
GAPB,15.8,8,-0.038765841900094244
GAPB,15.9,8,-0.03860941510959748
GAPB,16.0,8,-0.038435301518239484
GAPB,16.1,8,-0.03824158041342862
GAPB,16.2,8,-0.0380263869621249
GAPB,16.3,8,-0.03778794624828308
GAPB,16.400000000000002,8,-0.03762045681572879
GAPB,16.5,8,-0.03757488217712002
GAPB,16.6,8,-0.037632951392149394
GAPB,16.7,8,-0.03777814921138578
GAPB,16.8,8,-0.03799553275795198
GAPB,16.900000000000002,8,-0.03827156545363941
GAPB,17.0,8,-0.0385939670230826
GAPB,17.1,8,-0.038951578421848154
GAPB,17.2,8,-0.039334240560567224
GAPB,17.3,8,-0.0397326857341298
GAPB,17.400000000000002,8,-0.04013844070960282
GAPB,17.5,8,-0.04054374047665377
GAPB,17.6,8,-0.04094146016215028
GAPB,17.7,8,-0.041325058753386656
GAPB,17.8,8,-0.04168852745780782
GAPB,17.900000000000002,8,-0.042026342478735046
GAPB,18.0,8,-0.04237172716580062
GAPB,18.1,8,-0.0427280379706918
GAPB,18.2,8,-0.043088260071391105
GAPB,18.3,8,-0.0434456738845288
GAPB,18.400000000000002,8,-0.043793845212004356
GAPB,18.5,8,-0.04412671688270109
GAPB,18.6,8,-0.04443860357973328
GAPB,18.7,8,-0.04472415118174489
GAPB,18.8,8,-0.04497830229942679
GAPB,18.900000000000002,8,-0.04519650614221149
GAPB,19.0,8,-0.04537491898925339
GAPB,19.1,8,-0.04551026992675311
GAPB,19.200000000000003,8,-0.04559974794503674
GAPB,19.3,8,-0.045640907652222396
GAPB,19.400000000000002,8,-0.04563159117006954
GAPB,19.5,8,-0.04556986405335017
GAPB,19.6,8,-0.045453963320342794
GAPB,19.700000000000003,8,-0.04528225590158996
GAPB,19.8,8,-0.045053206009734836
GAPB,19.900000000000002,8,-0.04476535010753757
GAPB,20.0,8,-0.04441728397867095
GAPB,20.1,8,-0.044007787772294193
GAPB,20.200000000000003,8,-0.043535799419682775
GAPB,20.3,8,-0.04300039225475594
GAPB,20.400000000000002,8,-0.042400756321498534
GAPB,20.5,8,-0.04173618289301295
GAPB,20.6,8,-0.04100605176658689
GAPB,20.700000000000003,8,-0.04020982093693526
GAPB,20.8,8,-0.03934701828585041
GAPB,20.900000000000002,8,-0.03841723496096883
GAPB,21.0,8,-0.03742012014939711
GAPB,21.1,8,-0.03635537698352209
GAPB,21.200000000000003,8,-0.03522275991975299
GAPB,21.3,8,-0.03402207369111032
GAPB,21.400000000000002,8,-0.0327531733610833
GAPB,21.5,8,-0.03141596508775102
GAPB,21.6,8,-0.030010407279235096
GAPB,21.700000000000003,8,-0.028536511885091542
GAPB,21.8,8,-0.026997356407436612
GAPB,21.900000000000002,8,-0.025402787473742805
GAPB,22.0,8,-0.023761342555847165
GAPB,22.1,8,-0.02208036561874671
GAPB,22.200000000000003,8,-0.020366114023216753
GAPB,22.3,8,-0.01862385719224946
GAPB,22.400000000000002,8,-0.01685796754404123
GAPB,22.5,8,-0.015072004185253007
GAPB,22.6,8,-0.013268789847410645
GAPB,22.700000000000003,8,-0.011450481536817492
GAPB,22.8,8,-0.009618635354266658
GAPB,22.900000000000002,8,-0.007774265925378998
GAPB,23.0,8,-0.005917900865581416
GAPB,23.1,8,-0.004049630685880601
GAPB,23.200000000000003,8,-0.0021691545267437107
GAPB,23.3,8,-0.0002758220877847606
GAPB,23.400000000000002,8,0.0016313278992132751
GAPB,23.5,8,0.0035535323270678987
GAPB,23.6,8,0.005492271193711318
GAPB,23.700000000000003,8,0.007449237621383276
GAPB,23.8,8,0.00942631015031381
GAPB,23.900000000000002,8,0.011425527063410712
GAPB,24.0,8,0.013449062510408893
GAPB,24.1,8,0.015499192946895946
GAPB,24.200000000000003,8,0.017578257980808587
GAPB,24.3,8,0.019688627442866036
GAPB,24.400000000000002,8,0.021832673757893772
GAPB,24.5,8,0.02401274880802262
GAPB,24.6,8,0.026231164580895694
GAPB,24.700000000000003,8,0.02845941424625842
GAPB,24.8,8,0.030534432812341805
GAPB,24.900000000000002,8,0.03247464818512569
GAPB,25.0,8,0.034297634487106876
GAPB,25.1,8,0.036020140558935765
GAPB,25.200000000000003,8,0.03765811803322627
GAPB,25.3,8,0.039226748801318934
GAPB,25.400000000000002,8,0.040740471725040805
GAPB,25.5,8,0.04221300847319753
GAPB,25.6,8,0.04365738838708211
GAPB,25.700000000000003,8,0.04508597230097244
GAPB,25.8,8,0.046510475261465345
GAPB,25.900000000000002,8,0.047941988097647936
GAPB,26.0,8,0.04939099780447975
GAPB,26.1,8,0.050867406713527075
GAPB,26.200000000000003,8,0.052380550437565176
GAPB,26.3,8,0.05393921458807682
GAPB,26.400000000000002,8,0.055551650276875364
GAPB,26.5,8,0.05722558842469283
GAPB,26.6,8,0.05896825291042873
GAPB,26.700000000000003,8,0.060786372604713534
GAPB,26.8,8,0.06268619234043982
GAPB,26.900000000000002,8,0.06467348233787362
GAPB,27.0,8,0.06675328555975213
GAPB,27.1,8,0.0689298149506179
GAPB,27.200000000000003,8,0.07120653988430092
GAPB,27.3,8,0.07358626183595618
GAPB,27.400000000000002,8,0.07607118035464389
GAPB,27.5,8,0.07866295034958704
GAPB,27.6,8,0.08136273163978025
GAPB,27.700000000000003,8,0.08417123165333784
GAPB,27.8,8,0.0870887421004145
GAPB,27.900000000000002,8,0.09011517038219097
GAPB,28.0,8,0.09325006643866196
GAPB,28.1,8,0.09649264568009919
GAPB,28.200000000000003,8,0.09984180859126646
GAPB,28.3,8,0.1032961575439284
GAPB,28.400000000000002,8,0.10685400977726722
GAPB,28.5,8,0.11051340726914383
GAPB,28.6,8,0.11427212444992563
GAPB,28.700000000000003,8,0.11812767453895567
GAPB,28.8,8,0.12207731513523257
GAPB,28.900000000000002,8,0.12611805356576689
GAPB,29.0,8,0.13024665238497235
GAPB,29.1,8,0.13445963532415028
GAPB,29.200000000000003,8,0.13875329390976887
GAPB,29.3,8,0.1431236949010639
GAPB,29.400000000000002,8,0.14756668864002087
GAPB,29.5,8,0.15207791835881146
GAPB,29.6,8,0.15665283044990375
GAPB,29.700000000000003,8,0.16128665345134507
GAPB,29.8,8,0.16597437061489195
GAPB,29.900000000000002,8,0.1707042864537449
GAPB,30.0,8,0.17546342799938586
GAPB,30.1,8,0.18023977319192674
GAPB,30.200000000000003,8,0.18502215966558033
GAPB,30.3,8,0.1898002068798874
GAPB,30.400000000000002,8,0.19456424964059416
GAPB,30.5,8,0.19930528131238212
GAPB,30.6,8,0.20401490524959875
GAPB,30.700000000000003,8,0.20868529316562778
GAPB,30.8,8,0.2133091493310051
GAPB,30.900000000000002,8,0.21787967963839172
GAPB,31.0,8,0.22239056470209562
GAPB,31.1,8,0.2268359362736181
GAPB,31.200000000000003,8,0.23121012116724238
GAPB,31.3,8,0.23550743239584548
GAPB,31.400000000000002,8,0.2397222690964007
GAPB,31.5,8,0.24384919901549829
GAPB,31.6,8,0.24788302557993802
GAPB,31.700000000000003,8,0.25181884138071275
GAPB,31.8,8,0.25565206971905496
GAPB,31.900000000000002,8,0.2593784956994636
GAPB,32.0,8,0.26299428820306403
GAPB,32.1,8,0.2664960139347805
GAPB,32.2,8,0.26988064461087014
GAPB,32.300000000000004,8,0.273145558239408
GAPB,32.4,8,0.27628853534478104
GAPB,32.5,8,0.27930775089715354
GAPB,32.6,8,0.2822017348503927
GAPB,32.7,8,0.2849685245373266
GAPB,32.800000000000004,8,0.2874482096222053
GAPB,32.9,8,0.28963819006610336
GAPB,33.0,8,0.2915494192310266
GAPB,33.1,8,0.29319306659961875
GAPB,33.2,8,0.29458047697243295
GAPB,33.300000000000004,8,0.29572312527379374
GAPB,33.4,8,0.29663256925721626
GAPB,33.5,8,0.29732040181158936
GAPB,33.6,8,0.29779820410625746
GAPB,33.7,8,0.29807750045215187
GAPB,33.800000000000004,8,0.29816971547722915
GAPB,33.9,8,0.2979939103106659
GAPB,34.0,8,0.2975733753176044
GAPB,34.1,8,0.296933815884838
GAPB,34.2,8,0.2960988068244319
GAPB,34.300000000000004,8,0.29508995912862446
GAPB,34.4,8,0.2939270712524724
GAPB,34.5,8,0.2926282665505191
GAPB,34.6,8,0.29121011829480636
GAPB,34.7,8,0.2896877635339692
GAPB,34.800000000000004,8,0.28807500691100607
GAPB,34.9,8,0.2863844154193327
GAPB,35.0,8,0.2846274048426025
GAPB,35.1,8,0.2828143185113383
GAPB,35.2,8,0.28095449896647473
GAPB,35.300000000000004,8,0.2790563531120025
GAPB,35.4,8,0.2771274114438462
GAPB,35.5,8,0.2751722559547076
GAPB,35.6,8,0.27318447493840203
GAPB,35.7,8,0.2711597529096128
GAPB,35.800000000000004,8,0.2690953609706135
GAPB,35.9,8,0.2669897564439143
GAPB,36.0,8,0.2648422698707229
GAPB,36.1,8,0.2626528616386068
GAPB,36.2,8,0.2604219339126601
GAPB,36.300000000000004,8,0.25815018633248243
GAPB,36.4,8,0.25583850621056214
GAPB,36.5,8,0.2534878858164067
GAPB,36.6,8,0.2510993608301426
GAPB,36.7,8,0.24867396526177465
GAPB,36.800000000000004,8,0.24621269910984367
GAPB,36.9,8,0.2437165058188313
GAPB,37.0,8,0.24118625722408638
GAPB,37.1,8,0.23862274417546736
GAPB,37.2,8,0.2360266714307322
GAPB,37.300000000000004,8,0.23339865572665097
GAPB,37.4,8,0.23073922618615583
GAPB,37.5,8,0.22804882641684543
GAPB,37.6,8,0.2253278178105269
GAPB,37.7,8,0.22257648367402894
GAPB,37.800000000000004,8,0.21979503391515465
GAPB,37.9,8,0.2169836093812858
GAPB,38.0,8,0.21414228476464103
GAPB,38.1,8,0.21127106981538724
GAPB,38.2,8,0.20836990908987296
GAPB,38.300000000000004,8,0.2054386807113353
GAPB,38.400000000000006,8,0.20245557024684047
GAPB,38.5,8,0.19931311132757124
GAPB,38.6,8,0.19602611125749192
GAPB,38.7,8,0.19260684879876955
GAPB,38.800000000000004,8,0.1890656058982767
GAPB,38.900000000000006,8,0.18541109829746105
GAPB,39.0,8,0.18165082279470113
GAPB,39.1,8,0.17779133602443764
GAPB,39.2,8,0.1738384771478234
GAPB,39.300000000000004,8,0.16979754475793563
GAPB,39.400000000000006,8,0.16567343653726674
GAPB,39.5,8,0.16147075872019911
GAPB,39.6,8,0.15719391116823367
GAPB,39.7,8,0.15284715282521866
GAPB,39.800000000000004,8,0.14843465145313317
GAPB,39.900000000000006,8,0.14396052082917343
GAPB,40.0,8,0.13942884798919408
GAPB,40.1,8,0.1348437126109836
GAPB,40.2,8,0.13020920022666616
GAPB,40.300000000000004,8,0.12552941062226353
GAPB,40.400000000000006,8,0.12080846251187438
GAPB,40.5,8,0.11605049534820999
GAPB,40.6,8,0.11125966894441852
GAPB,40.7,8,0.10644016143126578
GAPB,40.800000000000004,8,0.10159616595472265
GAPB,40.900000000000006,8,0.09673187678244588
GAPB,41.0,8,0.09185146620210816
GAPB,41.1,8,0.0869590585866451
GAPB,41.2,8,0.08205870570169616
GAPB,41.300000000000004,8,0.07715436565857203
GAPB,41.400000000000006,8,0.07224988672691168
GAPB,41.5,8,0.06733733078192294
GAPB,41.6,8,0.06240858174422037
GAPB,41.7,8,0.05745821733043499
GAPB,41.800000000000004,8,0.05248304978088569
GAPB,41.900000000000006,8,0.04748173774591535
GAPB,42.0,8,0.042454459075296214
GAPB,42.1,8,0.03740263557634904
GAPB,42.2,8,0.03232870196935522
GAPB,42.300000000000004,8,0.027235912294681697
GAPB,42.400000000000006,8,0.02212817793457944
GAPB,42.5,8,0.017009932218492452
GAPB,42.6,8,0.011886017294783002
GAPB,42.7,8,0.006761589583033967
GAPB,42.800000000000004,8,0.0016420406768542506
GAPB,42.900000000000006,8,-0.0034670689458859982
GAPB,43.0,8,-0.00856006562431233
GAPB,43.1,8,-0.013631209478964124
GAPB,43.2,8,-0.01867473417538612
GAPB,43.300000000000004,8,-0.023684880753455317
GAPB,43.400000000000006,8,-0.028655926560885447
GAPB,43.5,8,-0.03358221017762553
GAPB,43.6,8,-0.03845815311346534
GAPB,43.7,8,-0.04327827894477032
GAPB,43.800000000000004,8,-0.04803723050046038
GAPB,43.900000000000006,8,-0.05272990082339035
GAPB,44.0,8,-0.05735153936042536
GAPB,44.1,8,-0.061897806090847496
GAPB,44.2,8,-0.06636478908695587
GAPB,44.300000000000004,8,-0.07074899734332263
GAPB,44.400000000000006,8,-0.07509949719341691
GAPB,44.5,8,-0.07950108752340768
GAPB,44.6,8,-0.08393532667234105
GAPB,44.7,8,-0.0883856146866453
GAPB,44.800000000000004,8,-0.09283698667284312
GAPB,44.900000000000006,8,-0.09727592776207139
GAPB,45.0,8,-0.10169020886220537
GAPB,45.1,8,-0.10606874188649584
GAPB,45.2,8,-0.11040145286736802
GAPB,45.300000000000004,8,-0.11467917123427362
GAPB,45.400000000000006,8,-0.11889353351160992
GAPB,45.5,8,-0.12303689974327447
GAPB,45.6,8,-0.12710228104894483
GAPB,45.7,8,-0.13108327684460797
GAPB,45.800000000000004,8,-0.1349740215725017
GAPB,45.900000000000006,8,-0.1387691434369529
GAPB,46.0,8,-0.14246373127688905
GAPB,46.1,8,-0.14605330679351702
GAPB,46.2,8,-0.14953380018440932
GAPB,46.300000000000004,8,-0.1529015278651915
GAPB,46.400000000000006,8,-0.1561531714296045
GAPB,46.5,8,-0.15928575768597142
GAPB,46.6,8,-0.1622966398499841
GAPB,46.7,8,-0.16518347989498672
GAPB,46.800000000000004,8,-0.16794423201452524
GAPB,46.900000000000006,8,-0.1705786679028538
GAPB,47.0,8,-0.17308783149934115
GAPB,47.1,8,-0.175473612221289
GAPB,47.2,8,-0.17773841609334085
GAPB,47.300000000000004,8,-0.17988491622977243
GAPB,47.400000000000006,8,-0.18191586727517794
GAPB,47.5,8,-0.1838340154355187
GAPB,47.6,8,-0.18564204577863208
GAPB,47.7,8,-0.1873425400949973
GAPB,47.800000000000004,8,-0.1889379442911494
GAPB,47.900000000000006,8,-0.19043054428884965
GAPB,48.0,8,-0.19182244942800608
GAPB,48.1,8,-0.19311558241334126
GAPB,48.2,8,-0.19431167489872792
GAPB,48.300000000000004,8,-0.19541226786452093
GAPB,48.400000000000006,8,-0.19641871600908267
GAPB,48.5,8,-0.19733219544335334
GAPB,48.6,8,-0.19815371404495252
GAPB,48.7,8,-0.19888412389464705
GAPB,48.800000000000004,8,-0.199524135281834
GAPB,48.900000000000006,8,-0.20007433182662204
GAPB,49.0,8,-0.20053518632335887
GAPB,49.1,8,-0.2009070769640342
GAPB,49.2,8,-0.20119030364961255
GAPB,49.300000000000004,8,-0.2013851041429735
GAPB,49.400000000000006,8,-0.20149167030493942
GAPB,49.5,8,-0.20151016961268198
GAPB,49.6,8,-0.2014410913100395
GAPB,49.7,8,-0.20128552345124717
GAPB,49.800000000000004,8,-0.2010507871816074
GAPB,49.900000000000006,8,-0.2007539838782897
GAPB,50.0,8,-0.20040871594839693
GAPB,50.1,8,-0.2000256171616268
GAPB,50.2,8,-0.19961281256953
GAPB,50.300000000000004,8,-0.19917631674331915
GAPB,50.400000000000006,8,-0.19872037801562747
GAPB,50.5,8,-0.19824777549427353
GAPB,50.6,8,-0.19776007480985136
GAPB,50.7,8,-0.19725784784888667
GAPB,50.800000000000004,8,-0.1967408610977781
GAPB,50.900000000000006,8,-0.19620823666919307
GAPB,51.0,8,-0.1956585895931191
GAPB,51.1,8,-0.1950901445215969
GAPB,51.2,8,-0.19450083461272705
GAPB,51.300000000000004,8,-0.19388838502010586
GAPB,51.400000000000006,8,-0.19325038311335518
GAPB,51.5,8,-0.19258433728950664
GAPB,51.6,8,-0.19188772599979487
GAPB,51.7,8,-0.19115803840855605
GAPB,51.800000000000004,8,-0.19039280791724522
GAPB,51.900000000000006,8,-0.1895896396245771
GAPB,52.0,8,-0.18874917168407102
GAPB,52.1,8,-0.1878754922063024
GAPB,52.2,8,-0.18697156074557064
GAPB,52.300000000000004,8,-0.18603937969612616
GAPB,52.400000000000006,8,-0.1850801688692183
GAPB,52.5,8,-0.1840945264487619
GAPB,52.6,8,-0.1830825640297089
GAPB,52.7,8,-0.18204401952572802
GAPB,52.800000000000004,8,-0.18112562829047008
GAPB,52.900000000000006,8,-0.18034064453262033
GAPB,53.0,8,-0.17966768487806384
GAPB,53.1,8,-0.17908735280319377
GAPB,53.2,8,-0.17858205821465312
GAPB,53.300000000000004,8,-0.17813585303172808
GAPB,53.400000000000006,8,-0.17773428156676552
GAPB,53.5,8,-0.17736424455854483
GAPB,53.6,8,-0.17701387577583283
GAPB,53.7,8,-0.1766724301719531
GAPB,53.800000000000004,8,-0.17633018263473943
GAPB,53.900000000000006,8,-0.17597833643910654
GAPB,54.0,8,-0.17560894057064225
GAPB,54.1,8,-0.17521481514785897
GAPB,54.2,8,-0.17478948422754037
GAPB,54.300000000000004,8,-0.17432711533167833
GAPB,54.400000000000006,8,-0.17382246508581112
GAPB,54.5,8,-0.17327083040686375
GAPB,54.6,8,-0.17271638752383467
GAPB,54.7,8,-0.17216987638348868
GAPB,54.800000000000004,8,-0.17162296362268847
GAPB,54.900000000000006,8,-0.17106781748255528
GAPB,55.0,8,-0.17049709044537842
GAPB,55.1,8,-0.16990390289517876
GAPB,55.2,8,-0.16928182776622336
GAPB,55.300000000000004,8,-0.16862500826637472
GAPB,55.400000000000006,8,-0.16792837306840802
GAPB,55.5,8,-0.16718754746878695
GAPB,55.6,8,-0.16639877434779393
GAPB,55.7,8,-0.1655588440574025
GAPB,55.800000000000004,8,-0.16466503266089738
GAPB,55.900000000000006,8,-0.16371504828083872
GAPB,56.0,8,-0.16270698462127164
GAPB,56.1,8,-0.16163928081977197
GAPB,56.2,8,-0.16051068686591208
GAPB,56.300000000000004,8,-0.15932023389596672
GAPB,56.400000000000006,8,-0.15806720874019398
GAPB,56.5,8,-0.15675113215949743
GAPB,56.6,8,-0.15537174026347955
GAPB,56.7,8,-0.15392896865242633
GAPB,56.800000000000004,8,-0.1524229388722116
GAPB,56.900000000000006,8,-0.1508539468138288
GAPB,57.0,8,-0.14922245272885704
GAPB,57.1,8,-0.14752907256871772
GAPB,57.2,8,-0.14577457038963182
GAPB,57.300000000000004,8,-0.1439598515967262
GAPB,57.400000000000006,8,-0.14208595683015446
GAPB,57.5,8,-0.14015405632376954
GAPB,57.6,8,-0.13816544459266566
GAPB,57.7,8,-0.1361215353295524
GAPB,57.800000000000004,8,-0.1340238564116678
GAPB,57.900000000000006,8,-0.1318740449427409
GAPB,58.0,8,-0.1296738422844257
GAPB,58.1,8,-0.12742508904133842
GAPB,58.2,8,-0.12513025626232022
GAPB,58.300000000000004,8,-0.12279893741720116
GAPB,58.400000000000006,8,-0.12043966100497094
GAPB,58.5,8,-0.11805998414929064
GAPB,58.6,8,-0.11566657914360867
GAPB,58.7,8,-0.1132653156670198
GAPB,58.800000000000004,8,-0.11086135002262765
GAPB,58.900000000000006,8,-0.10845920480236693
GAPB,59.0,8,-0.10606283993207732
GAPB,59.1,8,-0.10367571596552239
GAPB,59.2,8,-0.10130085041844694
GAPB,59.300000000000004,8,-0.09894086786284717
GAPB,59.400000000000006,8,-0.09659804443662168
GAPB,59.5,8,-0.09427434736404905
GAPB,59.6,8,-0.09197147002768169
GAPB,59.7,8,-0.08969086308159113
GAPB,59.800000000000004,8,-0.08743376204933284
GAPB,59.900000000000006,8,-0.08520121180689522
GAPB,60.0,8,-0.08299408831121902
GAPB,60.1,8,-0.08081311789823609
GAPB,60.2,8,-0.07865889444776286
GAPB,60.300000000000004,8,-0.0765318946878022
GAPB,60.400000000000006,8,-0.07443249191382684
GAPB,60.5,8,-0.07236096849440621
GAPB,60.6,8,-0.07031752727528584
GAPB,60.7,8,-0.06830230198307419
GAPB,60.800000000000004,8,-0.06631536671953953
GAPB,60.900000000000006,8,-0.06435674462825602
GAPB,61.0,8,-0.06242641580677066
GAPB,61.1,8,-0.06052432452947798
GAPB,61.2,8,-0.05877596340166136
GAPB,61.300000000000004,8,-0.05719374599742544
GAPB,61.400000000000006,8,-0.05576353797365208
GAPB,61.5,8,-0.054471872879403804
GAPB,61.6,8,-0.05330592982259574
GAPB,61.7,8,-0.052253820164418485
GAPB,61.800000000000004,8,-0.05130451210940734
GAPB,61.900000000000006,8,-0.05044783297569033
GAPB,62.0,8,-0.04967437182702028
GAPB,62.1,8,-0.048975395463392246
GAPB,62.2,8,-0.04834277599861814
GAPB,62.300000000000004,8,-0.047768928487281315
GAPB,62.400000000000006,8,-0.04724675726619765
GAPB,62.5,8,-0.046769609850867866
GAPB,62.6,8,-0.04633123737908029
GAPB,62.7,8,-0.04592576072500165
GAPB,62.800000000000004,8,-0.04554764152034707
GAPB,62.900000000000006,8,-0.04519165759190358
GAPB,63.0,8,-0.044852882519558435
GAPB,63.1,8,-0.044526668656455826
GAPB,63.2,8,-0.04420863708557832
GAPB,63.300000000000004,8,-0.04389467063877461
GAPB,63.400000000000006,8,-0.043580907243125466
GAPB,63.5,8,-0.04326374351362716
GAPB,63.6,8,-0.04293985175141657
GAPB,63.7,8,-0.04260616760221936
GAPB,63.800000000000004,8,-0.04225987865217817
GAPB,63.900000000000006,8,-0.04189841387135296
GAPB,64.0,8,-0.041519433822118756
GAPB,64.10000000000001,8,-0.04112109386738538
GAPB,64.2,8,-0.040703374371055645
GAPB,64.3,8,-0.04026606576686653
GAPB,64.4,8,-0.039808839864944545
GAPB,64.5,8,-0.039331312057679924
GAPB,64.60000000000001,8,-0.03883817195059258
GAPB,64.7,8,-0.038334134104310635
GAPB,64.8,8,-0.037822958113411076
GAPB,64.9,8,-0.03730759382214899
GAPB,65.0,8,-0.03679030623262136
